python : WARNING:app.data.preprocessor:TA-Lib not available. 
Using pure Python implementations (slower but functional).
At line:1 char:1
+ python train_model.py 2>&1 | Out-File -FilePath 
training_output.log - ...
+ ~~~~~~~~~~~~~~~~~~~~~~~~~~
    + CategoryInfo          : NotSpecified: (WARNING:app.dat.. 
   .ut functional).:String) [], RemoteException
    + FullyQualifiedErrorId : NativeCommandError
 
INFO:__main__:
============================================================
INFO:__main__:NEURO-ECONOMETRIC MARKET ALPHA ENGINE
INFO:__main__:Production Training Pipeline
INFO:__main__:=================================================
===========
INFO:__main__:Start time: 2026-02-02 18:42:43
INFO:__main__:Device: cpu
INFO:__main__:Ticker: ^GSPC
INFO:__main__:Date range: 2015-01-01 to 2024-12-31
INFO:__main__:=================================================
===========
INFO:__main__:DATA PREPARATION PIPELINE
INFO:__main__:=================================================
===========
INFO:__main__:
[1/4] Loading data for ^GSPC...
INFO:__main__:\u2713 Found local data file: data/GSPC_ohlcv.csv
INFO:app.data.loader:Loading OHLCV data from local CSV: 
data/GSPC_ohlcv.csv
INFO:app.data.loader:Loaded 2609 rows from local CSV: 
data/GSPC_ohlcv.csv
C:\Users\Mohamed 
Zayaan\Downloads\Market_Alpha_Engine\app\data\loader.py:185: 
FutureWarning: DataFrame.fillna with 'method' is deprecated 
and will raise in a future version. Use obj.ffill() or 
obj.bfill() instead.
  df = df.fillna(method='ffill')
WARNING:app.data.loader:NewsAPI key not configured. Returning 
empty DataFrame.
INFO:__main__:\u2713 Loaded 2609 trading days
INFO:__main__:\u2713 Loaded 0 news articles
INFO:__main__:
[2/4] Analyzing sentiment with FinBERT...
WARNING:__main__:No news data available, proceeding without 
sentiment
INFO:__main__:
[3/4] Computing technical indicators...
INFO:app.data.preprocessor:Computing technical indicators with 
pure Python...
INFO:app.data.preprocessor:Computed 13 technical indicators
INFO:__main__:\u2713 Computed 13 indicators
INFO:__main__:
[4/4] Preprocessing and normalization...
INFO:app.data.preprocessor:ADF Test - Statistic: 0.7639, 
p-value: 0.9910, Stationary: False
C:\Users\Mohamed Zayaan\Downloads\Market_Alpha_Engine\app\data\
preprocessor.py:127: InterpolationWarning: The test statistic 
is outside of the range of p-values available in the
look-up table. The actual p-value is smaller than the p-value 
returned.

  result = kpss(series_clean, regression=regression, 
nlags='auto')
INFO:app.data.preprocessor:KPSS Test - Statistic: 8.2492, 
p-value: 0.0100, Stationary: False
INFO:app.data.preprocessor:Applying differencing of order 1
INFO:app.data.preprocessor:ADF Test - Statistic: -14.6808, 
p-value: 0.0000, Stationary: True
C:\Users\Mohamed Zayaan\Downloads\Market_Alpha_Engine\app\data\
preprocessor.py:127: InterpolationWarning: The test statistic 
is outside of the range of p-values available in the
look-up table. The actual p-value is greater than the p-value 
returned.

  result = kpss(series_clean, regression=regression, 
nlags='auto')
INFO:app.data.preprocessor:KPSS Test - Statistic: 0.1897, 
p-value: 0.1000, Stationary: True
INFO:app.data.preprocessor:Series is stationary after 1 
difference(s)
C:\Users\Mohamed Zayaan\Downloads\Market_Alpha_Engine\app\data\
preprocessor.py:617: FutureWarning: DataFrame.fillna with 
'method' is deprecated and will raise in a future version. Use 
obj.ffill() or obj.bfill() instead.
  df_processed = 
df_processed.fillna(method='ffill').fillna(method='bfill')
INFO:app.data.preprocessor:Preprocessing complete. Shape: 
(2609, 19)
INFO:__main__:\u2713 Preprocessed data shape: (2609, 19)
INFO:__main__:\u2713 Feature count: 19
INFO:__main__:Dataset initialized with 2026 samples
INFO:__main__:Dataset initialized with 461 samples
INFO:__main__:
DataLoader created:
INFO:__main__:  Training samples: 2026
INFO:__main__:  Validation samples: 461
INFO:__main__:  Batch size: 32
INFO:__main__:  Training batches: 64
INFO:__main__:  Validation batches: 15
INFO:app.models.econometrics:Fitting ARDL model with lags=5, 
trend=c
C:\Anaconda\Lib\site-packages\statsmodels\tsa\base\tsa_model.py
:473: ValueWarning: No frequency information was provided, so 
inferred frequency B will be used.
  self._init_dates(dates, freq)
INFO:app.models.econometrics:ARDL fitted successfully. AIC: 
456.40, BIC: 470.45
INFO:app.models.econometrics:Fitting ARDL model with lags=5, 
trend=c
C:\Anaconda\Lib\site-packages\statsmodels\tsa\base\tsa_model.py
:473: ValueWarning: No frequency information was provided, so 
inferred frequency B will be used.
  self._init_dates(dates, freq)
INFO:app.models.econometrics:ARDL fitted successfully. AIC: 
456.53, BIC: 470.58
INFO:app.models.econometrics:Fitting ARDL model with lags=5, 
trend=c
C:\Anaconda\Lib\site-packages\statsmodels\tsa\base\tsa_model.py
:473: ValueWarning: No frequency information was provided, so 
inferred frequency B will be used.
  self._init_dates(dates, freq)
INFO:app.models.econometrics:ARDL fitted successfully. AIC: 
450.99, BIC: 465.04
INFO:app.models.econometrics:Fitting ARDL model with lags=5, 
trend=c
C:\Anaconda\Lib\site-packages\statsmodels\tsa\base\tsa_model.py
:473: ValueWarning: No frequency information was provided, so 
inferred frequency B will be used.
  self._init_dates(dates, freq)
INFO:app.models.econometrics:ARDL fitted successfully. AIC: 
448.54, BIC: 462.59
INFO:app.models.econometrics:Fitting ARDL model with lags=5, 
trend=c
C:\Anaconda\Lib\site-packages\statsmodels\tsa\base\tsa_model.py
:473: ValueWarning: No frequency information was provided, so 
inferred frequency B will be used.
  self._init_dates(dates, freq)
INFO:app.models.econometrics:ARDL fitted successfully. AIC: 
449.59, BIC: 463.64
INFO:app.models.econometrics:Fitting ARDL model with lags=5, 
trend=c
C:\Anaconda\Lib\site-packages\statsmodels\tsa\base\tsa_model.py
:473: ValueWarning: No frequency information was provided, so 
inferred frequency B will be used.
  self._init_dates(dates, freq)
INFO:app.models.econometrics:ARDL fitted successfully. AIC: 
446.46, BIC: 460.51
INFO:app.models.econometrics:Fitting ARDL model with lags=5, 
trend=c
C:\Anaconda\Lib\site-packages\statsmodels\tsa\base\tsa_model.py
:473: ValueWarning: No frequency information was provided, so 
inferred frequency B will be used.
  self._init_dates(dates, freq)
INFO:app.models.econometrics:ARDL fitted successfully. AIC: 
446.96, BIC: 461.01
INFO:app.models.econometrics:Fitting ARDL model with lags=5, 
trend=c
C:\Anaconda\Lib\site-packages\statsmodels\tsa\base\tsa_model.py
:473: ValueWarning: No frequency information was provided, so 
inferred frequency B will be used.
  self._init_dates(dates, freq)
INFO:app.models.econometrics:ARDL fitted successfully. AIC: 
445.19, BIC: 459.24
INFO:app.models.econometrics:Fitting ARDL model with lags=5, 
trend=c
C:\Anaconda\Lib\site-packages\statsmodels\tsa\base\tsa_model.py
:473: ValueWarning: No frequency information was provided, so 
inferred frequency B will be used.
  self._init_dates(dates, freq)
INFO:app.models.econometrics:ARDL fitted successfully. AIC: 
443.09, BIC: 457.14
INFO:app.models.econometrics:Fitting ARDL model with lags=5, 
trend=c
C:\Anaconda\Lib\site-packages\statsmodels\tsa\base\tsa_model.py
:473: ValueWarning: No frequency information was provided, so 
inferred frequency B will be used.
  self._init_dates(dates, freq)
INFO:app.models.econometrics:ARDL fitted successfully. AIC: 
444.65, BIC: 458.70
INFO:app.models.econometrics:Fitting ARDL model with lags=5, 
trend=c
C:\Anaconda\Lib\site-packages\statsmodels\tsa\base\tsa_model.py
:473: ValueWarning: No frequency information was provided, so 
inferred frequency B will be used.
  self._init_dates(dates, freq)
INFO:app.models.econometrics:ARDL fitted successfully. AIC: 
444.02, BIC: 458.07
INFO:app.models.econometrics:Fitting ARDL model with lags=5, 
trend=c
C:\Anaconda\Lib\site-packages\statsmodels\tsa\base\tsa_model.py
:473: ValueWarning: No frequency information was provided, so 
inferred frequency B will be used.
  self._init_dates(dates, freq)
INFO:app.models.econometrics:ARDL fitted successfully. AIC: 
444.82, BIC: 458.87
INFO:app.models.econometrics:Fitting ARDL model with lags=5, 
trend=c
C:\Anaconda\Lib\site-packages\statsmodels\tsa\base\tsa_model.py
:473: ValueWarning: No frequency information was provided, so 
inferred frequency B will be used.
  self._init_dates(dates, freq)
INFO:app.models.econometrics:ARDL fitted successfully. AIC: 
450.05, BIC: 464.10
INFO:app.models.econometrics:Fitting ARDL model with lags=5, 
trend=c
C:\Anaconda\Lib\site-packages\statsmodels\tsa\base\tsa_model.py
:473: ValueWarning: No frequency information was provided, so 
inferred frequency B will be used.
  self._init_dates(dates, freq)
INFO:app.models.econometrics:ARDL fitted successfully. AIC: 
449.81, BIC: 463.86
INFO:app.models.econometrics:Fitting ARDL model with lags=5, 
trend=c
C:\Anaconda\Lib\site-packages\statsmodels\tsa\base\tsa_model.py
:473: ValueWarning: No frequency information was provided, so 
inferred frequency B will be used.
  self._init_dates(dates, freq)
INFO:app.models.econometrics:ARDL fitted successfully. AIC: 
454.98, BIC: 469.03
INFO:app.models.econometrics:Fitting ARDL model with lags=5, 
trend=c
C:\Anaconda\Lib\site-packages\statsmodels\tsa\base\tsa_model.py
:473: ValueWarning: No frequency information was provided, so 
inferred frequency B will be used.
  self._init_dates(dates, freq)
INFO:app.models.econometrics:ARDL fitted successfully. AIC: 
458.12, BIC: 472.17
INFO:app.models.econometrics:Fitting ARDL model with lags=5, 
trend=c
C:\Anaconda\Lib\site-packages\statsmodels\tsa\base\tsa_model.py
:473: ValueWarning: No frequency information was provided, so 
inferred frequency B will be used.
  self._init_dates(dates, freq)
INFO:app.models.econometrics:ARDL fitted successfully. AIC: 
456.22, BIC: 470.28
INFO:app.models.econometrics:Fitting ARDL model with lags=5, 
trend=c
C:\Anaconda\Lib\site-packages\statsmodels\tsa\base\tsa_model.py
:473: ValueWarning: No frequency information was provided, so 
inferred frequency B will be used.
  self._init_dates(dates, freq)
INFO:app.models.econometrics:ARDL fitted successfully. AIC: 
456.81, BIC: 470.86
INFO:app.models.econometrics:Fitting ARDL model with lags=5, 
trend=c
C:\Anaconda\Lib\site-packages\statsmodels\tsa\base\tsa_model.py
:473: ValueWarning: No frequency information was provided, so 
inferred frequency B will be used.
  self._init_dates(dates, freq)
INFO:app.models.econometrics:ARDL fitted successfully. AIC: 
456.59, BIC: 470.64
INFO:app.models.econometrics:Fitting ARDL model with lags=5, 
trend=c
C:\Anaconda\Lib\site-packages\statsmodels\tsa\base\tsa_model.py
:473: ValueWarning: No frequency information was provided, so 
inferred frequency B will be used.
  self._init_dates(dates, freq)
INFO:app.models.econometrics:ARDL fitted successfully. AIC: 
455.63, BIC: 469.68
INFO:app.models.econometrics:Fitting ARDL model with lags=5, 
trend=c
C:\Anaconda\Lib\site-packages\statsmodels\tsa\base\tsa_model.py
:473: ValueWarning: No frequency information was provided, so 
inferred frequency B will be used.
  self._init_dates(dates, freq)
INFO:app.models.econometrics:ARDL fitted successfully. AIC: 
458.36, BIC: 472.41
INFO:app.models.econometrics:Fitting ARDL model with lags=5, 
trend=c
C:\Anaconda\Lib\site-packages\statsmodels\tsa\base\tsa_model.py
:473: ValueWarning: No frequency information was provided, so 
inferred frequency B will be used.
  self._init_dates(dates, freq)
INFO:app.models.econometrics:ARDL fitted successfully. AIC: 
458.13, BIC: 472.19
INFO:app.models.econometrics:Fitting ARDL model with lags=5, 
trend=c
C:\Anaconda\Lib\site-packages\statsmodels\tsa\base\tsa_model.py
:473: ValueWarning: No frequency information was provided, so 
inferred frequency B will be used.
  self._init_dates(dates, freq)
INFO:app.models.econometrics:ARDL fitted successfully. AIC: 
457.53, BIC: 471.58
INFO:app.models.econometrics:Fitting ARDL model with lags=5, 
trend=c
C:\Anaconda\Lib\site-packages\statsmodels\tsa\base\tsa_model.py
:473: ValueWarning: No frequency information was provided, so 
inferred frequency B will be used.
  self._init_dates(dates, freq)
INFO:app.models.econometrics:ARDL fitted successfully. AIC: 
460.05, BIC: 474.10
INFO:app.models.econometrics:Fitting ARDL model with lags=5, 
trend=c
C:\Anaconda\Lib\site-packages\statsmodels\tsa\base\tsa_model.py
:473: ValueWarning: No frequency information was provided, so 
inferred frequency B will be used.
  self._init_dates(dates, freq)
INFO:app.models.econometrics:ARDL fitted successfully. AIC: 
460.00, BIC: 474.06
INFO:app.models.econometrics:Fitting ARDL model with lags=5, 
trend=c
C:\Anaconda\Lib\site-packages\statsmodels\tsa\base\tsa_model.py
:473: ValueWarning: No frequency information was provided, so 
inferred frequency B will be used.
  self._init_dates(dates, freq)
INFO:app.models.econometrics:ARDL fitted successfully. AIC: 
460.14, BIC: 474.19
INFO:app.models.econometrics:Fitting ARDL model with lags=5, 
trend=c
C:\Anaconda\Lib\site-packages\statsmodels\tsa\base\tsa_model.py
:473: ValueWarning: No frequency information was provided, so 
inferred frequency B will be used.
  self._init_dates(dates, freq)
INFO:app.models.econometrics:ARDL fitted successfully. AIC: 
459.78, BIC: 473.83
INFO:app.models.econometrics:Fitting ARDL model with lags=5, 
trend=c
C:\Anaconda\Lib\site-packages\statsmodels\tsa\base\tsa_model.py
:473: ValueWarning: No frequency information was provided, so 
inferred frequency B will be used.
  self._init_dates(dates, freq)
INFO:app.models.econometrics:ARDL fitted successfully. AIC: 
456.93, BIC: 470.98
INFO:app.models.econometrics:Fitting ARDL model with lags=5, 
trend=c
C:\Anaconda\Lib\site-packages\statsmodels\tsa\base\tsa_model.py
:473: ValueWarning: No frequency information was provided, so 
inferred frequency B will be used.
  self._init_dates(dates, freq)
INFO:app.models.econometrics:ARDL fitted successfully. AIC: 
457.08, BIC: 471.14
INFO:app.models.econometrics:Fitting ARDL model with lags=5, 
trend=c
C:\Anaconda\Lib\site-packages\statsmodels\tsa\base\tsa_model.py
:473: ValueWarning: No frequency information was provided, so 
inferred frequency B will be used.
  self._init_dates(dates, freq)
INFO:app.models.econometrics:ARDL fitted successfully. AIC: 
456.51, BIC: 470.56
INFO:app.models.econometrics:Fitting ARDL model with lags=5, 
trend=c
C:\Anaconda\Lib\site-packages\statsmodels\tsa\base\tsa_model.py
:473: ValueWarning: No frequency information was provided, so 
inferred frequency B will be used.
  self._init_dates(dates, freq)
INFO:app.models.econometrics:ARDL fitted successfully. AIC: 
455.45, BIC: 469.50
INFO:app.models.econometrics:Fitting ARDL model with lags=5, 
trend=c
C:\Anaconda\Lib\site-packages\statsmodels\tsa\base\tsa_model.py
:473: ValueWarning: No frequency information was provided, so 
inferred frequency B will be used.
  self._init_dates(dates, freq)
INFO:app.models.econometrics:ARDL fitted successfully. AIC: 
455.00, BIC: 469.05
INFO:__main__:
\u2713 Input feature dimension: 17
INFO:__main__:
============================================================
INFO:__main__:MODEL TRAINING
INFO:__main__:=================================================
===========
INFO:__main__:
Initializing Neuro-Econometric Network...
INFO:app.models.neural:Initialized HybridNeuralEncoder with 
input_dim=17, hidden_dim=128
INFO:app.models.fusion:Initialized GatedFusionMechanism with 
state_dim=128
INFO:app.models.fusion:Initialized NeuroEconometricNet
INFO:__main__:\u2713 Model initialized
INFO:__main__:  Total parameters: 476,133
INFO:__main__:  Trainable parameters: 476,133
INFO:__main__:  Device: cpu
INFO:__main__:  Hidden dimension: 128
INFO:__main__:  Attention heads: 8
INFO:__main__:  LSTM layers: 2
INFO:app.engine.trainer:Trainer initialized
INFO:__main__:
Training configuration:
INFO:__main__:  Learning rate: 0.0001
INFO:__main__:  Batch size: 32
INFO:__main__:  Epochs: 100
INFO:__main__:  Early stopping patience: 15
INFO:__main__:
------------------------------------------------------------
INFO:__main__:Starting training loop...
INFO:__main__:-------------------------------------------------
-----------

INFO:app.engine.trainer:Starting training for 100 epochs

Epoch 1:   0%|          | 0/64 [00:00<?, 
?it/s]INFO:app.models.econometrics:Fitting ARDL model with 
lags=5, trend=c
C:\Anaconda\Lib\site-packages\statsmodels\tsa\base\tsa_model.py
:473: ValueWarning: No frequency information was provided, so 
inferred frequency B will be used.
  self._init_dates(dates, freq)
INFO:app.models.econometrics:ARDL fitted successfully. AIC: 
456.40, BIC: 470.45
INFO:app.models.econometrics:Fitting ARDL model with lags=5, 
trend=c
C:\Anaconda\Lib\site-packages\statsmodels\tsa\base\tsa_model.py
:473: ValueWarning: No frequency information was provided, so 
inferred frequency B will be used.
  self._init_dates(dates, freq)
INFO:app.models.econometrics:ARDL fitted successfully. AIC: 
456.53, BIC: 470.58
INFO:app.models.econometrics:Fitting ARDL model with lags=5, 
trend=c
C:\Anaconda\Lib\site-packages\statsmodels\tsa\base\tsa_model.py
:473: ValueWarning: No frequency information was provided, so 
inferred frequency B will be used.
  self._init_dates(dates, freq)
INFO:app.models.econometrics:ARDL fitted successfully. AIC: 
450.99, BIC: 465.04
INFO:app.models.econometrics:Fitting ARDL model with lags=5, 
trend=c
C:\Anaconda\Lib\site-packages\statsmodels\tsa\base\tsa_model.py
:473: ValueWarning: No frequency information was provided, so 
inferred frequency B will be used.
  self._init_dates(dates, freq)
INFO:app.models.econometrics:ARDL fitted successfully. AIC: 
448.54, BIC: 462.59
INFO:app.models.econometrics:Fitting ARDL model with lags=5, 
trend=c
C:\Anaconda\Lib\site-packages\statsmodels\tsa\base\tsa_model.py
:473: ValueWarning: No frequency information was provided, so 
inferred frequency B will be used.
  self._init_dates(dates, freq)
INFO:app.models.econometrics:ARDL fitted successfully. AIC: 
449.59, BIC: 463.64
INFO:app.models.econometrics:Fitting ARDL model with lags=5, 
trend=c
C:\Anaconda\Lib\site-packages\statsmodels\tsa\base\tsa_model.py
:473: ValueWarning: No frequency information was provided, so 
inferred frequency B will be used.
  self._init_dates(dates, freq)
INFO:app.models.econometrics:ARDL fitted successfully. AIC: 
446.46, BIC: 460.51
INFO:app.models.econometrics:Fitting ARDL model with lags=5, 
trend=c
C:\Anaconda\Lib\site-packages\statsmodels\tsa\base\tsa_model.py
:473: ValueWarning: No frequency information was provided, so 
inferred frequency B will be used.
  self._init_dates(dates, freq)
INFO:app.models.econometrics:ARDL fitted successfully. AIC: 
446.96, BIC: 461.01
INFO:app.models.econometrics:Fitting ARDL model with lags=5, 
trend=c
C:\Anaconda\Lib\site-packages\statsmodels\tsa\base\tsa_model.py
:473: ValueWarning: No frequency information was provided, so 
inferred frequency B will be used.
  self._init_dates(dates, freq)
INFO:app.models.econometrics:ARDL fitted successfully. AIC: 
445.19, BIC: 459.24
INFO:app.models.econometrics:Fitting ARDL model with lags=5, 
trend=c
C:\Anaconda\Lib\site-packages\statsmodels\tsa\base\tsa_model.py
:473: ValueWarning: No frequency information was provided, so 
inferred frequency B will be used.
  self._init_dates(dates, freq)
INFO:app.models.econometrics:ARDL fitted successfully. AIC: 
443.09, BIC: 457.14
INFO:app.models.econometrics:Fitting ARDL model with lags=5, 
trend=c
C:\Anaconda\Lib\site-packages\statsmodels\tsa\base\tsa_model.py
:473: ValueWarning: No frequency information was provided, so 
inferred frequency B will be used.
  self._init_dates(dates, freq)
INFO:app.models.econometrics:ARDL fitted successfully. AIC: 
444.65, BIC: 458.70
INFO:app.models.econometrics:Fitting ARDL model with lags=5, 
trend=c
C:\Anaconda\Lib\site-packages\statsmodels\tsa\base\tsa_model.py
:473: ValueWarning: No frequency information was provided, so 
inferred frequency B will be used.
  self._init_dates(dates, freq)
INFO:app.models.econometrics:ARDL fitted successfully. AIC: 
444.02, BIC: 458.07
INFO:app.models.econometrics:Fitting ARDL model with lags=5, 
trend=c
C:\Anaconda\Lib\site-packages\statsmodels\tsa\base\tsa_model.py
:473: ValueWarning: No frequency information was provided, so 
inferred frequency B will be used.
  self._init_dates(dates, freq)
INFO:app.models.econometrics:ARDL fitted successfully. AIC: 
444.82, BIC: 458.87
INFO:app.models.econometrics:Fitting ARDL model with lags=5, 
trend=c
C:\Anaconda\Lib\site-packages\statsmodels\tsa\base\tsa_model.py
:473: ValueWarning: No frequency information was provided, so 
inferred frequency B will be used.
  self._init_dates(dates, freq)
INFO:app.models.econometrics:ARDL fitted successfully. AIC: 
450.05, BIC: 464.10
INFO:app.models.econometrics:Fitting ARDL model with lags=5, 
trend=c
C:\Anaconda\Lib\site-packages\statsmodels\tsa\base\tsa_model.py
:473: ValueWarning: No frequency information was provided, so 
inferred frequency B will be used.
  self._init_dates(dates, freq)
INFO:app.models.econometrics:ARDL fitted successfully. AIC: 
449.81, BIC: 463.86
INFO:app.models.econometrics:Fitting ARDL model with lags=5, 
trend=c
C:\Anaconda\Lib\site-packages\statsmodels\tsa\base\tsa_model.py
:473: ValueWarning: No frequency information was provided, so 
inferred frequency B will be used.
  self._init_dates(dates, freq)
INFO:app.models.econometrics:ARDL fitted successfully. AIC: 
454.98, BIC: 469.03
INFO:app.models.econometrics:Fitting ARDL model with lags=5, 
trend=c
C:\Anaconda\Lib\site-packages\statsmodels\tsa\base\tsa_model.py
:473: ValueWarning: No frequency information was provided, so 
inferred frequency B will be used.
  self._init_dates(dates, freq)
INFO:app.models.econometrics:ARDL fitted successfully. AIC: 
458.12, BIC: 472.17
INFO:app.models.econometrics:Fitting ARDL model with lags=5, 
trend=c
C:\Anaconda\Lib\site-packages\statsmodels\tsa\base\tsa_model.py
:473: ValueWarning: No frequency information was provided, so 
inferred frequency B will be used.
  self._init_dates(dates, freq)
INFO:app.models.econometrics:ARDL fitted successfully. AIC: 
456.22, BIC: 470.28
INFO:app.models.econometrics:Fitting ARDL model with lags=5, 
trend=c
C:\Anaconda\Lib\site-packages\statsmodels\tsa\base\tsa_model.py
:473: ValueWarning: No frequency information was provided, so 
inferred frequency B will be used.
  self._init_dates(dates, freq)
INFO:app.models.econometrics:ARDL fitted successfully. AIC: 
456.81, BIC: 470.86
INFO:app.models.econometrics:Fitting ARDL model with lags=5, 
trend=c
C:\Anaconda\Lib\site-packages\statsmodels\tsa\base\tsa_model.py
:473: ValueWarning: No frequency information was provided, so 
inferred frequency B will be used.
  self._init_dates(dates, freq)
INFO:app.models.econometrics:ARDL fitted successfully. AIC: 
456.59, BIC: 470.64
INFO:app.models.econometrics:Fitting ARDL model with lags=5, 
trend=c
C:\Anaconda\Lib\site-packages\statsmodels\tsa\base\tsa_model.py
:473: ValueWarning: No frequency information was provided, so 
inferred frequency B will be used.
  self._init_dates(dates, freq)
INFO:app.models.econometrics:ARDL fitted successfully. AIC: 
455.63, BIC: 469.68
INFO:app.models.econometrics:Fitting ARDL model with lags=5, 
trend=c
C:\Anaconda\Lib\site-packages\statsmodels\tsa\base\tsa_model.py
:473: ValueWarning: No frequency information was provided, so 
inferred frequency B will be used.
  self._init_dates(dates, freq)
INFO:app.models.econometrics:ARDL fitted successfully. AIC: 
458.36, BIC: 472.41
INFO:app.models.econometrics:Fitting ARDL model with lags=5, 
trend=c
C:\Anaconda\Lib\site-packages\statsmodels\tsa\base\tsa_model.py
:473: ValueWarning: No frequency information was provided, so 
inferred frequency B will be used.
  self._init_dates(dates, freq)
INFO:app.models.econometrics:ARDL fitted successfully. AIC: 
458.13, BIC: 472.19
INFO:app.models.econometrics:Fitting ARDL model with lags=5, 
trend=c
C:\Anaconda\Lib\site-packages\statsmodels\tsa\base\tsa_model.py
:473: ValueWarning: No frequency information was provided, so 
inferred frequency B will be used.
  self._init_dates(dates, freq)
INFO:app.models.econometrics:ARDL fitted successfully. AIC: 
457.53, BIC: 471.58
INFO:app.models.econometrics:Fitting ARDL model with lags=5, 
trend=c
C:\Anaconda\Lib\site-packages\statsmodels\tsa\base\tsa_model.py
:473: ValueWarning: No frequency information was provided, so 
inferred frequency B will be used.
  self._init_dates(dates, freq)
INFO:app.models.econometrics:ARDL fitted successfully. AIC: 
460.05, BIC: 474.10
INFO:app.models.econometrics:Fitting ARDL model with lags=5, 
trend=c
C:\Anaconda\Lib\site-packages\statsmodels\tsa\base\tsa_model.py
:473: ValueWarning: No frequency information was provided, so 
inferred frequency B will be used.
  self._init_dates(dates, freq)
INFO:app.models.econometrics:ARDL fitted successfully. AIC: 
460.00, BIC: 474.06
INFO:app.models.econometrics:Fitting ARDL model with lags=5, 
trend=c
C:\Anaconda\Lib\site-packages\statsmodels\tsa\base\tsa_model.py
:473: ValueWarning: No frequency information was provided, so 
inferred frequency B will be used.
  self._init_dates(dates, freq)
INFO:app.models.econometrics:ARDL fitted successfully. AIC: 
460.14, BIC: 474.19
INFO:app.models.econometrics:Fitting ARDL model with lags=5, 
trend=c
C:\Anaconda\Lib\site-packages\statsmodels\tsa\base\tsa_model.py
:473: ValueWarning: No frequency information was provided, so 
inferred frequency B will be used.
  self._init_dates(dates, freq)
INFO:app.models.econometrics:ARDL fitted successfully. AIC: 
459.78, BIC: 473.83
INFO:app.models.econometrics:Fitting ARDL model with lags=5, 
trend=c
C:\Anaconda\Lib\site-packages\statsmodels\tsa\base\tsa_model.py
:473: ValueWarning: No frequency information was provided, so 
inferred frequency B will be used.
  self._init_dates(dates, freq)
INFO:app.models.econometrics:ARDL fitted successfully. AIC: 
456.93, BIC: 470.98
INFO:app.models.econometrics:Fitting ARDL model with lags=5, 
trend=c
C:\Anaconda\Lib\site-packages\statsmodels\tsa\base\tsa_model.py
:473: ValueWarning: No frequency information was provided, so 
inferred frequency B will be used.
  self._init_dates(dates, freq)
INFO:app.models.econometrics:ARDL fitted successfully. AIC: 
457.08, BIC: 471.14
INFO:app.models.econometrics:Fitting ARDL model with lags=5, 
trend=c
C:\Anaconda\Lib\site-packages\statsmodels\tsa\base\tsa_model.py
:473: ValueWarning: No frequency information was provided, so 
inferred frequency B will be used.
  self._init_dates(dates, freq)
INFO:app.models.econometrics:ARDL fitted successfully. AIC: 
456.51, BIC: 470.56
INFO:app.models.econometrics:Fitting ARDL model with lags=5, 
trend=c
C:\Anaconda\Lib\site-packages\statsmodels\tsa\base\tsa_model.py
:473: ValueWarning: No frequency information was provided, so 
inferred frequency B will be used.
  self._init_dates(dates, freq)
INFO:app.models.econometrics:ARDL fitted successfully. AIC: 
455.45, BIC: 469.50
INFO:app.models.econometrics:Fitting ARDL model with lags=5, 
trend=c
C:\Anaconda\Lib\site-packages\statsmodels\tsa\base\tsa_model.py
:473: ValueWarning: No frequency information was provided, so 
inferred frequency B will be used.
  self._init_dates(dates, freq)
INFO:app.models.econometrics:ARDL fitted successfully. AIC: 
455.00, BIC: 469.05

Epoch 1:   0%|          | 0/64 [00:00<?, ?it/s, loss=9.33e+5]
Epoch 1:   2%|1         | 1/64 [00:00<00:41,  1.53it/s, 
loss=9.33e+5]INFO:app.models.econometrics:Fitting ARDL model 
with lags=5, trend=c
C:\Anaconda\Lib\site-packages\statsmodels\tsa\base\tsa_model.py
:473: ValueWarning: No frequency information was provided, so 
inferred frequency B will be used.
  self._init_dates(dates, freq)
INFO:app.models.econometrics:ARDL fitted successfully. AIC: 
456.77, BIC: 470.82
INFO:app.models.econometrics:Fitting ARDL model with lags=5, 
trend=c
C:\Anaconda\Lib\site-packages\statsmodels\tsa\base\tsa_model.py
:473: ValueWarning: No frequency information was provided, so 
inferred frequency B will be used.
  self._init_dates(dates, freq)
INFO:app.models.econometrics:ARDL fitted successfully. AIC: 
452.41, BIC: 466.46
INFO:app.models.econometrics:Fitting ARDL model with lags=5, 
trend=c
C:\Anaconda\Lib\site-packages\statsmodels\tsa\base\tsa_model.py
:473: ValueWarning: No frequency information was provided, so 
inferred frequency B will be used.
  self._init_dates(dates, freq)
INFO:app.models.econometrics:ARDL fitted successfully. AIC: 
448.84, BIC: 462.89
INFO:app.models.econometrics:Fitting ARDL model with lags=5, 
trend=c
C:\Anaconda\Lib\site-packages\statsmodels\tsa\base\tsa_model.py
:473: ValueWarning: No frequency information was provided, so 
inferred frequency B will be used.
  self._init_dates(dates, freq)
INFO:app.models.econometrics:ARDL fitted successfully. AIC: 
448.71, BIC: 462.76
INFO:app.models.econometrics:Fitting ARDL model with lags=5, 
trend=c
C:\Anaconda\Lib\site-packages\statsmodels\tsa\base\tsa_model.py
:473: ValueWarning: No frequency information was provided, so 
inferred frequency B will be used.
  self._init_dates(dates, freq)
INFO:app.models.econometrics:ARDL fitted successfully. AIC: 
451.70, BIC: 465.75
INFO:app.models.econometrics:Fitting ARDL model with lags=5, 
trend=c
C:\Anaconda\Lib\site-packages\statsmodels\tsa\base\tsa_model.py
:473: ValueWarning: No frequency information was provided, so 
inferred frequency B will be used.
  self._init_dates(dates, freq)
INFO:app.models.econometrics:ARDL fitted successfully. AIC: 
451.61, BIC: 465.66
INFO:app.models.econometrics:Fitting ARDL model with lags=5, 
trend=c
C:\Anaconda\Lib\site-packages\statsmodels\tsa\base\tsa_model.py
:473: ValueWarning: No frequency information was provided, so 
inferred frequency B will be used.
  self._init_dates(dates, freq)
INFO:app.models.econometrics:ARDL fitted successfully. AIC: 
451.60, BIC: 465.65
INFO:app.models.econometrics:Fitting ARDL model with lags=5, 
trend=c
C:\Anaconda\Lib\site-packages\statsmodels\tsa\base\tsa_model.py
:473: ValueWarning: No frequency information was provided, so 
inferred frequency B will be used.
  self._init_dates(dates, freq)
INFO:app.models.econometrics:ARDL fitted successfully. AIC: 
451.63, BIC: 465.68
INFO:app.models.econometrics:Fitting ARDL model with lags=5, 
trend=c
C:\Anaconda\Lib\site-packages\statsmodels\tsa\base\tsa_model.py
:473: ValueWarning: No frequency information was provided, so 
inferred frequency B will be used.
  self._init_dates(dates, freq)
INFO:app.models.econometrics:ARDL fitted successfully. AIC: 
449.00, BIC: 463.06
INFO:app.models.econometrics:Fitting ARDL model with lags=5, 
trend=c
C:\Anaconda\Lib\site-packages\statsmodels\tsa\base\tsa_model.py
:473: ValueWarning: No frequency information was provided, so 
inferred frequency B will be used.
  self._init_dates(dates, freq)
INFO:app.models.econometrics:ARDL fitted successfully. AIC: 
449.63, BIC: 463.69
INFO:app.models.econometrics:Fitting ARDL model with lags=5, 
trend=c
C:\Anaconda\Lib\site-packages\statsmodels\tsa\base\tsa_model.py
:473: ValueWarning: No frequency information was provided, so 
inferred frequency B will be used.
  self._init_dates(dates, freq)
INFO:app.models.econometrics:ARDL fitted successfully. AIC: 
448.63, BIC: 462.68
INFO:app.models.econometrics:Fitting ARDL model with lags=5, 
trend=c
C:\Anaconda\Lib\site-packages\statsmodels\tsa\base\tsa_model.py
:473: ValueWarning: No frequency information was provided, so 
inferred frequency B will be used.
  self._init_dates(dates, freq)
INFO:app.models.econometrics:ARDL fitted successfully. AIC: 
449.01, BIC: 463.06
INFO:app.models.econometrics:Fitting ARDL model with lags=5, 
trend=c
C:\Anaconda\Lib\site-packages\statsmodels\tsa\base\tsa_model.py
:473: ValueWarning: No frequency information was provided, so 
inferred frequency B will be used.
  self._init_dates(dates, freq)
INFO:app.models.econometrics:ARDL fitted successfully. AIC: 
450.82, BIC: 464.87
INFO:app.models.econometrics:Fitting ARDL model with lags=5, 
trend=c
C:\Anaconda\Lib\site-packages\statsmodels\tsa\base\tsa_model.py
:473: ValueWarning: No frequency information was provided, so 
inferred frequency B will be used.
  self._init_dates(dates, freq)
INFO:app.models.econometrics:ARDL fitted successfully. AIC: 
446.02, BIC: 460.07
INFO:app.models.econometrics:Fitting ARDL model with lags=5, 
trend=c
C:\Anaconda\Lib\site-packages\statsmodels\tsa\base\tsa_model.py
:473: ValueWarning: No frequency information was provided, so 
inferred frequency B will be used.
  self._init_dates(dates, freq)
INFO:app.models.econometrics:ARDL fitted successfully. AIC: 
446.05, BIC: 460.11
INFO:app.models.econometrics:Fitting ARDL model with lags=5, 
trend=c
C:\Anaconda\Lib\site-packages\statsmodels\tsa\base\tsa_model.py
:473: ValueWarning: No frequency information was provided, so 
inferred frequency B will be used.
  self._init_dates(dates, freq)
INFO:app.models.econometrics:ARDL fitted successfully. AIC: 
449.37, BIC: 463.42
INFO:app.models.econometrics:Fitting ARDL model with lags=5, 
trend=c
C:\Anaconda\Lib\site-packages\statsmodels\tsa\base\tsa_model.py
:473: ValueWarning: No frequency information was provided, so 
inferred frequency B will be used.
  self._init_dates(dates, freq)
INFO:app.models.econometrics:ARDL fitted successfully. AIC: 
446.39, BIC: 460.44
INFO:app.models.econometrics:Fitting ARDL model with lags=5, 
trend=c
C:\Anaconda\Lib\site-packages\statsmodels\tsa\base\tsa_model.py
:473: ValueWarning: No frequency information was provided, so 
inferred frequency B will be used.
  self._init_dates(dates, freq)
INFO:app.models.econometrics:ARDL fitted successfully. AIC: 
446.76, BIC: 460.81
INFO:app.models.econometrics:Fitting ARDL model with lags=5, 
trend=c
C:\Anaconda\Lib\site-packages\statsmodels\tsa\base\tsa_model.py
:473: ValueWarning: No frequency information was provided, so 
inferred frequency B will be used.
  self._init_dates(dates, freq)
INFO:app.models.econometrics:ARDL fitted successfully. AIC: 
446.92, BIC: 460.97
INFO:app.models.econometrics:Fitting ARDL model with lags=5, 
trend=c
C:\Anaconda\Lib\site-packages\statsmodels\tsa\base\tsa_model.py
:473: ValueWarning: No frequency information was provided, so 
inferred frequency B will be used.
  self._init_dates(dates, freq)
INFO:app.models.econometrics:ARDL fitted successfully. AIC: 
449.76, BIC: 463.82
INFO:app.models.econometrics:Fitting ARDL model with lags=5, 
trend=c
C:\Anaconda\Lib\site-packages\statsmodels\tsa\base\tsa_model.py
:473: ValueWarning: No frequency information was provided, so 
inferred frequency B will be used.
  self._init_dates(dates, freq)
INFO:app.models.econometrics:ARDL fitted successfully. AIC: 
448.26, BIC: 462.31
INFO:app.models.econometrics:Fitting ARDL model with lags=5, 
trend=c
C:\Anaconda\Lib\site-packages\statsmodels\tsa\base\tsa_model.py
:473: ValueWarning: No frequency information was provided, so 
inferred frequency B will be used.
  self._init_dates(dates, freq)
INFO:app.models.econometrics:ARDL fitted successfully. AIC: 
447.93, BIC: 461.98
INFO:app.models.econometrics:Fitting ARDL model with lags=5, 
trend=c
C:\Anaconda\Lib\site-packages\statsmodels\tsa\base\tsa_model.py
:473: ValueWarning: No frequency information was provided, so 
inferred frequency B will be used.
  self._init_dates(dates, freq)
INFO:app.models.econometrics:ARDL fitted successfully. AIC: 
453.52, BIC: 467.57
INFO:app.models.econometrics:Fitting ARDL model with lags=5, 
trend=c
C:\Anaconda\Lib\site-packages\statsmodels\tsa\base\tsa_model.py
:473: ValueWarning: No frequency information was provided, so 
inferred frequency B will be used.
  self._init_dates(dates, freq)
INFO:app.models.econometrics:ARDL fitted successfully. AIC: 
453.15, BIC: 467.20
INFO:app.models.econometrics:Fitting ARDL model with lags=5, 
trend=c
C:\Anaconda\Lib\site-packages\statsmodels\tsa\base\tsa_model.py
:473: ValueWarning: No frequency information was provided, so 
inferred frequency B will be used.
  self._init_dates(dates, freq)
INFO:app.models.econometrics:ARDL fitted successfully. AIC: 
452.44, BIC: 466.49
INFO:app.models.econometrics:Fitting ARDL model with lags=5, 
trend=c
C:\Anaconda\Lib\site-packages\statsmodels\tsa\base\tsa_model.py
:473: ValueWarning: No frequency information was provided, so 
inferred frequency B will be used.
  self._init_dates(dates, freq)
INFO:app.models.econometrics:ARDL fitted successfully. AIC: 
453.04, BIC: 467.09
INFO:app.models.econometrics:Fitting ARDL model with lags=5, 
trend=c
C:\Anaconda\Lib\site-packages\statsmodels\tsa\base\tsa_model.py
:473: ValueWarning: No frequency information was provided, so 
inferred frequency B will be used.
  self._init_dates(dates, freq)
INFO:app.models.econometrics:ARDL fitted successfully. AIC: 
451.06, BIC: 465.11
INFO:app.models.econometrics:Fitting ARDL model with lags=5, 
trend=c
C:\Anaconda\Lib\site-packages\statsmodels\tsa\base\tsa_model.py
:473: ValueWarning: No frequency information was provided, so 
inferred frequency B will be used.
  self._init_dates(dates, freq)
INFO:app.models.econometrics:ARDL fitted successfully. AIC: 
448.81, BIC: 462.86
INFO:app.models.econometrics:Fitting ARDL model with lags=5, 
trend=c
C:\Anaconda\Lib\site-packages\statsmodels\tsa\base\tsa_model.py
:473: ValueWarning: No frequency information was provided, so 
inferred frequency B will be used.
  self._init_dates(dates, freq)
INFO:app.models.econometrics:ARDL fitted successfully. AIC: 
451.22, BIC: 465.27
INFO:app.models.econometrics:Fitting ARDL model with lags=5, 
trend=c
C:\Anaconda\Lib\site-packages\statsmodels\tsa\base\tsa_model.py
:473: ValueWarning: No frequency information was provided, so 
inferred frequency B will be used.
  self._init_dates(dates, freq)
INFO:app.models.econometrics:ARDL fitted successfully. AIC: 
452.81, BIC: 466.86
INFO:app.models.econometrics:Fitting ARDL model with lags=5, 
trend=c
C:\Anaconda\Lib\site-packages\statsmodels\tsa\base\tsa_model.py
:473: ValueWarning: No frequency information was provided, so 
inferred frequency B will be used.
  self._init_dates(dates, freq)
INFO:app.models.econometrics:ARDL fitted successfully. AIC: 
451.47, BIC: 465.52
INFO:app.models.econometrics:Fitting ARDL model with lags=5, 
trend=c
C:\Anaconda\Lib\site-packages\statsmodels\tsa\base\tsa_model.py
:473: ValueWarning: No frequency information was provided, so 
inferred frequency B will be used.
  self._init_dates(dates, freq)
INFO:app.models.econometrics:ARDL fitted successfully. AIC: 
457.32, BIC: 471.37

Epoch 1:   2%|1         | 1/64 [00:01<00:41,  1.53it/s, 
loss=9.47e+5]
Epoch 1:   3%|3         | 2/64 [00:01<00:33,  1.84it/s, 
loss=9.47e+5]INFO:app.models.econometrics:Fitting ARDL model 
with lags=5, trend=c
C:\Anaconda\Lib\site-packages\statsmodels\tsa\base\tsa_model.py
:473: ValueWarning: No frequency information was provided, so 
inferred frequency B will be used.
  self._init_dates(dates, freq)
INFO:app.models.econometrics:ARDL fitted successfully. AIC: 
457.10, BIC: 471.15
INFO:app.models.econometrics:Fitting ARDL model with lags=5, 
trend=c
C:\Anaconda\Lib\site-packages\statsmodels\tsa\base\tsa_model.py
:473: ValueWarning: No frequency information was provided, so 
inferred frequency B will be used.
  self._init_dates(dates, freq)
INFO:app.models.econometrics:ARDL fitted successfully. AIC: 
457.01, BIC: 471.06
INFO:app.models.econometrics:Fitting ARDL model with lags=5, 
trend=c
C:\Anaconda\Lib\site-packages\statsmodels\tsa\base\tsa_model.py
:473: ValueWarning: No frequency information was provided, so 
inferred frequency B will be used.
  self._init_dates(dates, freq)
INFO:app.models.econometrics:ARDL fitted successfully. AIC: 
465.46, BIC: 479.52
INFO:app.models.econometrics:Fitting ARDL model with lags=5, 
trend=c
C:\Anaconda\Lib\site-packages\statsmodels\tsa\base\tsa_model.py
:473: ValueWarning: No frequency information was provided, so 
inferred frequency B will be used.
  self._init_dates(dates, freq)
INFO:app.models.econometrics:ARDL fitted successfully. AIC: 
461.64, BIC: 475.69
INFO:app.models.econometrics:Fitting ARDL model with lags=5, 
trend=c
C:\Anaconda\Lib\site-packages\statsmodels\tsa\base\tsa_model.py
:473: ValueWarning: No frequency information was provided, so 
inferred frequency B will be used.
  self._init_dates(dates, freq)
INFO:app.models.econometrics:ARDL fitted successfully. AIC: 
462.55, BIC: 476.60
INFO:app.models.econometrics:Fitting ARDL model with lags=5, 
trend=c
C:\Anaconda\Lib\site-packages\statsmodels\tsa\base\tsa_model.py
:473: ValueWarning: No frequency information was provided, so 
inferred frequency B will be used.
  self._init_dates(dates, freq)
INFO:app.models.econometrics:ARDL fitted successfully. AIC: 
459.50, BIC: 473.55
INFO:app.models.econometrics:Fitting ARDL model with lags=5, 
trend=c
C:\Anaconda\Lib\site-packages\statsmodels\tsa\base\tsa_model.py
:473: ValueWarning: No frequency information was provided, so 
inferred frequency B will be used.
  self._init_dates(dates, freq)
INFO:app.models.econometrics:ARDL fitted successfully. AIC: 
455.22, BIC: 469.27
INFO:app.models.econometrics:Fitting ARDL model with lags=5, 
trend=c
C:\Anaconda\Lib\site-packages\statsmodels\tsa\base\tsa_model.py
:473: ValueWarning: No frequency information was provided, so 
inferred frequency B will be used.
  self._init_dates(dates, freq)
INFO:app.models.econometrics:ARDL fitted successfully. AIC: 
457.90, BIC: 471.95
INFO:app.models.econometrics:Fitting ARDL model with lags=5, 
trend=c
C:\Anaconda\Lib\site-packages\statsmodels\tsa\base\tsa_model.py
:473: ValueWarning: No frequency information was provided, so 
inferred frequency B will be used.
  self._init_dates(dates, freq)
INFO:app.models.econometrics:ARDL fitted successfully. AIC: 
457.88, BIC: 471.94
INFO:app.models.econometrics:Fitting ARDL model with lags=5, 
trend=c
C:\Anaconda\Lib\site-packages\statsmodels\tsa\base\tsa_model.py
:473: ValueWarning: No frequency information was provided, so 
inferred frequency B will be used.
  self._init_dates(dates, freq)
INFO:app.models.econometrics:ARDL fitted successfully. AIC: 
459.08, BIC: 473.13
INFO:app.models.econometrics:Fitting ARDL model with lags=5, 
trend=c
C:\Anaconda\Lib\site-packages\statsmodels\tsa\base\tsa_model.py
:473: ValueWarning: No frequency information was provided, so 
inferred frequency B will be used.
  self._init_dates(dates, freq)
INFO:app.models.econometrics:ARDL fitted successfully. AIC: 
459.18, BIC: 473.23
INFO:app.models.econometrics:Fitting ARDL model with lags=5, 
trend=c
C:\Anaconda\Lib\site-packages\statsmodels\tsa\base\tsa_model.py
:473: ValueWarning: No frequency information was provided, so 
inferred frequency B will be used.
  self._init_dates(dates, freq)
INFO:app.models.econometrics:ARDL fitted successfully. AIC: 
456.14, BIC: 470.19
INFO:app.models.econometrics:Fitting ARDL model with lags=5, 
trend=c
C:\Anaconda\Lib\site-packages\statsmodels\tsa\base\tsa_model.py
:473: ValueWarning: No frequency information was provided, so 
inferred frequency B will be used.
  self._init_dates(dates, freq)
INFO:app.models.econometrics:ARDL fitted successfully. AIC: 
458.59, BIC: 472.64
INFO:app.models.econometrics:Fitting ARDL model with lags=5, 
trend=c
C:\Anaconda\Lib\site-packages\statsmodels\tsa\base\tsa_model.py
:473: ValueWarning: No frequency information was provided, so 
inferred frequency B will be used.
  self._init_dates(dates, freq)
INFO:app.models.econometrics:ARDL fitted successfully. AIC: 
458.82, BIC: 472.88
INFO:app.models.econometrics:Fitting ARDL model with lags=5, 
trend=c
C:\Anaconda\Lib\site-packages\statsmodels\tsa\base\tsa_model.py
:473: ValueWarning: No frequency information was provided, so 
inferred frequency B will be used.
  self._init_dates(dates, freq)
INFO:app.models.econometrics:ARDL fitted successfully. AIC: 
457.23, BIC: 471.28
INFO:app.models.econometrics:Fitting ARDL model with lags=5, 
trend=c
C:\Anaconda\Lib\site-packages\statsmodels\tsa\base\tsa_model.py
:473: ValueWarning: No frequency information was provided, so 
inferred frequency B will be used.
  self._init_dates(dates, freq)
INFO:app.models.econometrics:ARDL fitted successfully. AIC: 
457.99, BIC: 472.04
INFO:app.models.econometrics:Fitting ARDL model with lags=5, 
trend=c
C:\Anaconda\Lib\site-packages\statsmodels\tsa\base\tsa_model.py
:473: ValueWarning: No frequency information was provided, so 
inferred frequency B will be used.
  self._init_dates(dates, freq)
INFO:app.models.econometrics:ARDL fitted successfully. AIC: 
457.69, BIC: 471.74
INFO:app.models.econometrics:Fitting ARDL model with lags=5, 
trend=c
C:\Anaconda\Lib\site-packages\statsmodels\tsa\base\tsa_model.py
:473: ValueWarning: No frequency information was provided, so 
inferred frequency B will be used.
  self._init_dates(dates, freq)
INFO:app.models.econometrics:ARDL fitted successfully. AIC: 
457.26, BIC: 471.31
INFO:app.models.econometrics:Fitting ARDL model with lags=5, 
trend=c
C:\Anaconda\Lib\site-packages\statsmodels\tsa\base\tsa_model.py
:473: ValueWarning: No frequency information was provided, so 
inferred frequency B will be used.
  self._init_dates(dates, freq)
INFO:app.models.econometrics:ARDL fitted successfully. AIC: 
458.78, BIC: 472.84
INFO:app.models.econometrics:Fitting ARDL model with lags=5, 
trend=c
C:\Anaconda\Lib\site-packages\statsmodels\tsa\base\tsa_model.py
:473: ValueWarning: No frequency information was provided, so 
inferred frequency B will be used.
  self._init_dates(dates, freq)
INFO:app.models.econometrics:ARDL fitted successfully. AIC: 
459.96, BIC: 474.01
INFO:app.models.econometrics:Fitting ARDL model with lags=5, 
trend=c
C:\Anaconda\Lib\site-packages\statsmodels\tsa\base\tsa_model.py
:473: ValueWarning: No frequency information was provided, so 
inferred frequency B will be used.
  self._init_dates(dates, freq)
INFO:app.models.econometrics:ARDL fitted successfully. AIC: 
459.51, BIC: 473.56
INFO:app.models.econometrics:Fitting ARDL model with lags=5, 
trend=c
C:\Anaconda\Lib\site-packages\statsmodels\tsa\base\tsa_model.py
:473: ValueWarning: No frequency information was provided, so 
inferred frequency B will be used.
  self._init_dates(dates, freq)
INFO:app.models.econometrics:ARDL fitted successfully. AIC: 
459.67, BIC: 473.72
INFO:app.models.econometrics:Fitting ARDL model with lags=5, 
trend=c
C:\Anaconda\Lib\site-packages\statsmodels\tsa\base\tsa_model.py
:473: ValueWarning: No frequency information was provided, so 
inferred frequency B will be used.
  self._init_dates(dates, freq)
INFO:app.models.econometrics:ARDL fitted successfully. AIC: 
461.41, BIC: 475.46
INFO:app.models.econometrics:Fitting ARDL model with lags=5, 
trend=c
C:\Anaconda\Lib\site-packages\statsmodels\tsa\base\tsa_model.py
:473: ValueWarning: No frequency information was provided, so 
inferred frequency B will be used.
  self._init_dates(dates, freq)
INFO:app.models.econometrics:ARDL fitted successfully. AIC: 
461.62, BIC: 475.67
INFO:app.models.econometrics:Fitting ARDL model with lags=5, 
trend=c
C:\Anaconda\Lib\site-packages\statsmodels\tsa\base\tsa_model.py
:473: ValueWarning: No frequency information was provided, so 
inferred frequency B will be used.
  self._init_dates(dates, freq)
INFO:app.models.econometrics:ARDL fitted successfully. AIC: 
463.22, BIC: 477.27
INFO:app.models.econometrics:Fitting ARDL model with lags=5, 
trend=c
C:\Anaconda\Lib\site-packages\statsmodels\tsa\base\tsa_model.py
:473: ValueWarning: No frequency information was provided, so 
inferred frequency B will be used.
  self._init_dates(dates, freq)
INFO:app.models.econometrics:ARDL fitted successfully. AIC: 
463.37, BIC: 477.42
INFO:app.models.econometrics:Fitting ARDL model with lags=5, 
trend=c
C:\Anaconda\Lib\site-packages\statsmodels\tsa\base\tsa_model.py
:473: ValueWarning: No frequency information was provided, so 
inferred frequency B will be used.
  self._init_dates(dates, freq)
INFO:app.models.econometrics:ARDL fitted successfully. AIC: 
463.49, BIC: 477.54
INFO:app.models.econometrics:Fitting ARDL model with lags=5, 
trend=c
C:\Anaconda\Lib\site-packages\statsmodels\tsa\base\tsa_model.py
:473: ValueWarning: No frequency information was provided, so 
inferred frequency B will be used.
  self._init_dates(dates, freq)
INFO:app.models.econometrics:ARDL fitted successfully. AIC: 
461.26, BIC: 475.31
INFO:app.models.econometrics:Fitting ARDL model with lags=5, 
trend=c
C:\Anaconda\Lib\site-packages\statsmodels\tsa\base\tsa_model.py
:473: ValueWarning: No frequency information was provided, so 
inferred frequency B will be used.
  self._init_dates(dates, freq)
INFO:app.models.econometrics:ARDL fitted successfully. AIC: 
461.39, BIC: 475.44
INFO:app.models.econometrics:Fitting ARDL model with lags=5, 
trend=c
C:\Anaconda\Lib\site-packages\statsmodels\tsa\base\tsa_model.py
:473: ValueWarning: No frequency information was provided, so 
inferred frequency B will be used.
  self._init_dates(dates, freq)
INFO:app.models.econometrics:ARDL fitted successfully. AIC: 
461.55, BIC: 475.60
INFO:app.models.econometrics:Fitting ARDL model with lags=5, 
trend=c
C:\Anaconda\Lib\site-packages\statsmodels\tsa\base\tsa_model.py
:473: ValueWarning: No frequency information was provided, so 
inferred frequency B will be used.
  self._init_dates(dates, freq)
INFO:app.models.econometrics:ARDL fitted successfully. AIC: 
461.65, BIC: 475.70
INFO:app.models.econometrics:Fitting ARDL model with lags=5, 
trend=c
C:\Anaconda\Lib\site-packages\statsmodels\tsa\base\tsa_model.py
:473: ValueWarning: No frequency information was provided, so 
inferred frequency B will be used.
  self._init_dates(dates, freq)
INFO:app.models.econometrics:ARDL fitted successfully. AIC: 
461.61, BIC: 475.67

Epoch 1:   3%|3         | 2/64 [00:01<00:33,  1.84it/s, 
loss=9.86e+5]
Epoch 1:   5%|4         | 3/64 [00:01<00:32,  1.86it/s, 
loss=9.86e+5]INFO:app.models.econometrics:Fitting ARDL model 
with lags=5, trend=c
C:\Anaconda\Lib\site-packages\statsmodels\tsa\base\tsa_model.py
:473: ValueWarning: No frequency information was provided, so 
inferred frequency B will be used.
  self._init_dates(dates, freq)
INFO:app.models.econometrics:ARDL fitted successfully. AIC: 
459.07, BIC: 473.12
INFO:app.models.econometrics:Fitting ARDL model with lags=5, 
trend=c
C:\Anaconda\Lib\site-packages\statsmodels\tsa\base\tsa_model.py
:473: ValueWarning: No frequency information was provided, so 
inferred frequency B will be used.
  self._init_dates(dates, freq)
INFO:app.models.econometrics:ARDL fitted successfully. AIC: 
461.69, BIC: 475.74
INFO:app.models.econometrics:Fitting ARDL model with lags=5, 
trend=c
C:\Anaconda\Lib\site-packages\statsmodels\tsa\base\tsa_model.py
:473: ValueWarning: No frequency information was provided, so 
inferred frequency B will be used.
  self._init_dates(dates, freq)
INFO:app.models.econometrics:ARDL fitted successfully. AIC: 
461.97, BIC: 476.03
INFO:app.models.econometrics:Fitting ARDL model with lags=5, 
trend=c
C:\Anaconda\Lib\site-packages\statsmodels\tsa\base\tsa_model.py
:473: ValueWarning: No frequency information was provided, so 
inferred frequency B will be used.
  self._init_dates(dates, freq)
INFO:app.models.econometrics:ARDL fitted successfully. AIC: 
459.62, BIC: 473.67
INFO:app.models.econometrics:Fitting ARDL model with lags=5, 
trend=c
C:\Anaconda\Lib\site-packages\statsmodels\tsa\base\tsa_model.py
:473: ValueWarning: No frequency information was provided, so 
inferred frequency B will be used.
  self._init_dates(dates, freq)
INFO:app.models.econometrics:ARDL fitted successfully. AIC: 
457.66, BIC: 471.72
INFO:app.models.econometrics:Fitting ARDL model with lags=5, 
trend=c
C:\Anaconda\Lib\site-packages\statsmodels\tsa\base\tsa_model.py
:473: ValueWarning: No frequency information was provided, so 
inferred frequency B will be used.
  self._init_dates(dates, freq)
INFO:app.models.econometrics:ARDL fitted successfully. AIC: 
456.89, BIC: 470.94
INFO:app.models.econometrics:Fitting ARDL model with lags=5, 
trend=c
C:\Anaconda\Lib\site-packages\statsmodels\tsa\base\tsa_model.py
:473: ValueWarning: No frequency information was provided, so 
inferred frequency B will be used.
  self._init_dates(dates, freq)
INFO:app.models.econometrics:ARDL fitted successfully. AIC: 
456.80, BIC: 470.85
INFO:app.models.econometrics:Fitting ARDL model with lags=5, 
trend=c
C:\Anaconda\Lib\site-packages\statsmodels\tsa\base\tsa_model.py
:473: ValueWarning: No frequency information was provided, so 
inferred frequency B will be used.
  self._init_dates(dates, freq)
INFO:app.models.econometrics:ARDL fitted successfully. AIC: 
458.87, BIC: 472.92
INFO:app.models.econometrics:Fitting ARDL model with lags=5, 
trend=c
C:\Anaconda\Lib\site-packages\statsmodels\tsa\base\tsa_model.py
:473: ValueWarning: No frequency information was provided, so 
inferred frequency B will be used.
  self._init_dates(dates, freq)
INFO:app.models.econometrics:ARDL fitted successfully. AIC: 
458.81, BIC: 472.86
INFO:app.models.econometrics:Fitting ARDL model with lags=5, 
trend=c
C:\Anaconda\Lib\site-packages\statsmodels\tsa\base\tsa_model.py
:473: ValueWarning: No frequency information was provided, so 
inferred frequency B will be used.
  self._init_dates(dates, freq)
INFO:app.models.econometrics:ARDL fitted successfully. AIC: 
460.11, BIC: 474.17
INFO:app.models.econometrics:Fitting ARDL model with lags=5, 
trend=c
C:\Anaconda\Lib\site-packages\statsmodels\tsa\base\tsa_model.py
:473: ValueWarning: No frequency information was provided, so 
inferred frequency B will be used.
  self._init_dates(dates, freq)
INFO:app.models.econometrics:ARDL fitted successfully. AIC: 
457.32, BIC: 471.37
INFO:app.models.econometrics:Fitting ARDL model with lags=5, 
trend=c
C:\Anaconda\Lib\site-packages\statsmodels\tsa\base\tsa_model.py
:473: ValueWarning: No frequency information was provided, so 
inferred frequency B will be used.
  self._init_dates(dates, freq)
INFO:app.models.econometrics:ARDL fitted successfully. AIC: 
459.16, BIC: 473.21
INFO:app.models.econometrics:Fitting ARDL model with lags=5, 
trend=c
C:\Anaconda\Lib\site-packages\statsmodels\tsa\base\tsa_model.py
:473: ValueWarning: No frequency information was provided, so 
inferred frequency B will be used.
  self._init_dates(dates, freq)
INFO:app.models.econometrics:ARDL fitted successfully. AIC: 
465.52, BIC: 479.57
INFO:app.models.econometrics:Fitting ARDL model with lags=5, 
trend=c
C:\Anaconda\Lib\site-packages\statsmodels\tsa\base\tsa_model.py
:473: ValueWarning: No frequency information was provided, so 
inferred frequency B will be used.
  self._init_dates(dates, freq)
INFO:app.models.econometrics:ARDL fitted successfully. AIC: 
459.03, BIC: 473.08
INFO:app.models.econometrics:Fitting ARDL model with lags=5, 
trend=c
C:\Anaconda\Lib\site-packages\statsmodels\tsa\base\tsa_model.py
:473: ValueWarning: No frequency information was provided, so 
inferred frequency B will be used.
  self._init_dates(dates, freq)
INFO:app.models.econometrics:ARDL fitted successfully. AIC: 
459.88, BIC: 473.94
INFO:app.models.econometrics:Fitting ARDL model with lags=5, 
trend=c
C:\Anaconda\Lib\site-packages\statsmodels\tsa\base\tsa_model.py
:473: ValueWarning: No frequency information was provided, so 
inferred frequency B will be used.
  self._init_dates(dates, freq)
INFO:app.models.econometrics:ARDL fitted successfully. AIC: 
461.40, BIC: 475.45
INFO:app.models.econometrics:Fitting ARDL model with lags=5, 
trend=c
C:\Anaconda\Lib\site-packages\statsmodels\tsa\base\tsa_model.py
:473: ValueWarning: No frequency information was provided, so 
inferred frequency B will be used.
  self._init_dates(dates, freq)
INFO:app.models.econometrics:ARDL fitted successfully. AIC: 
461.73, BIC: 475.78
INFO:app.models.econometrics:Fitting ARDL model with lags=5, 
trend=c
C:\Anaconda\Lib\site-packages\statsmodels\tsa\base\tsa_model.py
:473: ValueWarning: No frequency information was provided, so 
inferred frequency B will be used.
  self._init_dates(dates, freq)
INFO:app.models.econometrics:ARDL fitted successfully. AIC: 
460.52, BIC: 474.57
INFO:app.models.econometrics:Fitting ARDL model with lags=5, 
trend=c
C:\Anaconda\Lib\site-packages\statsmodels\tsa\base\tsa_model.py
:473: ValueWarning: No frequency information was provided, so 
inferred frequency B will be used.
  self._init_dates(dates, freq)
INFO:app.models.econometrics:ARDL fitted successfully. AIC: 
460.42, BIC: 474.47
INFO:app.models.econometrics:Fitting ARDL model with lags=5, 
trend=c
C:\Anaconda\Lib\site-packages\statsmodels\tsa\base\tsa_model.py
:473: ValueWarning: No frequency information was provided, so 
inferred frequency B will be used.
  self._init_dates(dates, freq)
INFO:app.models.econometrics:ARDL fitted successfully. AIC: 
459.96, BIC: 474.01
INFO:app.models.econometrics:Fitting ARDL model with lags=5, 
trend=c
C:\Anaconda\Lib\site-packages\statsmodels\tsa\base\tsa_model.py
:473: ValueWarning: No frequency information was provided, so 
inferred frequency B will be used.
  self._init_dates(dates, freq)
INFO:app.models.econometrics:ARDL fitted successfully. AIC: 
459.47, BIC: 473.52
INFO:app.models.econometrics:Fitting ARDL model with lags=5, 
trend=c
C:\Anaconda\Lib\site-packages\statsmodels\tsa\base\tsa_model.py
:473: ValueWarning: No frequency information was provided, so 
inferred frequency B will be used.
  self._init_dates(dates, freq)
INFO:app.models.econometrics:ARDL fitted successfully. AIC: 
458.09, BIC: 472.14
INFO:app.models.econometrics:Fitting ARDL model with lags=5, 
trend=c
C:\Anaconda\Lib\site-packages\statsmodels\tsa\base\tsa_model.py
:473: ValueWarning: No frequency information was provided, so 
inferred frequency B will be used.
  self._init_dates(dates, freq)
INFO:app.models.econometrics:ARDL fitted successfully. AIC: 
458.67, BIC: 472.72
INFO:app.models.econometrics:Fitting ARDL model with lags=5, 
trend=c
C:\Anaconda\Lib\site-packages\statsmodels\tsa\base\tsa_model.py
:473: ValueWarning: No frequency information was provided, so 
inferred frequency B will be used.
  self._init_dates(dates, freq)
INFO:app.models.econometrics:ARDL fitted successfully. AIC: 
456.79, BIC: 470.84
INFO:app.models.econometrics:Fitting ARDL model with lags=5, 
trend=c
C:\Anaconda\Lib\site-packages\statsmodels\tsa\base\tsa_model.py
:473: ValueWarning: No frequency information was provided, so 
inferred frequency B will be used.
  self._init_dates(dates, freq)
INFO:app.models.econometrics:ARDL fitted successfully. AIC: 
466.09, BIC: 480.14
INFO:app.models.econometrics:Fitting ARDL model with lags=5, 
trend=c
C:\Anaconda\Lib\site-packages\statsmodels\tsa\base\tsa_model.py
:473: ValueWarning: No frequency information was provided, so 
inferred frequency B will be used.
  self._init_dates(dates, freq)
INFO:app.models.econometrics:ARDL fitted successfully. AIC: 
461.96, BIC: 476.01
INFO:app.models.econometrics:Fitting ARDL model with lags=5, 
trend=c
C:\Anaconda\Lib\site-packages\statsmodels\tsa\base\tsa_model.py
:473: ValueWarning: No frequency information was provided, so 
inferred frequency B will be used.
  self._init_dates(dates, freq)
INFO:app.models.econometrics:ARDL fitted successfully. AIC: 
463.11, BIC: 477.16
INFO:app.models.econometrics:Fitting ARDL model with lags=5, 
trend=c
C:\Anaconda\Lib\site-packages\statsmodels\tsa\base\tsa_model.py
:473: ValueWarning: No frequency information was provided, so 
inferred frequency B will be used.
  self._init_dates(dates, freq)
INFO:app.models.econometrics:ARDL fitted successfully. AIC: 
465.87, BIC: 479.92
INFO:app.models.econometrics:Fitting ARDL model with lags=5, 
trend=c
C:\Anaconda\Lib\site-packages\statsmodels\tsa\base\tsa_model.py
:473: ValueWarning: No frequency information was provided, so 
inferred frequency B will be used.
  self._init_dates(dates, freq)
INFO:app.models.econometrics:ARDL fitted successfully. AIC: 
466.27, BIC: 480.32
INFO:app.models.econometrics:Fitting ARDL model with lags=5, 
trend=c
C:\Anaconda\Lib\site-packages\statsmodels\tsa\base\tsa_model.py
:473: ValueWarning: No frequency information was provided, so 
inferred frequency B will be used.
  self._init_dates(dates, freq)
INFO:app.models.econometrics:ARDL fitted successfully. AIC: 
466.39, BIC: 480.44
INFO:app.models.econometrics:Fitting ARDL model with lags=5, 
trend=c
C:\Anaconda\Lib\site-packages\statsmodels\tsa\base\tsa_model.py
:473: ValueWarning: No frequency information was provided, so 
inferred frequency B will be used.
  self._init_dates(dates, freq)
INFO:app.models.econometrics:ARDL fitted successfully. AIC: 
462.27, BIC: 476.32
INFO:app.models.econometrics:Fitting ARDL model with lags=5, 
trend=c
C:\Anaconda\Lib\site-packages\statsmodels\tsa\base\tsa_model.py
:473: ValueWarning: No frequency information was provided, so 
inferred frequency B will be used.
  self._init_dates(dates, freq)
INFO:app.models.econometrics:ARDL fitted successfully. AIC: 
462.08, BIC: 476.13

Epoch 1:   5%|4         | 3/64 [00:01<00:32,  1.86it/s, 
loss=1.06e+6]
Epoch 1:   6%|6         | 4/64 [00:01<00:27,  2.16it/s, 
loss=1.06e+6]INFO:app.models.econometrics:Fitting ARDL model 
with lags=5, trend=c
C:\Anaconda\Lib\site-packages\statsmodels\tsa\base\tsa_model.py
:473: ValueWarning: No frequency information was provided, so 
inferred frequency B will be used.
  self._init_dates(dates, freq)
INFO:app.models.econometrics:ARDL fitted successfully. AIC: 
460.33, BIC: 474.39
INFO:app.models.econometrics:Fitting ARDL model with lags=5, 
trend=c
C:\Anaconda\Lib\site-packages\statsmodels\tsa\base\tsa_model.py
:473: ValueWarning: No frequency information was provided, so 
inferred frequency B will be used.
  self._init_dates(dates, freq)
INFO:app.models.econometrics:ARDL fitted successfully. AIC: 
462.32, BIC: 476.37
INFO:app.models.econometrics:Fitting ARDL model with lags=5, 
trend=c
C:\Anaconda\Lib\site-packages\statsmodels\tsa\base\tsa_model.py
:473: ValueWarning: No frequency information was provided, so 
inferred frequency B will be used.
  self._init_dates(dates, freq)
INFO:app.models.econometrics:ARDL fitted successfully. AIC: 
463.50, BIC: 477.55
INFO:app.models.econometrics:Fitting ARDL model with lags=5, 
trend=c
C:\Anaconda\Lib\site-packages\statsmodels\tsa\base\tsa_model.py
:473: ValueWarning: No frequency information was provided, so 
inferred frequency B will be used.
  self._init_dates(dates, freq)
INFO:app.models.econometrics:ARDL fitted successfully. AIC: 
461.77, BIC: 475.82
INFO:app.models.econometrics:Fitting ARDL model with lags=5, 
trend=c
C:\Anaconda\Lib\site-packages\statsmodels\tsa\base\tsa_model.py
:473: ValueWarning: No frequency information was provided, so 
inferred frequency B will be used.
  self._init_dates(dates, freq)
INFO:app.models.econometrics:ARDL fitted successfully. AIC: 
460.27, BIC: 474.32
INFO:app.models.econometrics:Fitting ARDL model with lags=5, 
trend=c
C:\Anaconda\Lib\site-packages\statsmodels\tsa\base\tsa_model.py
:473: ValueWarning: No frequency information was provided, so 
inferred frequency B will be used.
  self._init_dates(dates, freq)
INFO:app.models.econometrics:ARDL fitted successfully. AIC: 
460.28, BIC: 474.33
INFO:app.models.econometrics:Fitting ARDL model with lags=5, 
trend=c
C:\Anaconda\Lib\site-packages\statsmodels\tsa\base\tsa_model.py
:473: ValueWarning: No frequency information was provided, so 
inferred frequency B will be used.
  self._init_dates(dates, freq)
INFO:app.models.econometrics:ARDL fitted successfully. AIC: 
463.61, BIC: 477.66
INFO:app.models.econometrics:Fitting ARDL model with lags=5, 
trend=c
C:\Anaconda\Lib\site-packages\statsmodels\tsa\base\tsa_model.py
:473: ValueWarning: No frequency information was provided, so 
inferred frequency B will be used.
  self._init_dates(dates, freq)
INFO:app.models.econometrics:ARDL fitted successfully. AIC: 
462.11, BIC: 476.16
INFO:app.models.econometrics:Fitting ARDL model with lags=5, 
trend=c
C:\Anaconda\Lib\site-packages\statsmodels\tsa\base\tsa_model.py
:473: ValueWarning: No frequency information was provided, so 
inferred frequency B will be used.
  self._init_dates(dates, freq)
INFO:app.models.econometrics:ARDL fitted successfully. AIC: 
462.28, BIC: 476.33
INFO:app.models.econometrics:Fitting ARDL model with lags=5, 
trend=c
C:\Anaconda\Lib\site-packages\statsmodels\tsa\base\tsa_model.py
:473: ValueWarning: No frequency information was provided, so 
inferred frequency B will be used.
  self._init_dates(dates, freq)
INFO:app.models.econometrics:ARDL fitted successfully. AIC: 
462.25, BIC: 476.31
INFO:app.models.econometrics:Fitting ARDL model with lags=5, 
trend=c
C:\Anaconda\Lib\site-packages\statsmodels\tsa\base\tsa_model.py
:473: ValueWarning: No frequency information was provided, so 
inferred frequency B will be used.
  self._init_dates(dates, freq)
INFO:app.models.econometrics:ARDL fitted successfully. AIC: 
458.81, BIC: 472.86
INFO:app.models.econometrics:Fitting ARDL model with lags=5, 
trend=c
C:\Anaconda\Lib\site-packages\statsmodels\tsa\base\tsa_model.py
:473: ValueWarning: No frequency information was provided, so 
inferred frequency B will be used.
  self._init_dates(dates, freq)
INFO:app.models.econometrics:ARDL fitted successfully. AIC: 
458.80, BIC: 472.85
INFO:app.models.econometrics:Fitting ARDL model with lags=5, 
trend=c
C:\Anaconda\Lib\site-packages\statsmodels\tsa\base\tsa_model.py
:473: ValueWarning: No frequency information was provided, so 
inferred frequency B will be used.
  self._init_dates(dates, freq)
INFO:app.models.econometrics:ARDL fitted successfully. AIC: 
460.35, BIC: 474.40
INFO:app.models.econometrics:Fitting ARDL model with lags=5, 
trend=c
C:\Anaconda\Lib\site-packages\statsmodels\tsa\base\tsa_model.py
:473: ValueWarning: No frequency information was provided, so 
inferred frequency B will be used.
  self._init_dates(dates, freq)
INFO:app.models.econometrics:ARDL fitted successfully. AIC: 
459.64, BIC: 473.69
INFO:app.models.econometrics:Fitting ARDL model with lags=5, 
trend=c
C:\Anaconda\Lib\site-packages\statsmodels\tsa\base\tsa_model.py
:473: ValueWarning: No frequency information was provided, so 
inferred frequency B will be used.
  self._init_dates(dates, freq)
INFO:app.models.econometrics:ARDL fitted successfully. AIC: 
455.59, BIC: 469.64
INFO:app.models.econometrics:Fitting ARDL model with lags=5, 
trend=c
C:\Anaconda\Lib\site-packages\statsmodels\tsa\base\tsa_model.py
:473: ValueWarning: No frequency information was provided, so 
inferred frequency B will be used.
  self._init_dates(dates, freq)
INFO:app.models.econometrics:ARDL fitted successfully. AIC: 
454.56, BIC: 468.61
INFO:app.models.econometrics:Fitting ARDL model with lags=5, 
trend=c
C:\Anaconda\Lib\site-packages\statsmodels\tsa\base\tsa_model.py
:473: ValueWarning: No frequency information was provided, so 
inferred frequency B will be used.
  self._init_dates(dates, freq)
INFO:app.models.econometrics:ARDL fitted successfully. AIC: 
455.54, BIC: 469.59
INFO:app.models.econometrics:Fitting ARDL model with lags=5, 
trend=c
C:\Anaconda\Lib\site-packages\statsmodels\tsa\base\tsa_model.py
:473: ValueWarning: No frequency information was provided, so 
inferred frequency B will be used.
  self._init_dates(dates, freq)
INFO:app.models.econometrics:ARDL fitted successfully. AIC: 
457.63, BIC: 471.68
INFO:app.models.econometrics:Fitting ARDL model with lags=5, 
trend=c
C:\Anaconda\Lib\site-packages\statsmodels\tsa\base\tsa_model.py
:473: ValueWarning: No frequency information was provided, so 
inferred frequency B will be used.
  self._init_dates(dates, freq)
INFO:app.models.econometrics:ARDL fitted successfully. AIC: 
457.74, BIC: 471.79
INFO:app.models.econometrics:Fitting ARDL model with lags=5, 
trend=c
C:\Anaconda\Lib\site-packages\statsmodels\tsa\base\tsa_model.py
:473: ValueWarning: No frequency information was provided, so 
inferred frequency B will be used.
  self._init_dates(dates, freq)
INFO:app.models.econometrics:ARDL fitted successfully. AIC: 
458.19, BIC: 472.24
INFO:app.models.econometrics:Fitting ARDL model with lags=5, 
trend=c
C:\Anaconda\Lib\site-packages\statsmodels\tsa\base\tsa_model.py
:473: ValueWarning: No frequency information was provided, so 
inferred frequency B will be used.
  self._init_dates(dates, freq)
INFO:app.models.econometrics:ARDL fitted successfully. AIC: 
457.48, BIC: 471.53
INFO:app.models.econometrics:Fitting ARDL model with lags=5, 
trend=c
C:\Anaconda\Lib\site-packages\statsmodels\tsa\base\tsa_model.py
:473: ValueWarning: No frequency information was provided, so 
inferred frequency B will be used.
  self._init_dates(dates, freq)
INFO:app.models.econometrics:ARDL fitted successfully. AIC: 
457.51, BIC: 471.56
INFO:app.models.econometrics:Fitting ARDL model with lags=5, 
trend=c
C:\Anaconda\Lib\site-packages\statsmodels\tsa\base\tsa_model.py
:473: ValueWarning: No frequency information was provided, so 
inferred frequency B will be used.
  self._init_dates(dates, freq)
INFO:app.models.econometrics:ARDL fitted successfully. AIC: 
474.87, BIC: 488.92
INFO:app.models.econometrics:Fitting ARDL model with lags=5, 
trend=c
C:\Anaconda\Lib\site-packages\statsmodels\tsa\base\tsa_model.py
:473: ValueWarning: No frequency information was provided, so 
inferred frequency B will be used.
  self._init_dates(dates, freq)
INFO:app.models.econometrics:ARDL fitted successfully. AIC: 
474.00, BIC: 488.05
INFO:app.models.econometrics:Fitting ARDL model with lags=5, 
trend=c
C:\Anaconda\Lib\site-packages\statsmodels\tsa\base\tsa_model.py
:473: ValueWarning: No frequency information was provided, so 
inferred frequency B will be used.
  self._init_dates(dates, freq)
INFO:app.models.econometrics:ARDL fitted successfully. AIC: 
474.99, BIC: 489.05
INFO:app.models.econometrics:Fitting ARDL model with lags=5, 
trend=c
C:\Anaconda\Lib\site-packages\statsmodels\tsa\base\tsa_model.py
:473: ValueWarning: No frequency information was provided, so 
inferred frequency B will be used.
  self._init_dates(dates, freq)
INFO:app.models.econometrics:ARDL fitted successfully. AIC: 
475.58, BIC: 489.63
INFO:app.models.econometrics:Fitting ARDL model with lags=5, 
trend=c
C:\Anaconda\Lib\site-packages\statsmodels\tsa\base\tsa_model.py
:473: ValueWarning: No frequency information was provided, so 
inferred frequency B will be used.
  self._init_dates(dates, freq)
INFO:app.models.econometrics:ARDL fitted successfully. AIC: 
475.40, BIC: 489.45
INFO:app.models.econometrics:Fitting ARDL model with lags=5, 
trend=c
C:\Anaconda\Lib\site-packages\statsmodels\tsa\base\tsa_model.py
:473: ValueWarning: No frequency information was provided, so 
inferred frequency B will be used.
  self._init_dates(dates, freq)
INFO:app.models.econometrics:ARDL fitted successfully. AIC: 
475.60, BIC: 489.65
INFO:app.models.econometrics:Fitting ARDL model with lags=5, 
trend=c
C:\Anaconda\Lib\site-packages\statsmodels\tsa\base\tsa_model.py
:473: ValueWarning: No frequency information was provided, so 
inferred frequency B will be used.
  self._init_dates(dates, freq)
INFO:app.models.econometrics:ARDL fitted successfully. AIC: 
475.38, BIC: 489.44
INFO:app.models.econometrics:Fitting ARDL model with lags=5, 
trend=c
C:\Anaconda\Lib\site-packages\statsmodels\tsa\base\tsa_model.py
:473: ValueWarning: No frequency information was provided, so 
inferred frequency B will be used.
  self._init_dates(dates, freq)
INFO:app.models.econometrics:ARDL fitted successfully. AIC: 
475.78, BIC: 489.83
INFO:app.models.econometrics:Fitting ARDL model with lags=5, 
trend=c
C:\Anaconda\Lib\site-packages\statsmodels\tsa\base\tsa_model.py
:473: ValueWarning: No frequency information was provided, so 
inferred frequency B will be used.
  self._init_dates(dates, freq)
INFO:app.models.econometrics:ARDL fitted successfully. AIC: 
475.49, BIC: 489.54
INFO:app.models.econometrics:Fitting ARDL model with lags=5, 
trend=c
C:\Anaconda\Lib\site-packages\statsmodels\tsa\base\tsa_model.py
:473: ValueWarning: No frequency information was provided, so 
inferred frequency B will be used.
  self._init_dates(dates, freq)
INFO:app.models.econometrics:ARDL fitted successfully. AIC: 
474.14, BIC: 488.19

Epoch 1:   6%|6         | 4/64 [00:02<00:27,  2.16it/s, 
loss=1.17e+6]
Epoch 1:   8%|7         | 5/64 [00:02<00:24,  2.43it/s, 
loss=1.17e+6]INFO:app.models.econometrics:Fitting ARDL model 
with lags=5, trend=c
C:\Anaconda\Lib\site-packages\statsmodels\tsa\base\tsa_model.py
:473: ValueWarning: No frequency information was provided, so 
inferred frequency B will be used.
  self._init_dates(dates, freq)
INFO:app.models.econometrics:ARDL fitted successfully. AIC: 
473.93, BIC: 487.98
INFO:app.models.econometrics:Fitting ARDL model with lags=5, 
trend=c
C:\Anaconda\Lib\site-packages\statsmodels\tsa\base\tsa_model.py
:473: ValueWarning: No frequency information was provided, so 
inferred frequency B will be used.
  self._init_dates(dates, freq)
INFO:app.models.econometrics:ARDL fitted successfully. AIC: 
479.18, BIC: 493.23
INFO:app.models.econometrics:Fitting ARDL model with lags=5, 
trend=c
C:\Anaconda\Lib\site-packages\statsmodels\tsa\base\tsa_model.py
:473: ValueWarning: No frequency information was provided, so 
inferred frequency B will be used.
  self._init_dates(dates, freq)
INFO:app.models.econometrics:ARDL fitted successfully. AIC: 
484.93, BIC: 498.98
INFO:app.models.econometrics:Fitting ARDL model with lags=5, 
trend=c
C:\Anaconda\Lib\site-packages\statsmodels\tsa\base\tsa_model.py
:473: ValueWarning: No frequency information was provided, so 
inferred frequency B will be used.
  self._init_dates(dates, freq)
INFO:app.models.econometrics:ARDL fitted successfully. AIC: 
483.32, BIC: 497.37
INFO:app.models.econometrics:Fitting ARDL model with lags=5, 
trend=c
C:\Anaconda\Lib\site-packages\statsmodels\tsa\base\tsa_model.py
:473: ValueWarning: No frequency information was provided, so 
inferred frequency B will be used.
  self._init_dates(dates, freq)
INFO:app.models.econometrics:ARDL fitted successfully. AIC: 
485.31, BIC: 499.36
INFO:app.models.econometrics:Fitting ARDL model with lags=5, 
trend=c
C:\Anaconda\Lib\site-packages\statsmodels\tsa\base\tsa_model.py
:473: ValueWarning: No frequency information was provided, so 
inferred frequency B will be used.
  self._init_dates(dates, freq)
INFO:app.models.econometrics:ARDL fitted successfully. AIC: 
484.22, BIC: 498.27
INFO:app.models.econometrics:Fitting ARDL model with lags=5, 
trend=c
C:\Anaconda\Lib\site-packages\statsmodels\tsa\base\tsa_model.py
:473: ValueWarning: No frequency information was provided, so 
inferred frequency B will be used.
  self._init_dates(dates, freq)
INFO:app.models.econometrics:ARDL fitted successfully. AIC: 
484.66, BIC: 498.71
INFO:app.models.econometrics:Fitting ARDL model with lags=5, 
trend=c
C:\Anaconda\Lib\site-packages\statsmodels\tsa\base\tsa_model.py
:473: ValueWarning: No frequency information was provided, so 
inferred frequency B will be used.
  self._init_dates(dates, freq)
INFO:app.models.econometrics:ARDL fitted successfully. AIC: 
484.17, BIC: 498.22
INFO:app.models.econometrics:Fitting ARDL model with lags=5, 
trend=c
C:\Anaconda\Lib\site-packages\statsmodels\tsa\base\tsa_model.py
:473: ValueWarning: No frequency information was provided, so 
inferred frequency B will be used.
  self._init_dates(dates, freq)
INFO:app.models.econometrics:ARDL fitted successfully. AIC: 
485.70, BIC: 499.75
INFO:app.models.econometrics:Fitting ARDL model with lags=5, 
trend=c
C:\Anaconda\Lib\site-packages\statsmodels\tsa\base\tsa_model.py
:473: ValueWarning: No frequency information was provided, so 
inferred frequency B will be used.
  self._init_dates(dates, freq)
INFO:app.models.econometrics:ARDL fitted successfully. AIC: 
486.10, BIC: 500.15
INFO:app.models.econometrics:Fitting ARDL model with lags=5, 
trend=c
C:\Anaconda\Lib\site-packages\statsmodels\tsa\base\tsa_model.py
:473: ValueWarning: No frequency information was provided, so 
inferred frequency B will be used.
  self._init_dates(dates, freq)
INFO:app.models.econometrics:ARDL fitted successfully. AIC: 
486.87, BIC: 500.92
INFO:app.models.econometrics:Fitting ARDL model with lags=5, 
trend=c
C:\Anaconda\Lib\site-packages\statsmodels\tsa\base\tsa_model.py
:473: ValueWarning: No frequency information was provided, so 
inferred frequency B will be used.
  self._init_dates(dates, freq)
INFO:app.models.econometrics:ARDL fitted successfully. AIC: 
487.13, BIC: 501.18
INFO:app.models.econometrics:Fitting ARDL model with lags=5, 
trend=c
C:\Anaconda\Lib\site-packages\statsmodels\tsa\base\tsa_model.py
:473: ValueWarning: No frequency information was provided, so 
inferred frequency B will be used.
  self._init_dates(dates, freq)
INFO:app.models.econometrics:ARDL fitted successfully. AIC: 
487.02, BIC: 501.07
INFO:app.models.econometrics:Fitting ARDL model with lags=5, 
trend=c
C:\Anaconda\Lib\site-packages\statsmodels\tsa\base\tsa_model.py
:473: ValueWarning: No frequency information was provided, so 
inferred frequency B will be used.
  self._init_dates(dates, freq)
INFO:app.models.econometrics:ARDL fitted successfully. AIC: 
486.12, BIC: 500.18
INFO:app.models.econometrics:Fitting ARDL model with lags=5, 
trend=c
C:\Anaconda\Lib\site-packages\statsmodels\tsa\base\tsa_model.py
:473: ValueWarning: No frequency information was provided, so 
inferred frequency B will be used.
  self._init_dates(dates, freq)
INFO:app.models.econometrics:ARDL fitted successfully. AIC: 
486.09, BIC: 500.14
INFO:app.models.econometrics:Fitting ARDL model with lags=5, 
trend=c
C:\Anaconda\Lib\site-packages\statsmodels\tsa\base\tsa_model.py
:473: ValueWarning: No frequency information was provided, so 
inferred frequency B will be used.
  self._init_dates(dates, freq)
INFO:app.models.econometrics:ARDL fitted successfully. AIC: 
485.09, BIC: 499.14
INFO:app.models.econometrics:Fitting ARDL model with lags=5, 
trend=c
C:\Anaconda\Lib\site-packages\statsmodels\tsa\base\tsa_model.py
:473: ValueWarning: No frequency information was provided, so 
inferred frequency B will be used.
  self._init_dates(dates, freq)
INFO:app.models.econometrics:ARDL fitted successfully. AIC: 
485.32, BIC: 499.37
INFO:app.models.econometrics:Fitting ARDL model with lags=5, 
trend=c
C:\Anaconda\Lib\site-packages\statsmodels\tsa\base\tsa_model.py
:473: ValueWarning: No frequency information was provided, so 
inferred frequency B will be used.
  self._init_dates(dates, freq)
INFO:app.models.econometrics:ARDL fitted successfully. AIC: 
488.53, BIC: 502.58
INFO:app.models.econometrics:Fitting ARDL model with lags=5, 
trend=c
C:\Anaconda\Lib\site-packages\statsmodels\tsa\base\tsa_model.py
:473: ValueWarning: No frequency information was provided, so 
inferred frequency B will be used.
  self._init_dates(dates, freq)
INFO:app.models.econometrics:ARDL fitted successfully. AIC: 
486.71, BIC: 500.76
INFO:app.models.econometrics:Fitting ARDL model with lags=5, 
trend=c
C:\Anaconda\Lib\site-packages\statsmodels\tsa\base\tsa_model.py
:473: ValueWarning: No frequency information was provided, so 
inferred frequency B will be used.
  self._init_dates(dates, freq)
INFO:app.models.econometrics:ARDL fitted successfully. AIC: 
486.67, BIC: 500.72
INFO:app.models.econometrics:Fitting ARDL model with lags=5, 
trend=c
C:\Anaconda\Lib\site-packages\statsmodels\tsa\base\tsa_model.py
:473: ValueWarning: No frequency information was provided, so 
inferred frequency B will be used.
  self._init_dates(dates, freq)
INFO:app.models.econometrics:ARDL fitted successfully. AIC: 
487.82, BIC: 501.87
INFO:app.models.econometrics:Fitting ARDL model with lags=5, 
trend=c
C:\Anaconda\Lib\site-packages\statsmodels\tsa\base\tsa_model.py
:473: ValueWarning: No frequency information was provided, so 
inferred frequency B will be used.
  self._init_dates(dates, freq)
INFO:app.models.econometrics:ARDL fitted successfully. AIC: 
488.49, BIC: 502.55
INFO:app.models.econometrics:Fitting ARDL model with lags=5, 
trend=c
C:\Anaconda\Lib\site-packages\statsmodels\tsa\base\tsa_model.py
:473: ValueWarning: No frequency information was provided, so 
inferred frequency B will be used.
  self._init_dates(dates, freq)
INFO:app.models.econometrics:ARDL fitted successfully. AIC: 
488.46, BIC: 502.51
INFO:app.models.econometrics:Fitting ARDL model with lags=5, 
trend=c
C:\Anaconda\Lib\site-packages\statsmodels\tsa\base\tsa_model.py
:473: ValueWarning: No frequency information was provided, so 
inferred frequency B will be used.
  self._init_dates(dates, freq)
INFO:app.models.econometrics:ARDL fitted successfully. AIC: 
488.63, BIC: 502.68
INFO:app.models.econometrics:Fitting ARDL model with lags=5, 
trend=c
C:\Anaconda\Lib\site-packages\statsmodels\tsa\base\tsa_model.py
:473: ValueWarning: No frequency information was provided, so 
inferred frequency B will be used.
  self._init_dates(dates, freq)
INFO:app.models.econometrics:ARDL fitted successfully. AIC: 
488.64, BIC: 502.69
INFO:app.models.econometrics:Fitting ARDL model with lags=5, 
trend=c
C:\Anaconda\Lib\site-packages\statsmodels\tsa\base\tsa_model.py
:473: ValueWarning: No frequency information was provided, so 
inferred frequency B will be used.
  self._init_dates(dates, freq)
INFO:app.models.econometrics:ARDL fitted successfully. AIC: 
487.11, BIC: 501.16
INFO:app.models.econometrics:Fitting ARDL model with lags=5, 
trend=c
C:\Anaconda\Lib\site-packages\statsmodels\tsa\base\tsa_model.py
:473: ValueWarning: No frequency information was provided, so 
inferred frequency B will be used.
  self._init_dates(dates, freq)
INFO:app.models.econometrics:ARDL fitted successfully. AIC: 
486.55, BIC: 500.60
INFO:app.models.econometrics:Fitting ARDL model with lags=5, 
trend=c
C:\Anaconda\Lib\site-packages\statsmodels\tsa\base\tsa_model.py
:473: ValueWarning: No frequency information was provided, so 
inferred frequency B will be used.
  self._init_dates(dates, freq)
INFO:app.models.econometrics:ARDL fitted successfully. AIC: 
486.60, BIC: 500.65
INFO:app.models.econometrics:Fitting ARDL model with lags=5, 
trend=c
C:\Anaconda\Lib\site-packages\statsmodels\tsa\base\tsa_model.py
:473: ValueWarning: No frequency information was provided, so 
inferred frequency B will be used.
  self._init_dates(dates, freq)
INFO:app.models.econometrics:ARDL fitted successfully. AIC: 
486.84, BIC: 500.89
INFO:app.models.econometrics:Fitting ARDL model with lags=5, 
trend=c
C:\Anaconda\Lib\site-packages\statsmodels\tsa\base\tsa_model.py
:473: ValueWarning: No frequency information was provided, so 
inferred frequency B will be used.
  self._init_dates(dates, freq)
INFO:app.models.econometrics:ARDL fitted successfully. AIC: 
487.15, BIC: 501.20
INFO:app.models.econometrics:Fitting ARDL model with lags=5, 
trend=c
C:\Anaconda\Lib\site-packages\statsmodels\tsa\base\tsa_model.py
:473: ValueWarning: No frequency information was provided, so 
inferred frequency B will be used.
  self._init_dates(dates, freq)
INFO:app.models.econometrics:ARDL fitted successfully. AIC: 
487.25, BIC: 501.30
INFO:app.models.econometrics:Fitting ARDL model with lags=5, 
trend=c
C:\Anaconda\Lib\site-packages\statsmodels\tsa\base\tsa_model.py
:473: ValueWarning: No frequency information was provided, so 
inferred frequency B will be used.
  self._init_dates(dates, freq)
INFO:app.models.econometrics:ARDL fitted successfully. AIC: 
488.51, BIC: 502.56

Epoch 1:   8%|7         | 5/64 [00:02<00:24,  2.43it/s, 
loss=1.29e+6]
Epoch 1:   9%|9         | 6/64 [00:02<00:23,  2.45it/s, 
loss=1.29e+6]INFO:app.models.econometrics:Fitting ARDL model 
with lags=5, trend=c
C:\Anaconda\Lib\site-packages\statsmodels\tsa\base\tsa_model.py
:473: ValueWarning: No frequency information was provided, so 
inferred frequency B will be used.
  self._init_dates(dates, freq)
INFO:app.models.econometrics:ARDL fitted successfully. AIC: 
487.56, BIC: 501.61
INFO:app.models.econometrics:Fitting ARDL model with lags=5, 
trend=c
C:\Anaconda\Lib\site-packages\statsmodels\tsa\base\tsa_model.py
:473: ValueWarning: No frequency information was provided, so 
inferred frequency B will be used.
  self._init_dates(dates, freq)
INFO:app.models.econometrics:ARDL fitted successfully. AIC: 
492.34, BIC: 506.39
INFO:app.models.econometrics:Fitting ARDL model with lags=5, 
trend=c
C:\Anaconda\Lib\site-packages\statsmodels\tsa\base\tsa_model.py
:473: ValueWarning: No frequency information was provided, so 
inferred frequency B will be used.
  self._init_dates(dates, freq)
INFO:app.models.econometrics:ARDL fitted successfully. AIC: 
493.86, BIC: 507.92
INFO:app.models.econometrics:Fitting ARDL model with lags=5, 
trend=c
C:\Anaconda\Lib\site-packages\statsmodels\tsa\base\tsa_model.py
:473: ValueWarning: No frequency information was provided, so 
inferred frequency B will be used.
  self._init_dates(dates, freq)
INFO:app.models.econometrics:ARDL fitted successfully. AIC: 
492.34, BIC: 506.39
INFO:app.models.econometrics:Fitting ARDL model with lags=5, 
trend=c
C:\Anaconda\Lib\site-packages\statsmodels\tsa\base\tsa_model.py
:473: ValueWarning: No frequency information was provided, so 
inferred frequency B will be used.
  self._init_dates(dates, freq)
INFO:app.models.econometrics:ARDL fitted successfully. AIC: 
491.92, BIC: 505.97
INFO:app.models.econometrics:Fitting ARDL model with lags=5, 
trend=c
C:\Anaconda\Lib\site-packages\statsmodels\tsa\base\tsa_model.py
:473: ValueWarning: No frequency information was provided, so 
inferred frequency B will be used.
  self._init_dates(dates, freq)
INFO:app.models.econometrics:ARDL fitted successfully. AIC: 
493.10, BIC: 507.16
INFO:app.models.econometrics:Fitting ARDL model with lags=5, 
trend=c
C:\Anaconda\Lib\site-packages\statsmodels\tsa\base\tsa_model.py
:473: ValueWarning: No frequency information was provided, so 
inferred frequency B will be used.
  self._init_dates(dates, freq)
INFO:app.models.econometrics:ARDL fitted successfully. AIC: 
493.21, BIC: 507.27
INFO:app.models.econometrics:Fitting ARDL model with lags=5, 
trend=c
C:\Anaconda\Lib\site-packages\statsmodels\tsa\base\tsa_model.py
:473: ValueWarning: No frequency information was provided, so 
inferred frequency B will be used.
  self._init_dates(dates, freq)
INFO:app.models.econometrics:ARDL fitted successfully. AIC: 
493.77, BIC: 507.82
INFO:app.models.econometrics:Fitting ARDL model with lags=5, 
trend=c
C:\Anaconda\Lib\site-packages\statsmodels\tsa\base\tsa_model.py
:473: ValueWarning: No frequency information was provided, so 
inferred frequency B will be used.
  self._init_dates(dates, freq)
INFO:app.models.econometrics:ARDL fitted successfully. AIC: 
491.19, BIC: 505.24
INFO:app.models.econometrics:Fitting ARDL model with lags=5, 
trend=c
C:\Anaconda\Lib\site-packages\statsmodels\tsa\base\tsa_model.py
:473: ValueWarning: No frequency information was provided, so 
inferred frequency B will be used.
  self._init_dates(dates, freq)
INFO:app.models.econometrics:ARDL fitted successfully. AIC: 
487.09, BIC: 501.14
INFO:app.models.econometrics:Fitting ARDL model with lags=5, 
trend=c
C:\Anaconda\Lib\site-packages\statsmodels\tsa\base\tsa_model.py
:473: ValueWarning: No frequency information was provided, so 
inferred frequency B will be used.
  self._init_dates(dates, freq)
INFO:app.models.econometrics:ARDL fitted successfully. AIC: 
485.24, BIC: 499.29
INFO:app.models.econometrics:Fitting ARDL model with lags=5, 
trend=c
C:\Anaconda\Lib\site-packages\statsmodels\tsa\base\tsa_model.py
:473: ValueWarning: No frequency information was provided, so 
inferred frequency B will be used.
  self._init_dates(dates, freq)
INFO:app.models.econometrics:ARDL fitted successfully. AIC: 
490.85, BIC: 504.90
INFO:app.models.econometrics:Fitting ARDL model with lags=5, 
trend=c
C:\Anaconda\Lib\site-packages\statsmodels\tsa\base\tsa_model.py
:473: ValueWarning: No frequency information was provided, so 
inferred frequency B will be used.
  self._init_dates(dates, freq)
INFO:app.models.econometrics:ARDL fitted successfully. AIC: 
489.19, BIC: 503.24
INFO:app.models.econometrics:Fitting ARDL model with lags=5, 
trend=c
C:\Anaconda\Lib\site-packages\statsmodels\tsa\base\tsa_model.py
:473: ValueWarning: No frequency information was provided, so 
inferred frequency B will be used.
  self._init_dates(dates, freq)
INFO:app.models.econometrics:ARDL fitted successfully. AIC: 
487.15, BIC: 501.20
INFO:app.models.econometrics:Fitting ARDL model with lags=5, 
trend=c
C:\Anaconda\Lib\site-packages\statsmodels\tsa\base\tsa_model.py
:473: ValueWarning: No frequency information was provided, so 
inferred frequency B will be used.
  self._init_dates(dates, freq)
INFO:app.models.econometrics:ARDL fitted successfully. AIC: 
488.36, BIC: 502.41
INFO:app.models.econometrics:Fitting ARDL model with lags=5, 
trend=c
C:\Anaconda\Lib\site-packages\statsmodels\tsa\base\tsa_model.py
:473: ValueWarning: No frequency information was provided, so 
inferred frequency B will be used.
  self._init_dates(dates, freq)
INFO:app.models.econometrics:ARDL fitted successfully. AIC: 
489.71, BIC: 503.76
INFO:app.models.econometrics:Fitting ARDL model with lags=5, 
trend=c
C:\Anaconda\Lib\site-packages\statsmodels\tsa\base\tsa_model.py
:473: ValueWarning: No frequency information was provided, so 
inferred frequency B will be used.
  self._init_dates(dates, freq)
INFO:app.models.econometrics:ARDL fitted successfully. AIC: 
491.75, BIC: 505.80
INFO:app.models.econometrics:Fitting ARDL model with lags=5, 
trend=c
C:\Anaconda\Lib\site-packages\statsmodels\tsa\base\tsa_model.py
:473: ValueWarning: No frequency information was provided, so 
inferred frequency B will be used.
  self._init_dates(dates, freq)
INFO:app.models.econometrics:ARDL fitted successfully. AIC: 
491.82, BIC: 505.87
INFO:app.models.econometrics:Fitting ARDL model with lags=5, 
trend=c
C:\Anaconda\Lib\site-packages\statsmodels\tsa\base\tsa_model.py
:473: ValueWarning: No frequency information was provided, so 
inferred frequency B will be used.
  self._init_dates(dates, freq)
INFO:app.models.econometrics:ARDL fitted successfully. AIC: 
491.98, BIC: 506.03
INFO:app.models.econometrics:Fitting ARDL model with lags=5, 
trend=c
C:\Anaconda\Lib\site-packages\statsmodels\tsa\base\tsa_model.py
:473: ValueWarning: No frequency information was provided, so 
inferred frequency B will be used.
  self._init_dates(dates, freq)
INFO:app.models.econometrics:ARDL fitted successfully. AIC: 
492.79, BIC: 506.84
INFO:app.models.econometrics:Fitting ARDL model with lags=5, 
trend=c
C:\Anaconda\Lib\site-packages\statsmodels\tsa\base\tsa_model.py
:473: ValueWarning: No frequency information was provided, so 
inferred frequency B will be used.
  self._init_dates(dates, freq)
INFO:app.models.econometrics:ARDL fitted successfully. AIC: 
493.99, BIC: 508.04
INFO:app.models.econometrics:Fitting ARDL model with lags=5, 
trend=c
C:\Anaconda\Lib\site-packages\statsmodels\tsa\base\tsa_model.py
:473: ValueWarning: No frequency information was provided, so 
inferred frequency B will be used.
  self._init_dates(dates, freq)
INFO:app.models.econometrics:ARDL fitted successfully. AIC: 
494.53, BIC: 508.58
INFO:app.models.econometrics:Fitting ARDL model with lags=5, 
trend=c
C:\Anaconda\Lib\site-packages\statsmodels\tsa\base\tsa_model.py
:473: ValueWarning: No frequency information was provided, so 
inferred frequency B will be used.
  self._init_dates(dates, freq)
INFO:app.models.econometrics:ARDL fitted successfully. AIC: 
494.21, BIC: 508.26
INFO:app.models.econometrics:Fitting ARDL model with lags=5, 
trend=c
C:\Anaconda\Lib\site-packages\statsmodels\tsa\base\tsa_model.py
:473: ValueWarning: No frequency information was provided, so 
inferred frequency B will be used.
  self._init_dates(dates, freq)
INFO:app.models.econometrics:ARDL fitted successfully. AIC: 
494.87, BIC: 508.92
INFO:app.models.econometrics:Fitting ARDL model with lags=5, 
trend=c
C:\Anaconda\Lib\site-packages\statsmodels\tsa\base\tsa_model.py
:473: ValueWarning: No frequency information was provided, so 
inferred frequency B will be used.
  self._init_dates(dates, freq)
INFO:app.models.econometrics:ARDL fitted successfully. AIC: 
490.15, BIC: 504.20
INFO:app.models.econometrics:Fitting ARDL model with lags=5, 
trend=c
C:\Anaconda\Lib\site-packages\statsmodels\tsa\base\tsa_model.py
:473: ValueWarning: No frequency information was provided, so 
inferred frequency B will be used.
  self._init_dates(dates, freq)
INFO:app.models.econometrics:ARDL fitted successfully. AIC: 
488.77, BIC: 502.82
INFO:app.models.econometrics:Fitting ARDL model with lags=5, 
trend=c
C:\Anaconda\Lib\site-packages\statsmodels\tsa\base\tsa_model.py
:473: ValueWarning: No frequency information was provided, so 
inferred frequency B will be used.
  self._init_dates(dates, freq)
INFO:app.models.econometrics:ARDL fitted successfully. AIC: 
488.38, BIC: 502.43
INFO:app.models.econometrics:Fitting ARDL model with lags=5, 
trend=c
C:\Anaconda\Lib\site-packages\statsmodels\tsa\base\tsa_model.py
:473: ValueWarning: No frequency information was provided, so 
inferred frequency B will be used.
  self._init_dates(dates, freq)
INFO:app.models.econometrics:ARDL fitted successfully. AIC: 
485.18, BIC: 499.23
INFO:app.models.econometrics:Fitting ARDL model with lags=5, 
trend=c
C:\Anaconda\Lib\site-packages\statsmodels\tsa\base\tsa_model.py
:473: ValueWarning: No frequency information was provided, so 
inferred frequency B will be used.
  self._init_dates(dates, freq)
INFO:app.models.econometrics:ARDL fitted successfully. AIC: 
485.40, BIC: 499.45
INFO:app.models.econometrics:Fitting ARDL model with lags=5, 
trend=c
C:\Anaconda\Lib\site-packages\statsmodels\tsa\base\tsa_model.py
:473: ValueWarning: No frequency information was provided, so 
inferred frequency B will be used.
  self._init_dates(dates, freq)
INFO:app.models.econometrics:ARDL fitted successfully. AIC: 
484.77, BIC: 498.82
INFO:app.models.econometrics:Fitting ARDL model with lags=5, 
trend=c
C:\Anaconda\Lib\site-packages\statsmodels\tsa\base\tsa_model.py
:473: ValueWarning: No frequency information was provided, so 
inferred frequency B will be used.
  self._init_dates(dates, freq)
INFO:app.models.econometrics:ARDL fitted successfully. AIC: 
484.99, BIC: 499.04
INFO:app.models.econometrics:Fitting ARDL model with lags=5, 
trend=c
C:\Anaconda\Lib\site-packages\statsmodels\tsa\base\tsa_model.py
:473: ValueWarning: No frequency information was provided, so 
inferred frequency B will be used.
  self._init_dates(dates, freq)
INFO:app.models.econometrics:ARDL fitted successfully. AIC: 
487.14, BIC: 501.19

Epoch 1:   9%|9         | 6/64 [00:03<00:23,  2.45it/s, 
loss=1.3e+6] 
Epoch 1:  11%|#         | 7/64 [00:03<00:22,  2.53it/s, 
loss=1.3e+6]INFO:app.models.econometrics:Fitting ARDL model 
with lags=5, trend=c
C:\Anaconda\Lib\site-packages\statsmodels\tsa\base\tsa_model.py
:473: ValueWarning: No frequency information was provided, so 
inferred frequency B will be used.
  self._init_dates(dates, freq)
INFO:app.models.econometrics:ARDL fitted successfully. AIC: 
486.85, BIC: 500.91
INFO:app.models.econometrics:Fitting ARDL model with lags=5, 
trend=c
C:\Anaconda\Lib\site-packages\statsmodels\tsa\base\tsa_model.py
:473: ValueWarning: No frequency information was provided, so 
inferred frequency B will be used.
  self._init_dates(dates, freq)
INFO:app.models.econometrics:ARDL fitted successfully. AIC: 
491.01, BIC: 505.06
INFO:app.models.econometrics:Fitting ARDL model with lags=5, 
trend=c
C:\Anaconda\Lib\site-packages\statsmodels\tsa\base\tsa_model.py
:473: ValueWarning: No frequency information was provided, so 
inferred frequency B will be used.
  self._init_dates(dates, freq)
INFO:app.models.econometrics:ARDL fitted successfully. AIC: 
492.67, BIC: 506.72
INFO:app.models.econometrics:Fitting ARDL model with lags=5, 
trend=c
C:\Anaconda\Lib\site-packages\statsmodels\tsa\base\tsa_model.py
:473: ValueWarning: No frequency information was provided, so 
inferred frequency B will be used.
  self._init_dates(dates, freq)
INFO:app.models.econometrics:ARDL fitted successfully. AIC: 
492.69, BIC: 506.74
INFO:app.models.econometrics:Fitting ARDL model with lags=5, 
trend=c
C:\Anaconda\Lib\site-packages\statsmodels\tsa\base\tsa_model.py
:473: ValueWarning: No frequency information was provided, so 
inferred frequency B will be used.
  self._init_dates(dates, freq)
INFO:app.models.econometrics:ARDL fitted successfully. AIC: 
492.85, BIC: 506.90
INFO:app.models.econometrics:Fitting ARDL model with lags=5, 
trend=c
C:\Anaconda\Lib\site-packages\statsmodels\tsa\base\tsa_model.py
:473: ValueWarning: No frequency information was provided, so 
inferred frequency B will be used.
  self._init_dates(dates, freq)
INFO:app.models.econometrics:ARDL fitted successfully. AIC: 
492.65, BIC: 506.70
INFO:app.models.econometrics:Fitting ARDL model with lags=5, 
trend=c
C:\Anaconda\Lib\site-packages\statsmodels\tsa\base\tsa_model.py
:473: ValueWarning: No frequency information was provided, so 
inferred frequency B will be used.
  self._init_dates(dates, freq)
INFO:app.models.econometrics:ARDL fitted successfully. AIC: 
489.87, BIC: 503.92
INFO:app.models.econometrics:Fitting ARDL model with lags=5, 
trend=c
C:\Anaconda\Lib\site-packages\statsmodels\tsa\base\tsa_model.py
:473: ValueWarning: No frequency information was provided, so 
inferred frequency B will be used.
  self._init_dates(dates, freq)
INFO:app.models.econometrics:ARDL fitted successfully. AIC: 
488.97, BIC: 503.02
INFO:app.models.econometrics:Fitting ARDL model with lags=5, 
trend=c
C:\Anaconda\Lib\site-packages\statsmodels\tsa\base\tsa_model.py
:473: ValueWarning: No frequency information was provided, so 
inferred frequency B will be used.
  self._init_dates(dates, freq)
INFO:app.models.econometrics:ARDL fitted successfully. AIC: 
486.41, BIC: 500.46
INFO:app.models.econometrics:Fitting ARDL model with lags=5, 
trend=c
C:\Anaconda\Lib\site-packages\statsmodels\tsa\base\tsa_model.py
:473: ValueWarning: No frequency information was provided, so 
inferred frequency B will be used.
  self._init_dates(dates, freq)
INFO:app.models.econometrics:ARDL fitted successfully. AIC: 
486.53, BIC: 500.58
INFO:app.models.econometrics:Fitting ARDL model with lags=5, 
trend=c
C:\Anaconda\Lib\site-packages\statsmodels\tsa\base\tsa_model.py
:473: ValueWarning: No frequency information was provided, so 
inferred frequency B will be used.
  self._init_dates(dates, freq)
INFO:app.models.econometrics:ARDL fitted successfully. AIC: 
486.42, BIC: 500.48
INFO:app.models.econometrics:Fitting ARDL model with lags=5, 
trend=c
C:\Anaconda\Lib\site-packages\statsmodels\tsa\base\tsa_model.py
:473: ValueWarning: No frequency information was provided, so 
inferred frequency B will be used.
  self._init_dates(dates, freq)
INFO:app.models.econometrics:ARDL fitted successfully. AIC: 
486.36, BIC: 500.41
INFO:app.models.econometrics:Fitting ARDL model with lags=5, 
trend=c
C:\Anaconda\Lib\site-packages\statsmodels\tsa\base\tsa_model.py
:473: ValueWarning: No frequency information was provided, so 
inferred frequency B will be used.
  self._init_dates(dates, freq)
INFO:app.models.econometrics:ARDL fitted successfully. AIC: 
486.10, BIC: 500.16
INFO:app.models.econometrics:Fitting ARDL model with lags=5, 
trend=c
C:\Anaconda\Lib\site-packages\statsmodels\tsa\base\tsa_model.py
:473: ValueWarning: No frequency information was provided, so 
inferred frequency B will be used.
  self._init_dates(dates, freq)
INFO:app.models.econometrics:ARDL fitted successfully. AIC: 
486.76, BIC: 500.81
INFO:app.models.econometrics:Fitting ARDL model with lags=5, 
trend=c
C:\Anaconda\Lib\site-packages\statsmodels\tsa\base\tsa_model.py
:473: ValueWarning: No frequency information was provided, so 
inferred frequency B will be used.
  self._init_dates(dates, freq)
INFO:app.models.econometrics:ARDL fitted successfully. AIC: 
487.05, BIC: 501.10
INFO:app.models.econometrics:Fitting ARDL model with lags=5, 
trend=c
C:\Anaconda\Lib\site-packages\statsmodels\tsa\base\tsa_model.py
:473: ValueWarning: No frequency information was provided, so 
inferred frequency B will be used.
  self._init_dates(dates, freq)
INFO:app.models.econometrics:ARDL fitted successfully. AIC: 
487.91, BIC: 501.97
INFO:app.models.econometrics:Fitting ARDL model with lags=5, 
trend=c
C:\Anaconda\Lib\site-packages\statsmodels\tsa\base\tsa_model.py
:473: ValueWarning: No frequency information was provided, so 
inferred frequency B will be used.
  self._init_dates(dates, freq)
INFO:app.models.econometrics:ARDL fitted successfully. AIC: 
488.05, BIC: 502.11
INFO:app.models.econometrics:Fitting ARDL model with lags=5, 
trend=c
C:\Anaconda\Lib\site-packages\statsmodels\tsa\base\tsa_model.py
:473: ValueWarning: No frequency information was provided, so 
inferred frequency B will be used.
  self._init_dates(dates, freq)
INFO:app.models.econometrics:ARDL fitted successfully. AIC: 
487.68, BIC: 501.73
INFO:app.models.econometrics:Fitting ARDL model with lags=5, 
trend=c
C:\Anaconda\Lib\site-packages\statsmodels\tsa\base\tsa_model.py
:473: ValueWarning: No frequency information was provided, so 
inferred frequency B will be used.
  self._init_dates(dates, freq)
INFO:app.models.econometrics:ARDL fitted successfully. AIC: 
487.08, BIC: 501.13
INFO:app.models.econometrics:Fitting ARDL model with lags=5, 
trend=c
C:\Anaconda\Lib\site-packages\statsmodels\tsa\base\tsa_model.py
:473: ValueWarning: No frequency information was provided, so 
inferred frequency B will be used.
  self._init_dates(dates, freq)
INFO:app.models.econometrics:ARDL fitted successfully. AIC: 
487.20, BIC: 501.25
INFO:app.models.econometrics:Fitting ARDL model with lags=5, 
trend=c
C:\Anaconda\Lib\site-packages\statsmodels\tsa\base\tsa_model.py
:473: ValueWarning: No frequency information was provided, so 
inferred frequency B will be used.
  self._init_dates(dates, freq)
INFO:app.models.econometrics:ARDL fitted successfully. AIC: 
486.64, BIC: 500.69
INFO:app.models.econometrics:Fitting ARDL model with lags=5, 
trend=c
C:\Anaconda\Lib\site-packages\statsmodels\tsa\base\tsa_model.py
:473: ValueWarning: No frequency information was provided, so 
inferred frequency B will be used.
  self._init_dates(dates, freq)
INFO:app.models.econometrics:ARDL fitted successfully. AIC: 
486.77, BIC: 500.82
INFO:app.models.econometrics:Fitting ARDL model with lags=5, 
trend=c
C:\Anaconda\Lib\site-packages\statsmodels\tsa\base\tsa_model.py
:473: ValueWarning: No frequency information was provided, so 
inferred frequency B will be used.
  self._init_dates(dates, freq)
INFO:app.models.econometrics:ARDL fitted successfully. AIC: 
485.64, BIC: 499.69
INFO:app.models.econometrics:Fitting ARDL model with lags=5, 
trend=c
C:\Anaconda\Lib\site-packages\statsmodels\tsa\base\tsa_model.py
:473: ValueWarning: No frequency information was provided, so 
inferred frequency B will be used.
  self._init_dates(dates, freq)
INFO:app.models.econometrics:ARDL fitted successfully. AIC: 
488.03, BIC: 502.08
INFO:app.models.econometrics:Fitting ARDL model with lags=5, 
trend=c
C:\Anaconda\Lib\site-packages\statsmodels\tsa\base\tsa_model.py
:473: ValueWarning: No frequency information was provided, so 
inferred frequency B will be used.
  self._init_dates(dates, freq)
INFO:app.models.econometrics:ARDL fitted successfully. AIC: 
483.36, BIC: 497.41
INFO:app.models.econometrics:Fitting ARDL model with lags=5, 
trend=c
C:\Anaconda\Lib\site-packages\statsmodels\tsa\base\tsa_model.py
:473: ValueWarning: No frequency information was provided, so 
inferred frequency B will be used.
  self._init_dates(dates, freq)
INFO:app.models.econometrics:ARDL fitted successfully. AIC: 
480.76, BIC: 494.82
INFO:app.models.econometrics:Fitting ARDL model with lags=5, 
trend=c
C:\Anaconda\Lib\site-packages\statsmodels\tsa\base\tsa_model.py
:473: ValueWarning: No frequency information was provided, so 
inferred frequency B will be used.
  self._init_dates(dates, freq)
INFO:app.models.econometrics:ARDL fitted successfully. AIC: 
478.69, BIC: 492.74
INFO:app.models.econometrics:Fitting ARDL model with lags=5, 
trend=c
C:\Anaconda\Lib\site-packages\statsmodels\tsa\base\tsa_model.py
:473: ValueWarning: No frequency information was provided, so 
inferred frequency B will be used.
  self._init_dates(dates, freq)
INFO:app.models.econometrics:ARDL fitted successfully. AIC: 
477.08, BIC: 491.13
INFO:app.models.econometrics:Fitting ARDL model with lags=5, 
trend=c
C:\Anaconda\Lib\site-packages\statsmodels\tsa\base\tsa_model.py
:473: ValueWarning: No frequency information was provided, so 
inferred frequency B will be used.
  self._init_dates(dates, freq)
INFO:app.models.econometrics:ARDL fitted successfully. AIC: 
476.83, BIC: 490.88
INFO:app.models.econometrics:Fitting ARDL model with lags=5, 
trend=c
C:\Anaconda\Lib\site-packages\statsmodels\tsa\base\tsa_model.py
:473: ValueWarning: No frequency information was provided, so 
inferred frequency B will be used.
  self._init_dates(dates, freq)
INFO:app.models.econometrics:ARDL fitted successfully. AIC: 
478.98, BIC: 493.03
INFO:app.models.econometrics:Fitting ARDL model with lags=5, 
trend=c
C:\Anaconda\Lib\site-packages\statsmodels\tsa\base\tsa_model.py
:473: ValueWarning: No frequency information was provided, so 
inferred frequency B will be used.
  self._init_dates(dates, freq)
INFO:app.models.econometrics:ARDL fitted successfully. AIC: 
479.89, BIC: 493.94
INFO:app.models.econometrics:Fitting ARDL model with lags=5, 
trend=c
C:\Anaconda\Lib\site-packages\statsmodels\tsa\base\tsa_model.py
:473: ValueWarning: No frequency information was provided, so 
inferred frequency B will be used.
  self._init_dates(dates, freq)
INFO:app.models.econometrics:ARDL fitted successfully. AIC: 
480.76, BIC: 494.81

Epoch 1:  11%|#         | 7/64 [00:03<00:22,  2.53it/s, 
loss=1.35e+6]
Epoch 1:  12%|#2        | 8/64 [00:03<00:21,  2.61it/s, 
loss=1.35e+6]INFO:app.models.econometrics:Fitting ARDL model 
with lags=5, trend=c
C:\Anaconda\Lib\site-packages\statsmodels\tsa\base\tsa_model.py
:473: ValueWarning: No frequency information was provided, so 
inferred frequency B will be used.
  self._init_dates(dates, freq)
INFO:app.models.econometrics:ARDL fitted successfully. AIC: 
480.12, BIC: 494.17
INFO:app.models.econometrics:Fitting ARDL model with lags=5, 
trend=c
C:\Anaconda\Lib\site-packages\statsmodels\tsa\base\tsa_model.py
:473: ValueWarning: No frequency information was provided, so 
inferred frequency B will be used.
  self._init_dates(dates, freq)
INFO:app.models.econometrics:ARDL fitted successfully. AIC: 
479.76, BIC: 493.81
INFO:app.models.econometrics:Fitting ARDL model with lags=5, 
trend=c
C:\Anaconda\Lib\site-packages\statsmodels\tsa\base\tsa_model.py
:473: ValueWarning: No frequency information was provided, so 
inferred frequency B will be used.
  self._init_dates(dates, freq)
INFO:app.models.econometrics:ARDL fitted successfully. AIC: 
465.48, BIC: 479.53
INFO:app.models.econometrics:Fitting ARDL model with lags=5, 
trend=c
C:\Anaconda\Lib\site-packages\statsmodels\tsa\base\tsa_model.py
:473: ValueWarning: No frequency information was provided, so 
inferred frequency B will be used.
  self._init_dates(dates, freq)
INFO:app.models.econometrics:ARDL fitted successfully. AIC: 
459.57, BIC: 473.62
INFO:app.models.econometrics:Fitting ARDL model with lags=5, 
trend=c
C:\Anaconda\Lib\site-packages\statsmodels\tsa\base\tsa_model.py
:473: ValueWarning: No frequency information was provided, so 
inferred frequency B will be used.
  self._init_dates(dates, freq)
INFO:app.models.econometrics:ARDL fitted successfully. AIC: 
459.35, BIC: 473.40
INFO:app.models.econometrics:Fitting ARDL model with lags=5, 
trend=c
C:\Anaconda\Lib\site-packages\statsmodels\tsa\base\tsa_model.py
:473: ValueWarning: No frequency information was provided, so 
inferred frequency B will be used.
  self._init_dates(dates, freq)
INFO:app.models.econometrics:ARDL fitted successfully. AIC: 
456.71, BIC: 470.76
INFO:app.models.econometrics:Fitting ARDL model with lags=5, 
trend=c
C:\Anaconda\Lib\site-packages\statsmodels\tsa\base\tsa_model.py
:473: ValueWarning: No frequency information was provided, so 
inferred frequency B will be used.
  self._init_dates(dates, freq)
INFO:app.models.econometrics:ARDL fitted successfully. AIC: 
455.10, BIC: 469.15
INFO:app.models.econometrics:Fitting ARDL model with lags=5, 
trend=c
C:\Anaconda\Lib\site-packages\statsmodels\tsa\base\tsa_model.py
:473: ValueWarning: No frequency information was provided, so 
inferred frequency B will be used.
  self._init_dates(dates, freq)
INFO:app.models.econometrics:ARDL fitted successfully. AIC: 
455.82, BIC: 469.87
INFO:app.models.econometrics:Fitting ARDL model with lags=5, 
trend=c
C:\Anaconda\Lib\site-packages\statsmodels\tsa\base\tsa_model.py
:473: ValueWarning: No frequency information was provided, so 
inferred frequency B will be used.
  self._init_dates(dates, freq)
INFO:app.models.econometrics:ARDL fitted successfully. AIC: 
457.74, BIC: 471.79
INFO:app.models.econometrics:Fitting ARDL model with lags=5, 
trend=c
C:\Anaconda\Lib\site-packages\statsmodels\tsa\base\tsa_model.py
:473: ValueWarning: No frequency information was provided, so 
inferred frequency B will be used.
  self._init_dates(dates, freq)
INFO:app.models.econometrics:ARDL fitted successfully. AIC: 
458.44, BIC: 472.49
INFO:app.models.econometrics:Fitting ARDL model with lags=5, 
trend=c
C:\Anaconda\Lib\site-packages\statsmodels\tsa\base\tsa_model.py
:473: ValueWarning: No frequency information was provided, so 
inferred frequency B will be used.
  self._init_dates(dates, freq)
INFO:app.models.econometrics:ARDL fitted successfully. AIC: 
461.54, BIC: 475.59
INFO:app.models.econometrics:Fitting ARDL model with lags=5, 
trend=c
C:\Anaconda\Lib\site-packages\statsmodels\tsa\base\tsa_model.py
:473: ValueWarning: No frequency information was provided, so 
inferred frequency B will be used.
  self._init_dates(dates, freq)
INFO:app.models.econometrics:ARDL fitted successfully. AIC: 
459.62, BIC: 473.67
INFO:app.models.econometrics:Fitting ARDL model with lags=5, 
trend=c
C:\Anaconda\Lib\site-packages\statsmodels\tsa\base\tsa_model.py
:473: ValueWarning: No frequency information was provided, so 
inferred frequency B will be used.
  self._init_dates(dates, freq)
INFO:app.models.econometrics:ARDL fitted successfully. AIC: 
460.99, BIC: 475.04
INFO:app.models.econometrics:Fitting ARDL model with lags=5, 
trend=c
C:\Anaconda\Lib\site-packages\statsmodels\tsa\base\tsa_model.py
:473: ValueWarning: No frequency information was provided, so 
inferred frequency B will be used.
  self._init_dates(dates, freq)
INFO:app.models.econometrics:ARDL fitted successfully. AIC: 
461.38, BIC: 475.43
INFO:app.models.econometrics:Fitting ARDL model with lags=5, 
trend=c
C:\Anaconda\Lib\site-packages\statsmodels\tsa\base\tsa_model.py
:473: ValueWarning: No frequency information was provided, so 
inferred frequency B will be used.
  self._init_dates(dates, freq)
INFO:app.models.econometrics:ARDL fitted successfully. AIC: 
460.46, BIC: 474.51
INFO:app.models.econometrics:Fitting ARDL model with lags=5, 
trend=c
C:\Anaconda\Lib\site-packages\statsmodels\tsa\base\tsa_model.py
:473: ValueWarning: No frequency information was provided, so 
inferred frequency B will be used.
  self._init_dates(dates, freq)
INFO:app.models.econometrics:ARDL fitted successfully. AIC: 
460.43, BIC: 474.48
INFO:app.models.econometrics:Fitting ARDL model with lags=5, 
trend=c
C:\Anaconda\Lib\site-packages\statsmodels\tsa\base\tsa_model.py
:473: ValueWarning: No frequency information was provided, so 
inferred frequency B will be used.
  self._init_dates(dates, freq)
INFO:app.models.econometrics:ARDL fitted successfully. AIC: 
463.27, BIC: 477.32
INFO:app.models.econometrics:Fitting ARDL model with lags=5, 
trend=c
C:\Anaconda\Lib\site-packages\statsmodels\tsa\base\tsa_model.py
:473: ValueWarning: No frequency information was provided, so 
inferred frequency B will be used.
  self._init_dates(dates, freq)
INFO:app.models.econometrics:ARDL fitted successfully. AIC: 
462.94, BIC: 476.99
INFO:app.models.econometrics:Fitting ARDL model with lags=5, 
trend=c
C:\Anaconda\Lib\site-packages\statsmodels\tsa\base\tsa_model.py
:473: ValueWarning: No frequency information was provided, so 
inferred frequency B will be used.
  self._init_dates(dates, freq)
INFO:app.models.econometrics:ARDL fitted successfully. AIC: 
464.32, BIC: 478.37
INFO:app.models.econometrics:Fitting ARDL model with lags=5, 
trend=c
C:\Anaconda\Lib\site-packages\statsmodels\tsa\base\tsa_model.py
:473: ValueWarning: No frequency information was provided, so 
inferred frequency B will be used.
  self._init_dates(dates, freq)
INFO:app.models.econometrics:ARDL fitted successfully. AIC: 
464.10, BIC: 478.15
INFO:app.models.econometrics:Fitting ARDL model with lags=5, 
trend=c
C:\Anaconda\Lib\site-packages\statsmodels\tsa\base\tsa_model.py
:473: ValueWarning: No frequency information was provided, so 
inferred frequency B will be used.
  self._init_dates(dates, freq)
INFO:app.models.econometrics:ARDL fitted successfully. AIC: 
464.19, BIC: 478.24
INFO:app.models.econometrics:Fitting ARDL model with lags=5, 
trend=c
C:\Anaconda\Lib\site-packages\statsmodels\tsa\base\tsa_model.py
:473: ValueWarning: No frequency information was provided, so 
inferred frequency B will be used.
  self._init_dates(dates, freq)
INFO:app.models.econometrics:ARDL fitted successfully. AIC: 
466.20, BIC: 480.25
INFO:app.models.econometrics:Fitting ARDL model with lags=5, 
trend=c
C:\Anaconda\Lib\site-packages\statsmodels\tsa\base\tsa_model.py
:473: ValueWarning: No frequency information was provided, so 
inferred frequency B will be used.
  self._init_dates(dates, freq)
INFO:app.models.econometrics:ARDL fitted successfully. AIC: 
464.20, BIC: 478.25
INFO:app.models.econometrics:Fitting ARDL model with lags=5, 
trend=c
C:\Anaconda\Lib\site-packages\statsmodels\tsa\base\tsa_model.py
:473: ValueWarning: No frequency information was provided, so 
inferred frequency B will be used.
  self._init_dates(dates, freq)
INFO:app.models.econometrics:ARDL fitted successfully. AIC: 
462.44, BIC: 476.49
INFO:app.models.econometrics:Fitting ARDL model with lags=5, 
trend=c
C:\Anaconda\Lib\site-packages\statsmodels\tsa\base\tsa_model.py
:473: ValueWarning: No frequency information was provided, so 
inferred frequency B will be used.
  self._init_dates(dates, freq)
INFO:app.models.econometrics:ARDL fitted successfully. AIC: 
458.62, BIC: 472.67
INFO:app.models.econometrics:Fitting ARDL model with lags=5, 
trend=c
C:\Anaconda\Lib\site-packages\statsmodels\tsa\base\tsa_model.py
:473: ValueWarning: No frequency information was provided, so 
inferred frequency B will be used.
  self._init_dates(dates, freq)
INFO:app.models.econometrics:ARDL fitted successfully. AIC: 
453.79, BIC: 467.84
INFO:app.models.econometrics:Fitting ARDL model with lags=5, 
trend=c
C:\Anaconda\Lib\site-packages\statsmodels\tsa\base\tsa_model.py
:473: ValueWarning: No frequency information was provided, so 
inferred frequency B will be used.
  self._init_dates(dates, freq)
INFO:app.models.econometrics:ARDL fitted successfully. AIC: 
453.67, BIC: 467.73
INFO:app.models.econometrics:Fitting ARDL model with lags=5, 
trend=c
C:\Anaconda\Lib\site-packages\statsmodels\tsa\base\tsa_model.py
:473: ValueWarning: No frequency information was provided, so 
inferred frequency B will be used.
  self._init_dates(dates, freq)
INFO:app.models.econometrics:ARDL fitted successfully. AIC: 
453.70, BIC: 467.75
INFO:app.models.econometrics:Fitting ARDL model with lags=5, 
trend=c
C:\Anaconda\Lib\site-packages\statsmodels\tsa\base\tsa_model.py
:473: ValueWarning: No frequency information was provided, so 
inferred frequency B will be used.
  self._init_dates(dates, freq)
INFO:app.models.econometrics:ARDL fitted successfully. AIC: 
453.94, BIC: 467.99
INFO:app.models.econometrics:Fitting ARDL model with lags=5, 
trend=c
C:\Anaconda\Lib\site-packages\statsmodels\tsa\base\tsa_model.py
:473: ValueWarning: No frequency information was provided, so 
inferred frequency B will be used.
  self._init_dates(dates, freq)
INFO:app.models.econometrics:ARDL fitted successfully. AIC: 
453.09, BIC: 467.15
INFO:app.models.econometrics:Fitting ARDL model with lags=5, 
trend=c
C:\Anaconda\Lib\site-packages\statsmodels\tsa\base\tsa_model.py
:473: ValueWarning: No frequency information was provided, so 
inferred frequency B will be used.
  self._init_dates(dates, freq)
INFO:app.models.econometrics:ARDL fitted successfully. AIC: 
452.22, BIC: 466.27
INFO:app.models.econometrics:Fitting ARDL model with lags=5, 
trend=c
C:\Anaconda\Lib\site-packages\statsmodels\tsa\base\tsa_model.py
:473: ValueWarning: No frequency information was provided, so 
inferred frequency B will be used.
  self._init_dates(dates, freq)
INFO:app.models.econometrics:ARDL fitted successfully. AIC: 
454.58, BIC: 468.63

Epoch 1:  12%|#2        | 8/64 [00:03<00:21,  2.61it/s, 
loss=1.56e+6]
Epoch 1:  14%|#4        | 9/64 [00:03<00:20,  2.65it/s, 
loss=1.56e+6]INFO:app.models.econometrics:Fitting ARDL model 
with lags=5, trend=c
C:\Anaconda\Lib\site-packages\statsmodels\tsa\base\tsa_model.py
:473: ValueWarning: No frequency information was provided, so 
inferred frequency B will be used.
  self._init_dates(dates, freq)
INFO:app.models.econometrics:ARDL fitted successfully. AIC: 
457.09, BIC: 471.14
INFO:app.models.econometrics:Fitting ARDL model with lags=5, 
trend=c
C:\Anaconda\Lib\site-packages\statsmodels\tsa\base\tsa_model.py
:473: ValueWarning: No frequency information was provided, so 
inferred frequency B will be used.
  self._init_dates(dates, freq)
INFO:app.models.econometrics:ARDL fitted successfully. AIC: 
458.70, BIC: 472.75
INFO:app.models.econometrics:Fitting ARDL model with lags=5, 
trend=c
C:\Anaconda\Lib\site-packages\statsmodels\tsa\base\tsa_model.py
:473: ValueWarning: No frequency information was provided, so 
inferred frequency B will be used.
  self._init_dates(dates, freq)
INFO:app.models.econometrics:ARDL fitted successfully. AIC: 
458.70, BIC: 472.75
INFO:app.models.econometrics:Fitting ARDL model with lags=5, 
trend=c
C:\Anaconda\Lib\site-packages\statsmodels\tsa\base\tsa_model.py
:473: ValueWarning: No frequency information was provided, so 
inferred frequency B will be used.
  self._init_dates(dates, freq)
INFO:app.models.econometrics:ARDL fitted successfully. AIC: 
456.97, BIC: 471.02
INFO:app.models.econometrics:Fitting ARDL model with lags=5, 
trend=c
C:\Anaconda\Lib\site-packages\statsmodels\tsa\base\tsa_model.py
:473: ValueWarning: No frequency information was provided, so 
inferred frequency B will be used.
  self._init_dates(dates, freq)
INFO:app.models.econometrics:ARDL fitted successfully. AIC: 
460.34, BIC: 474.39
INFO:app.models.econometrics:Fitting ARDL model with lags=5, 
trend=c
C:\Anaconda\Lib\site-packages\statsmodels\tsa\base\tsa_model.py
:473: ValueWarning: No frequency information was provided, so 
inferred frequency B will be used.
  self._init_dates(dates, freq)
INFO:app.models.econometrics:ARDL fitted successfully. AIC: 
461.14, BIC: 475.19
INFO:app.models.econometrics:Fitting ARDL model with lags=5, 
trend=c
C:\Anaconda\Lib\site-packages\statsmodels\tsa\base\tsa_model.py
:473: ValueWarning: No frequency information was provided, so 
inferred frequency B will be used.
  self._init_dates(dates, freq)
INFO:app.models.econometrics:ARDL fitted successfully. AIC: 
460.92, BIC: 474.97
INFO:app.models.econometrics:Fitting ARDL model with lags=5, 
trend=c
C:\Anaconda\Lib\site-packages\statsmodels\tsa\base\tsa_model.py
:473: ValueWarning: No frequency information was provided, so 
inferred frequency B will be used.
  self._init_dates(dates, freq)
INFO:app.models.econometrics:ARDL fitted successfully. AIC: 
460.91, BIC: 474.96
INFO:app.models.econometrics:Fitting ARDL model with lags=5, 
trend=c
C:\Anaconda\Lib\site-packages\statsmodels\tsa\base\tsa_model.py
:473: ValueWarning: No frequency information was provided, so 
inferred frequency B will be used.
  self._init_dates(dates, freq)
INFO:app.models.econometrics:ARDL fitted successfully. AIC: 
459.65, BIC: 473.70
INFO:app.models.econometrics:Fitting ARDL model with lags=5, 
trend=c
C:\Anaconda\Lib\site-packages\statsmodels\tsa\base\tsa_model.py
:473: ValueWarning: No frequency information was provided, so 
inferred frequency B will be used.
  self._init_dates(dates, freq)
INFO:app.models.econometrics:ARDL fitted successfully. AIC: 
457.33, BIC: 471.39
INFO:app.models.econometrics:Fitting ARDL model with lags=5, 
trend=c
C:\Anaconda\Lib\site-packages\statsmodels\tsa\base\tsa_model.py
:473: ValueWarning: No frequency information was provided, so 
inferred frequency B will be used.
  self._init_dates(dates, freq)
INFO:app.models.econometrics:ARDL fitted successfully. AIC: 
457.55, BIC: 471.60
INFO:app.models.econometrics:Fitting ARDL model with lags=5, 
trend=c
C:\Anaconda\Lib\site-packages\statsmodels\tsa\base\tsa_model.py
:473: ValueWarning: No frequency information was provided, so 
inferred frequency B will be used.
  self._init_dates(dates, freq)
INFO:app.models.econometrics:ARDL fitted successfully. AIC: 
457.86, BIC: 471.91
INFO:app.models.econometrics:Fitting ARDL model with lags=5, 
trend=c
C:\Anaconda\Lib\site-packages\statsmodels\tsa\base\tsa_model.py
:473: ValueWarning: No frequency information was provided, so 
inferred frequency B will be used.
  self._init_dates(dates, freq)
INFO:app.models.econometrics:ARDL fitted successfully. AIC: 
458.70, BIC: 472.75
INFO:app.models.econometrics:Fitting ARDL model with lags=5, 
trend=c
C:\Anaconda\Lib\site-packages\statsmodels\tsa\base\tsa_model.py
:473: ValueWarning: No frequency information was provided, so 
inferred frequency B will be used.
  self._init_dates(dates, freq)
INFO:app.models.econometrics:ARDL fitted successfully. AIC: 
458.05, BIC: 472.11
INFO:app.models.econometrics:Fitting ARDL model with lags=5, 
trend=c
C:\Anaconda\Lib\site-packages\statsmodels\tsa\base\tsa_model.py
:473: ValueWarning: No frequency information was provided, so 
inferred frequency B will be used.
  self._init_dates(dates, freq)
INFO:app.models.econometrics:ARDL fitted successfully. AIC: 
461.37, BIC: 475.42
INFO:app.models.econometrics:Fitting ARDL model with lags=5, 
trend=c
C:\Anaconda\Lib\site-packages\statsmodels\tsa\base\tsa_model.py
:473: ValueWarning: No frequency information was provided, so 
inferred frequency B will be used.
  self._init_dates(dates, freq)
INFO:app.models.econometrics:ARDL fitted successfully. AIC: 
458.66, BIC: 472.71
INFO:app.models.econometrics:Fitting ARDL model with lags=5, 
trend=c
C:\Anaconda\Lib\site-packages\statsmodels\tsa\base\tsa_model.py
:473: ValueWarning: No frequency information was provided, so 
inferred frequency B will be used.
  self._init_dates(dates, freq)
INFO:app.models.econometrics:ARDL fitted successfully. AIC: 
458.77, BIC: 472.82
INFO:app.models.econometrics:Fitting ARDL model with lags=5, 
trend=c
C:\Anaconda\Lib\site-packages\statsmodels\tsa\base\tsa_model.py
:473: ValueWarning: No frequency information was provided, so 
inferred frequency B will be used.
  self._init_dates(dates, freq)
INFO:app.models.econometrics:ARDL fitted successfully. AIC: 
457.20, BIC: 471.25
INFO:app.models.econometrics:Fitting ARDL model with lags=5, 
trend=c
C:\Anaconda\Lib\site-packages\statsmodels\tsa\base\tsa_model.py
:473: ValueWarning: No frequency information was provided, so 
inferred frequency B will be used.
  self._init_dates(dates, freq)
INFO:app.models.econometrics:ARDL fitted successfully. AIC: 
455.67, BIC: 469.72
INFO:app.models.econometrics:Fitting ARDL model with lags=5, 
trend=c
C:\Anaconda\Lib\site-packages\statsmodels\tsa\base\tsa_model.py
:473: ValueWarning: No frequency information was provided, so 
inferred frequency B will be used.
  self._init_dates(dates, freq)
INFO:app.models.econometrics:ARDL fitted successfully. AIC: 
456.06, BIC: 470.11
INFO:app.models.econometrics:Fitting ARDL model with lags=5, 
trend=c
C:\Anaconda\Lib\site-packages\statsmodels\tsa\base\tsa_model.py
:473: ValueWarning: No frequency information was provided, so 
inferred frequency B will be used.
  self._init_dates(dates, freq)
INFO:app.models.econometrics:ARDL fitted successfully. AIC: 
456.18, BIC: 470.23
INFO:app.models.econometrics:Fitting ARDL model with lags=5, 
trend=c
C:\Anaconda\Lib\site-packages\statsmodels\tsa\base\tsa_model.py
:473: ValueWarning: No frequency information was provided, so 
inferred frequency B will be used.
  self._init_dates(dates, freq)
INFO:app.models.econometrics:ARDL fitted successfully. AIC: 
456.81, BIC: 470.86
INFO:app.models.econometrics:Fitting ARDL model with lags=5, 
trend=c
C:\Anaconda\Lib\site-packages\statsmodels\tsa\base\tsa_model.py
:473: ValueWarning: No frequency information was provided, so 
inferred frequency B will be used.
  self._init_dates(dates, freq)
INFO:app.models.econometrics:ARDL fitted successfully. AIC: 
457.00, BIC: 471.05
INFO:app.models.econometrics:Fitting ARDL model with lags=5, 
trend=c
C:\Anaconda\Lib\site-packages\statsmodels\tsa\base\tsa_model.py
:473: ValueWarning: No frequency information was provided, so 
inferred frequency B will be used.
  self._init_dates(dates, freq)
INFO:app.models.econometrics:ARDL fitted successfully. AIC: 
456.79, BIC: 470.85
INFO:app.models.econometrics:Fitting ARDL model with lags=5, 
trend=c
C:\Anaconda\Lib\site-packages\statsmodels\tsa\base\tsa_model.py
:473: ValueWarning: No frequency information was provided, so 
inferred frequency B will be used.
  self._init_dates(dates, freq)
INFO:app.models.econometrics:ARDL fitted successfully. AIC: 
457.64, BIC: 471.69
INFO:app.models.econometrics:Fitting ARDL model with lags=5, 
trend=c
C:\Anaconda\Lib\site-packages\statsmodels\tsa\base\tsa_model.py
:473: ValueWarning: No frequency information was provided, so 
inferred frequency B will be used.
  self._init_dates(dates, freq)
INFO:app.models.econometrics:ARDL fitted successfully. AIC: 
462.87, BIC: 476.92
INFO:app.models.econometrics:Fitting ARDL model with lags=5, 
trend=c
C:\Anaconda\Lib\site-packages\statsmodels\tsa\base\tsa_model.py
:473: ValueWarning: No frequency information was provided, so 
inferred frequency B will be used.
  self._init_dates(dates, freq)
INFO:app.models.econometrics:ARDL fitted successfully. AIC: 
464.55, BIC: 478.60
INFO:app.models.econometrics:Fitting ARDL model with lags=5, 
trend=c
C:\Anaconda\Lib\site-packages\statsmodels\tsa\base\tsa_model.py
:473: ValueWarning: No frequency information was provided, so 
inferred frequency B will be used.
  self._init_dates(dates, freq)
INFO:app.models.econometrics:ARDL fitted successfully. AIC: 
472.56, BIC: 486.61
INFO:app.models.econometrics:Fitting ARDL model with lags=5, 
trend=c
C:\Anaconda\Lib\site-packages\statsmodels\tsa\base\tsa_model.py
:473: ValueWarning: No frequency information was provided, so 
inferred frequency B will be used.
  self._init_dates(dates, freq)
INFO:app.models.econometrics:ARDL fitted successfully. AIC: 
474.21, BIC: 488.26
INFO:app.models.econometrics:Fitting ARDL model with lags=5, 
trend=c
C:\Anaconda\Lib\site-packages\statsmodels\tsa\base\tsa_model.py
:473: ValueWarning: No frequency information was provided, so 
inferred frequency B will be used.
  self._init_dates(dates, freq)
INFO:app.models.econometrics:ARDL fitted successfully. AIC: 
476.10, BIC: 490.15
INFO:app.models.econometrics:Fitting ARDL model with lags=5, 
trend=c
C:\Anaconda\Lib\site-packages\statsmodels\tsa\base\tsa_model.py
:473: ValueWarning: No frequency information was provided, so 
inferred frequency B will be used.
  self._init_dates(dates, freq)
INFO:app.models.econometrics:ARDL fitted successfully. AIC: 
474.91, BIC: 488.97
INFO:app.models.econometrics:Fitting ARDL model with lags=5, 
trend=c
C:\Anaconda\Lib\site-packages\statsmodels\tsa\base\tsa_model.py
:473: ValueWarning: No frequency information was provided, so 
inferred frequency B will be used.
  self._init_dates(dates, freq)
INFO:app.models.econometrics:ARDL fitted successfully. AIC: 
475.34, BIC: 489.40

Epoch 1:  14%|#4        | 9/64 [00:04<00:20,  2.65it/s, 
loss=1.58e+6]
Epoch 1:  16%|#5        | 10/64 [00:04<00:20,  2.63it/s, 
loss=1.58e+6]INFO:app.models.econometrics:Fitting ARDL model 
with lags=5, trend=c
C:\Anaconda\Lib\site-packages\statsmodels\tsa\base\tsa_model.py
:473: ValueWarning: No frequency information was provided, so 
inferred frequency B will be used.
  self._init_dates(dates, freq)
INFO:app.models.econometrics:ARDL fitted successfully. AIC: 
476.43, BIC: 490.48
INFO:app.models.econometrics:Fitting ARDL model with lags=5, 
trend=c
C:\Anaconda\Lib\site-packages\statsmodels\tsa\base\tsa_model.py
:473: ValueWarning: No frequency information was provided, so 
inferred frequency B will be used.
  self._init_dates(dates, freq)
INFO:app.models.econometrics:ARDL fitted successfully. AIC: 
474.97, BIC: 489.02
INFO:app.models.econometrics:Fitting ARDL model with lags=5, 
trend=c
C:\Anaconda\Lib\site-packages\statsmodels\tsa\base\tsa_model.py
:473: ValueWarning: No frequency information was provided, so 
inferred frequency B will be used.
  self._init_dates(dates, freq)
INFO:app.models.econometrics:ARDL fitted successfully. AIC: 
471.00, BIC: 485.05
INFO:app.models.econometrics:Fitting ARDL model with lags=5, 
trend=c
C:\Anaconda\Lib\site-packages\statsmodels\tsa\base\tsa_model.py
:473: ValueWarning: No frequency information was provided, so 
inferred frequency B will be used.
  self._init_dates(dates, freq)
INFO:app.models.econometrics:ARDL fitted successfully. AIC: 
475.93, BIC: 489.98
INFO:app.models.econometrics:Fitting ARDL model with lags=5, 
trend=c
C:\Anaconda\Lib\site-packages\statsmodels\tsa\base\tsa_model.py
:473: ValueWarning: No frequency information was provided, so 
inferred frequency B will be used.
  self._init_dates(dates, freq)
INFO:app.models.econometrics:ARDL fitted successfully. AIC: 
476.08, BIC: 490.13
INFO:app.models.econometrics:Fitting ARDL model with lags=5, 
trend=c
C:\Anaconda\Lib\site-packages\statsmodels\tsa\base\tsa_model.py
:473: ValueWarning: No frequency information was provided, so 
inferred frequency B will be used.
  self._init_dates(dates, freq)
INFO:app.models.econometrics:ARDL fitted successfully. AIC: 
475.85, BIC: 489.90
INFO:app.models.econometrics:Fitting ARDL model with lags=5, 
trend=c
C:\Anaconda\Lib\site-packages\statsmodels\tsa\base\tsa_model.py
:473: ValueWarning: No frequency information was provided, so 
inferred frequency B will be used.
  self._init_dates(dates, freq)
INFO:app.models.econometrics:ARDL fitted successfully. AIC: 
476.16, BIC: 490.21
INFO:app.models.econometrics:Fitting ARDL model with lags=5, 
trend=c
C:\Anaconda\Lib\site-packages\statsmodels\tsa\base\tsa_model.py
:473: ValueWarning: No frequency information was provided, so 
inferred frequency B will be used.
  self._init_dates(dates, freq)
INFO:app.models.econometrics:ARDL fitted successfully. AIC: 
475.31, BIC: 489.36
INFO:app.models.econometrics:Fitting ARDL model with lags=5, 
trend=c
C:\Anaconda\Lib\site-packages\statsmodels\tsa\base\tsa_model.py
:473: ValueWarning: No frequency information was provided, so 
inferred frequency B will be used.
  self._init_dates(dates, freq)
INFO:app.models.econometrics:ARDL fitted successfully. AIC: 
480.20, BIC: 494.25
INFO:app.models.econometrics:Fitting ARDL model with lags=5, 
trend=c
C:\Anaconda\Lib\site-packages\statsmodels\tsa\base\tsa_model.py
:473: ValueWarning: No frequency information was provided, so 
inferred frequency B will be used.
  self._init_dates(dates, freq)
INFO:app.models.econometrics:ARDL fitted successfully. AIC: 
480.26, BIC: 494.32
INFO:app.models.econometrics:Fitting ARDL model with lags=5, 
trend=c
C:\Anaconda\Lib\site-packages\statsmodels\tsa\base\tsa_model.py
:473: ValueWarning: No frequency information was provided, so 
inferred frequency B will be used.
  self._init_dates(dates, freq)
INFO:app.models.econometrics:ARDL fitted successfully. AIC: 
480.42, BIC: 494.47
INFO:app.models.econometrics:Fitting ARDL model with lags=5, 
trend=c
C:\Anaconda\Lib\site-packages\statsmodels\tsa\base\tsa_model.py
:473: ValueWarning: No frequency information was provided, so 
inferred frequency B will be used.
  self._init_dates(dates, freq)
INFO:app.models.econometrics:ARDL fitted successfully. AIC: 
480.68, BIC: 494.73
INFO:app.models.econometrics:Fitting ARDL model with lags=5, 
trend=c
C:\Anaconda\Lib\site-packages\statsmodels\tsa\base\tsa_model.py
:473: ValueWarning: No frequency information was provided, so 
inferred frequency B will be used.
  self._init_dates(dates, freq)
INFO:app.models.econometrics:ARDL fitted successfully. AIC: 
480.92, BIC: 494.97
INFO:app.models.econometrics:Fitting ARDL model with lags=5, 
trend=c
C:\Anaconda\Lib\site-packages\statsmodels\tsa\base\tsa_model.py
:473: ValueWarning: No frequency information was provided, so 
inferred frequency B will be used.
  self._init_dates(dates, freq)
INFO:app.models.econometrics:ARDL fitted successfully. AIC: 
482.96, BIC: 497.01
INFO:app.models.econometrics:Fitting ARDL model with lags=5, 
trend=c
C:\Anaconda\Lib\site-packages\statsmodels\tsa\base\tsa_model.py
:473: ValueWarning: No frequency information was provided, so 
inferred frequency B will be used.
  self._init_dates(dates, freq)
INFO:app.models.econometrics:ARDL fitted successfully. AIC: 
487.50, BIC: 501.55
INFO:app.models.econometrics:Fitting ARDL model with lags=5, 
trend=c
C:\Anaconda\Lib\site-packages\statsmodels\tsa\base\tsa_model.py
:473: ValueWarning: No frequency information was provided, so 
inferred frequency B will be used.
  self._init_dates(dates, freq)
INFO:app.models.econometrics:ARDL fitted successfully. AIC: 
488.58, BIC: 502.63
INFO:app.models.econometrics:Fitting ARDL model with lags=5, 
trend=c
C:\Anaconda\Lib\site-packages\statsmodels\tsa\base\tsa_model.py
:473: ValueWarning: No frequency information was provided, so 
inferred frequency B will be used.
  self._init_dates(dates, freq)
INFO:app.models.econometrics:ARDL fitted successfully. AIC: 
488.77, BIC: 502.82
INFO:app.models.econometrics:Fitting ARDL model with lags=5, 
trend=c
C:\Anaconda\Lib\site-packages\statsmodels\tsa\base\tsa_model.py
:473: ValueWarning: No frequency information was provided, so 
inferred frequency B will be used.
  self._init_dates(dates, freq)
INFO:app.models.econometrics:ARDL fitted successfully. AIC: 
491.89, BIC: 505.94
INFO:app.models.econometrics:Fitting ARDL model with lags=5, 
trend=c
C:\Anaconda\Lib\site-packages\statsmodels\tsa\base\tsa_model.py
:473: ValueWarning: No frequency information was provided, so 
inferred frequency B will be used.
  self._init_dates(dates, freq)
INFO:app.models.econometrics:ARDL fitted successfully. AIC: 
496.59, BIC: 510.64
INFO:app.models.econometrics:Fitting ARDL model with lags=5, 
trend=c
C:\Anaconda\Lib\site-packages\statsmodels\tsa\base\tsa_model.py
:473: ValueWarning: No frequency information was provided, so 
inferred frequency B will be used.
  self._init_dates(dates, freq)
INFO:app.models.econometrics:ARDL fitted successfully. AIC: 
495.98, BIC: 510.03
INFO:app.models.econometrics:Fitting ARDL model with lags=5, 
trend=c
C:\Anaconda\Lib\site-packages\statsmodels\tsa\base\tsa_model.py
:473: ValueWarning: No frequency information was provided, so 
inferred frequency B will be used.
  self._init_dates(dates, freq)
INFO:app.models.econometrics:ARDL fitted successfully. AIC: 
496.54, BIC: 510.59
INFO:app.models.econometrics:Fitting ARDL model with lags=5, 
trend=c
C:\Anaconda\Lib\site-packages\statsmodels\tsa\base\tsa_model.py
:473: ValueWarning: No frequency information was provided, so 
inferred frequency B will be used.
  self._init_dates(dates, freq)
INFO:app.models.econometrics:ARDL fitted successfully. AIC: 
498.73, BIC: 512.79
INFO:app.models.econometrics:Fitting ARDL model with lags=5, 
trend=c
C:\Anaconda\Lib\site-packages\statsmodels\tsa\base\tsa_model.py
:473: ValueWarning: No frequency information was provided, so 
inferred frequency B will be used.
  self._init_dates(dates, freq)
INFO:app.models.econometrics:ARDL fitted successfully. AIC: 
496.20, BIC: 510.25
INFO:app.models.econometrics:Fitting ARDL model with lags=5, 
trend=c
C:\Anaconda\Lib\site-packages\statsmodels\tsa\base\tsa_model.py
:473: ValueWarning: No frequency information was provided, so 
inferred frequency B will be used.
  self._init_dates(dates, freq)
INFO:app.models.econometrics:ARDL fitted successfully. AIC: 
493.91, BIC: 507.96
INFO:app.models.econometrics:Fitting ARDL model with lags=5, 
trend=c
C:\Anaconda\Lib\site-packages\statsmodels\tsa\base\tsa_model.py
:473: ValueWarning: No frequency information was provided, so 
inferred frequency B will be used.
  self._init_dates(dates, freq)
INFO:app.models.econometrics:ARDL fitted successfully. AIC: 
493.31, BIC: 507.36
INFO:app.models.econometrics:Fitting ARDL model with lags=5, 
trend=c
C:\Anaconda\Lib\site-packages\statsmodels\tsa\base\tsa_model.py
:473: ValueWarning: No frequency information was provided, so 
inferred frequency B will be used.
  self._init_dates(dates, freq)
INFO:app.models.econometrics:ARDL fitted successfully. AIC: 
492.94, BIC: 506.99
INFO:app.models.econometrics:Fitting ARDL model with lags=5, 
trend=c
C:\Anaconda\Lib\site-packages\statsmodels\tsa\base\tsa_model.py
:473: ValueWarning: No frequency information was provided, so 
inferred frequency B will be used.
  self._init_dates(dates, freq)
INFO:app.models.econometrics:ARDL fitted successfully. AIC: 
493.41, BIC: 507.46
INFO:app.models.econometrics:Fitting ARDL model with lags=5, 
trend=c
C:\Anaconda\Lib\site-packages\statsmodels\tsa\base\tsa_model.py
:473: ValueWarning: No frequency information was provided, so 
inferred frequency B will be used.
  self._init_dates(dates, freq)
INFO:app.models.econometrics:ARDL fitted successfully. AIC: 
493.70, BIC: 507.76
INFO:app.models.econometrics:Fitting ARDL model with lags=5, 
trend=c
C:\Anaconda\Lib\site-packages\statsmodels\tsa\base\tsa_model.py
:473: ValueWarning: No frequency information was provided, so 
inferred frequency B will be used.
  self._init_dates(dates, freq)
INFO:app.models.econometrics:ARDL fitted successfully. AIC: 
493.60, BIC: 507.65
INFO:app.models.econometrics:Fitting ARDL model with lags=5, 
trend=c
C:\Anaconda\Lib\site-packages\statsmodels\tsa\base\tsa_model.py
:473: ValueWarning: No frequency information was provided, so 
inferred frequency B will be used.
  self._init_dates(dates, freq)
INFO:app.models.econometrics:ARDL fitted successfully. AIC: 
493.40, BIC: 507.45
INFO:app.models.econometrics:Fitting ARDL model with lags=5, 
trend=c
C:\Anaconda\Lib\site-packages\statsmodels\tsa\base\tsa_model.py
:473: ValueWarning: No frequency information was provided, so 
inferred frequency B will be used.
  self._init_dates(dates, freq)
INFO:app.models.econometrics:ARDL fitted successfully. AIC: 
493.53, BIC: 507.58
INFO:app.models.econometrics:Fitting ARDL model with lags=5, 
trend=c
C:\Anaconda\Lib\site-packages\statsmodels\tsa\base\tsa_model.py
:473: ValueWarning: No frequency information was provided, so 
inferred frequency B will be used.
  self._init_dates(dates, freq)
INFO:app.models.econometrics:ARDL fitted successfully. AIC: 
492.48, BIC: 506.54

Epoch 1:  16%|#5        | 10/64 [00:04<00:20,  2.63it/s, 
loss=1.75e+6]
Epoch 1:  17%|#7        | 11/64 [00:04<00:19,  2.66it/s, 
loss=1.75e+6]INFO:app.models.econometrics:Fitting ARDL model 
with lags=5, trend=c
C:\Anaconda\Lib\site-packages\statsmodels\tsa\base\tsa_model.py
:473: ValueWarning: No frequency information was provided, so 
inferred frequency B will be used.
  self._init_dates(dates, freq)
INFO:app.models.econometrics:ARDL fitted successfully. AIC: 
493.47, BIC: 507.52
INFO:app.models.econometrics:Fitting ARDL model with lags=5, 
trend=c
C:\Anaconda\Lib\site-packages\statsmodels\tsa\base\tsa_model.py
:473: ValueWarning: No frequency information was provided, so 
inferred frequency B will be used.
  self._init_dates(dates, freq)
INFO:app.models.econometrics:ARDL fitted successfully. AIC: 
494.90, BIC: 508.95
INFO:app.models.econometrics:Fitting ARDL model with lags=5, 
trend=c
C:\Anaconda\Lib\site-packages\statsmodels\tsa\base\tsa_model.py
:473: ValueWarning: No frequency information was provided, so 
inferred frequency B will be used.
  self._init_dates(dates, freq)
INFO:app.models.econometrics:ARDL fitted successfully. AIC: 
497.18, BIC: 511.24
INFO:app.models.econometrics:Fitting ARDL model with lags=5, 
trend=c
C:\Anaconda\Lib\site-packages\statsmodels\tsa\base\tsa_model.py
:473: ValueWarning: No frequency information was provided, so 
inferred frequency B will be used.
  self._init_dates(dates, freq)
INFO:app.models.econometrics:ARDL fitted successfully. AIC: 
494.87, BIC: 508.92
INFO:app.models.econometrics:Fitting ARDL model with lags=5, 
trend=c
C:\Anaconda\Lib\site-packages\statsmodels\tsa\base\tsa_model.py
:473: ValueWarning: No frequency information was provided, so 
inferred frequency B will be used.
  self._init_dates(dates, freq)
INFO:app.models.econometrics:ARDL fitted successfully. AIC: 
495.38, BIC: 509.43
INFO:app.models.econometrics:Fitting ARDL model with lags=5, 
trend=c
C:\Anaconda\Lib\site-packages\statsmodels\tsa\base\tsa_model.py
:473: ValueWarning: No frequency information was provided, so 
inferred frequency B will be used.
  self._init_dates(dates, freq)
INFO:app.models.econometrics:ARDL fitted successfully. AIC: 
498.67, BIC: 512.72
INFO:app.models.econometrics:Fitting ARDL model with lags=5, 
trend=c
C:\Anaconda\Lib\site-packages\statsmodels\tsa\base\tsa_model.py
:473: ValueWarning: No frequency information was provided, so 
inferred frequency B will be used.
  self._init_dates(dates, freq)
INFO:app.models.econometrics:ARDL fitted successfully. AIC: 
498.00, BIC: 512.06
INFO:app.models.econometrics:Fitting ARDL model with lags=5, 
trend=c
C:\Anaconda\Lib\site-packages\statsmodels\tsa\base\tsa_model.py
:473: ValueWarning: No frequency information was provided, so 
inferred frequency B will be used.
  self._init_dates(dates, freq)
INFO:app.models.econometrics:ARDL fitted successfully. AIC: 
499.63, BIC: 513.68
INFO:app.models.econometrics:Fitting ARDL model with lags=5, 
trend=c
C:\Anaconda\Lib\site-packages\statsmodels\tsa\base\tsa_model.py
:473: ValueWarning: No frequency information was provided, so 
inferred frequency B will be used.
  self._init_dates(dates, freq)
INFO:app.models.econometrics:ARDL fitted successfully. AIC: 
499.92, BIC: 513.97
INFO:app.models.econometrics:Fitting ARDL model with lags=5, 
trend=c
C:\Anaconda\Lib\site-packages\statsmodels\tsa\base\tsa_model.py
:473: ValueWarning: No frequency information was provided, so 
inferred frequency B will be used.
  self._init_dates(dates, freq)
INFO:app.models.econometrics:ARDL fitted successfully. AIC: 
503.80, BIC: 517.85
INFO:app.models.econometrics:Fitting ARDL model with lags=5, 
trend=c
C:\Anaconda\Lib\site-packages\statsmodels\tsa\base\tsa_model.py
:473: ValueWarning: No frequency information was provided, so 
inferred frequency B will be used.
  self._init_dates(dates, freq)
INFO:app.models.econometrics:ARDL fitted successfully. AIC: 
507.98, BIC: 522.03
INFO:app.models.econometrics:Fitting ARDL model with lags=5, 
trend=c
C:\Anaconda\Lib\site-packages\statsmodels\tsa\base\tsa_model.py
:473: ValueWarning: No frequency information was provided, so 
inferred frequency B will be used.
  self._init_dates(dates, freq)
INFO:app.models.econometrics:ARDL fitted successfully. AIC: 
507.94, BIC: 521.99
INFO:app.models.econometrics:Fitting ARDL model with lags=5, 
trend=c
C:\Anaconda\Lib\site-packages\statsmodels\tsa\base\tsa_model.py
:473: ValueWarning: No frequency information was provided, so 
inferred frequency B will be used.
  self._init_dates(dates, freq)
INFO:app.models.econometrics:ARDL fitted successfully. AIC: 
509.36, BIC: 523.41
INFO:app.models.econometrics:Fitting ARDL model with lags=5, 
trend=c
C:\Anaconda\Lib\site-packages\statsmodels\tsa\base\tsa_model.py
:473: ValueWarning: No frequency information was provided, so 
inferred frequency B will be used.
  self._init_dates(dates, freq)
INFO:app.models.econometrics:ARDL fitted successfully. AIC: 
508.70, BIC: 522.75
INFO:app.models.econometrics:Fitting ARDL model with lags=5, 
trend=c
C:\Anaconda\Lib\site-packages\statsmodels\tsa\base\tsa_model.py
:473: ValueWarning: No frequency information was provided, so 
inferred frequency B will be used.
  self._init_dates(dates, freq)
INFO:app.models.econometrics:ARDL fitted successfully. AIC: 
510.11, BIC: 524.16
INFO:app.models.econometrics:Fitting ARDL model with lags=5, 
trend=c
C:\Anaconda\Lib\site-packages\statsmodels\tsa\base\tsa_model.py
:473: ValueWarning: No frequency information was provided, so 
inferred frequency B will be used.
  self._init_dates(dates, freq)
INFO:app.models.econometrics:ARDL fitted successfully. AIC: 
510.67, BIC: 524.72
INFO:app.models.econometrics:Fitting ARDL model with lags=5, 
trend=c
C:\Anaconda\Lib\site-packages\statsmodels\tsa\base\tsa_model.py
:473: ValueWarning: No frequency information was provided, so 
inferred frequency B will be used.
  self._init_dates(dates, freq)
INFO:app.models.econometrics:ARDL fitted successfully. AIC: 
510.45, BIC: 524.50
INFO:app.models.econometrics:Fitting ARDL model with lags=5, 
trend=c
C:\Anaconda\Lib\site-packages\statsmodels\tsa\base\tsa_model.py
:473: ValueWarning: No frequency information was provided, so 
inferred frequency B will be used.
  self._init_dates(dates, freq)
INFO:app.models.econometrics:ARDL fitted successfully. AIC: 
511.11, BIC: 525.16
INFO:app.models.econometrics:Fitting ARDL model with lags=5, 
trend=c
C:\Anaconda\Lib\site-packages\statsmodels\tsa\base\tsa_model.py
:473: ValueWarning: No frequency information was provided, so 
inferred frequency B will be used.
  self._init_dates(dates, freq)
INFO:app.models.econometrics:ARDL fitted successfully. AIC: 
512.06, BIC: 526.11
INFO:app.models.econometrics:Fitting ARDL model with lags=5, 
trend=c
C:\Anaconda\Lib\site-packages\statsmodels\tsa\base\tsa_model.py
:473: ValueWarning: No frequency information was provided, so 
inferred frequency B will be used.
  self._init_dates(dates, freq)
INFO:app.models.econometrics:ARDL fitted successfully. AIC: 
511.92, BIC: 525.97
INFO:app.models.econometrics:Fitting ARDL model with lags=5, 
trend=c
C:\Anaconda\Lib\site-packages\statsmodels\tsa\base\tsa_model.py
:473: ValueWarning: No frequency information was provided, so 
inferred frequency B will be used.
  self._init_dates(dates, freq)
INFO:app.models.econometrics:ARDL fitted successfully. AIC: 
514.17, BIC: 528.22
INFO:app.models.econometrics:Fitting ARDL model with lags=5, 
trend=c
C:\Anaconda\Lib\site-packages\statsmodels\tsa\base\tsa_model.py
:473: ValueWarning: No frequency information was provided, so 
inferred frequency B will be used.
  self._init_dates(dates, freq)
INFO:app.models.econometrics:ARDL fitted successfully. AIC: 
514.21, BIC: 528.26
INFO:app.models.econometrics:Fitting ARDL model with lags=5, 
trend=c
C:\Anaconda\Lib\site-packages\statsmodels\tsa\base\tsa_model.py
:473: ValueWarning: No frequency information was provided, so 
inferred frequency B will be used.
  self._init_dates(dates, freq)
INFO:app.models.econometrics:ARDL fitted successfully. AIC: 
513.13, BIC: 527.18
INFO:app.models.econometrics:Fitting ARDL model with lags=5, 
trend=c
C:\Anaconda\Lib\site-packages\statsmodels\tsa\base\tsa_model.py
:473: ValueWarning: No frequency information was provided, so 
inferred frequency B will be used.
  self._init_dates(dates, freq)
INFO:app.models.econometrics:ARDL fitted successfully. AIC: 
514.29, BIC: 528.34
INFO:app.models.econometrics:Fitting ARDL model with lags=5, 
trend=c
C:\Anaconda\Lib\site-packages\statsmodels\tsa\base\tsa_model.py
:473: ValueWarning: No frequency information was provided, so 
inferred frequency B will be used.
  self._init_dates(dates, freq)
INFO:app.models.econometrics:ARDL fitted successfully. AIC: 
513.63, BIC: 527.68
INFO:app.models.econometrics:Fitting ARDL model with lags=5, 
trend=c
C:\Anaconda\Lib\site-packages\statsmodels\tsa\base\tsa_model.py
:473: ValueWarning: No frequency information was provided, so 
inferred frequency B will be used.
  self._init_dates(dates, freq)
INFO:app.models.econometrics:ARDL fitted successfully. AIC: 
515.81, BIC: 529.86
INFO:app.models.econometrics:Fitting ARDL model with lags=5, 
trend=c
C:\Anaconda\Lib\site-packages\statsmodels\tsa\base\tsa_model.py
:473: ValueWarning: No frequency information was provided, so 
inferred frequency B will be used.
  self._init_dates(dates, freq)
INFO:app.models.econometrics:ARDL fitted successfully. AIC: 
513.43, BIC: 527.48
INFO:app.models.econometrics:Fitting ARDL model with lags=5, 
trend=c
C:\Anaconda\Lib\site-packages\statsmodels\tsa\base\tsa_model.py
:473: ValueWarning: No frequency information was provided, so 
inferred frequency B will be used.
  self._init_dates(dates, freq)
INFO:app.models.econometrics:ARDL fitted successfully. AIC: 
515.48, BIC: 529.54
INFO:app.models.econometrics:Fitting ARDL model with lags=5, 
trend=c
C:\Anaconda\Lib\site-packages\statsmodels\tsa\base\tsa_model.py
:473: ValueWarning: No frequency information was provided, so 
inferred frequency B will be used.
  self._init_dates(dates, freq)
INFO:app.models.econometrics:ARDL fitted successfully. AIC: 
514.64, BIC: 528.69
INFO:app.models.econometrics:Fitting ARDL model with lags=5, 
trend=c
C:\Anaconda\Lib\site-packages\statsmodels\tsa\base\tsa_model.py
:473: ValueWarning: No frequency information was provided, so 
inferred frequency B will be used.
  self._init_dates(dates, freq)
INFO:app.models.econometrics:ARDL fitted successfully. AIC: 
514.60, BIC: 528.65
INFO:app.models.econometrics:Fitting ARDL model with lags=5, 
trend=c
C:\Anaconda\Lib\site-packages\statsmodels\tsa\base\tsa_model.py
:473: ValueWarning: No frequency information was provided, so 
inferred frequency B will be used.
  self._init_dates(dates, freq)
INFO:app.models.econometrics:ARDL fitted successfully. AIC: 
514.60, BIC: 528.65
INFO:app.models.econometrics:Fitting ARDL model with lags=5, 
trend=c
C:\Anaconda\Lib\site-packages\statsmodels\tsa\base\tsa_model.py
:473: ValueWarning: No frequency information was provided, so 
inferred frequency B will be used.
  self._init_dates(dates, freq)
INFO:app.models.econometrics:ARDL fitted successfully. AIC: 
515.98, BIC: 530.03

Epoch 1:  17%|#7        | 11/64 [00:05<00:19,  2.66it/s, 
loss=1.91e+6]
Epoch 1:  19%|#8        | 12/64 [00:05<00:20,  2.50it/s, 
loss=1.91e+6]INFO:app.models.econometrics:Fitting ARDL model 
with lags=5, trend=c
C:\Anaconda\Lib\site-packages\statsmodels\tsa\base\tsa_model.py
:473: ValueWarning: No frequency information was provided, so 
inferred frequency B will be used.
  self._init_dates(dates, freq)
INFO:app.models.econometrics:ARDL fitted successfully. AIC: 
515.62, BIC: 529.67
INFO:app.models.econometrics:Fitting ARDL model with lags=5, 
trend=c
C:\Anaconda\Lib\site-packages\statsmodels\tsa\base\tsa_model.py
:473: ValueWarning: No frequency information was provided, so 
inferred frequency B will be used.
  self._init_dates(dates, freq)
INFO:app.models.econometrics:ARDL fitted successfully. AIC: 
516.46, BIC: 530.51
INFO:app.models.econometrics:Fitting ARDL model with lags=5, 
trend=c
C:\Anaconda\Lib\site-packages\statsmodels\tsa\base\tsa_model.py
:473: ValueWarning: No frequency information was provided, so 
inferred frequency B will be used.
  self._init_dates(dates, freq)
INFO:app.models.econometrics:ARDL fitted successfully. AIC: 
515.94, BIC: 529.99
INFO:app.models.econometrics:Fitting ARDL model with lags=5, 
trend=c
C:\Anaconda\Lib\site-packages\statsmodels\tsa\base\tsa_model.py
:473: ValueWarning: No frequency information was provided, so 
inferred frequency B will be used.
  self._init_dates(dates, freq)
INFO:app.models.econometrics:ARDL fitted successfully. AIC: 
516.23, BIC: 530.28
INFO:app.models.econometrics:Fitting ARDL model with lags=5, 
trend=c
C:\Anaconda\Lib\site-packages\statsmodels\tsa\base\tsa_model.py
:473: ValueWarning: No frequency information was provided, so 
inferred frequency B will be used.
  self._init_dates(dates, freq)
INFO:app.models.econometrics:ARDL fitted successfully. AIC: 
514.61, BIC: 528.66
INFO:app.models.econometrics:Fitting ARDL model with lags=5, 
trend=c
C:\Anaconda\Lib\site-packages\statsmodels\tsa\base\tsa_model.py
:473: ValueWarning: No frequency information was provided, so 
inferred frequency B will be used.
  self._init_dates(dates, freq)
INFO:app.models.econometrics:ARDL fitted successfully. AIC: 
512.59, BIC: 526.64
INFO:app.models.econometrics:Fitting ARDL model with lags=5, 
trend=c
C:\Anaconda\Lib\site-packages\statsmodels\tsa\base\tsa_model.py
:473: ValueWarning: No frequency information was provided, so 
inferred frequency B will be used.
  self._init_dates(dates, freq)
INFO:app.models.econometrics:ARDL fitted successfully. AIC: 
512.76, BIC: 526.81
INFO:app.models.econometrics:Fitting ARDL model with lags=5, 
trend=c
C:\Anaconda\Lib\site-packages\statsmodels\tsa\base\tsa_model.py
:473: ValueWarning: No frequency information was provided, so 
inferred frequency B will be used.
  self._init_dates(dates, freq)
INFO:app.models.econometrics:ARDL fitted successfully. AIC: 
512.09, BIC: 526.15
INFO:app.models.econometrics:Fitting ARDL model with lags=5, 
trend=c
C:\Anaconda\Lib\site-packages\statsmodels\tsa\base\tsa_model.py
:473: ValueWarning: No frequency information was provided, so 
inferred frequency B will be used.
  self._init_dates(dates, freq)
INFO:app.models.econometrics:ARDL fitted successfully. AIC: 
510.53, BIC: 524.58
INFO:app.models.econometrics:Fitting ARDL model with lags=5, 
trend=c
C:\Anaconda\Lib\site-packages\statsmodels\tsa\base\tsa_model.py
:473: ValueWarning: No frequency information was provided, so 
inferred frequency B will be used.
  self._init_dates(dates, freq)
INFO:app.models.econometrics:ARDL fitted successfully. AIC: 
510.38, BIC: 524.43
INFO:app.models.econometrics:Fitting ARDL model with lags=5, 
trend=c
C:\Anaconda\Lib\site-packages\statsmodels\tsa\base\tsa_model.py
:473: ValueWarning: No frequency information was provided, so 
inferred frequency B will be used.
  self._init_dates(dates, freq)
INFO:app.models.econometrics:ARDL fitted successfully. AIC: 
510.54, BIC: 524.59
INFO:app.models.econometrics:Fitting ARDL model with lags=5, 
trend=c
C:\Anaconda\Lib\site-packages\statsmodels\tsa\base\tsa_model.py
:473: ValueWarning: No frequency information was provided, so 
inferred frequency B will be used.
  self._init_dates(dates, freq)
INFO:app.models.econometrics:ARDL fitted successfully. AIC: 
509.89, BIC: 523.95
INFO:app.models.econometrics:Fitting ARDL model with lags=5, 
trend=c
C:\Anaconda\Lib\site-packages\statsmodels\tsa\base\tsa_model.py
:473: ValueWarning: No frequency information was provided, so 
inferred frequency B will be used.
  self._init_dates(dates, freq)
INFO:app.models.econometrics:ARDL fitted successfully. AIC: 
507.44, BIC: 521.50
INFO:app.models.econometrics:Fitting ARDL model with lags=5, 
trend=c
C:\Anaconda\Lib\site-packages\statsmodels\tsa\base\tsa_model.py
:473: ValueWarning: No frequency information was provided, so 
inferred frequency B will be used.
  self._init_dates(dates, freq)
INFO:app.models.econometrics:ARDL fitted successfully. AIC: 
506.98, BIC: 521.03
INFO:app.models.econometrics:Fitting ARDL model with lags=5, 
trend=c
C:\Anaconda\Lib\site-packages\statsmodels\tsa\base\tsa_model.py
:473: ValueWarning: No frequency information was provided, so 
inferred frequency B will be used.
  self._init_dates(dates, freq)
INFO:app.models.econometrics:ARDL fitted successfully. AIC: 
507.98, BIC: 522.03
INFO:app.models.econometrics:Fitting ARDL model with lags=5, 
trend=c
C:\Anaconda\Lib\site-packages\statsmodels\tsa\base\tsa_model.py
:473: ValueWarning: No frequency information was provided, so 
inferred frequency B will be used.
  self._init_dates(dates, freq)
INFO:app.models.econometrics:ARDL fitted successfully. AIC: 
508.22, BIC: 522.27
INFO:app.models.econometrics:Fitting ARDL model with lags=5, 
trend=c
C:\Anaconda\Lib\site-packages\statsmodels\tsa\base\tsa_model.py
:473: ValueWarning: No frequency information was provided, so 
inferred frequency B will be used.
  self._init_dates(dates, freq)
INFO:app.models.econometrics:ARDL fitted successfully. AIC: 
509.15, BIC: 523.20
INFO:app.models.econometrics:Fitting ARDL model with lags=5, 
trend=c
C:\Anaconda\Lib\site-packages\statsmodels\tsa\base\tsa_model.py
:473: ValueWarning: No frequency information was provided, so 
inferred frequency B will be used.
  self._init_dates(dates, freq)
INFO:app.models.econometrics:ARDL fitted successfully. AIC: 
512.42, BIC: 526.47
INFO:app.models.econometrics:Fitting ARDL model with lags=5, 
trend=c
C:\Anaconda\Lib\site-packages\statsmodels\tsa\base\tsa_model.py
:473: ValueWarning: No frequency information was provided, so 
inferred frequency B will be used.
  self._init_dates(dates, freq)
INFO:app.models.econometrics:ARDL fitted successfully. AIC: 
510.75, BIC: 524.80
INFO:app.models.econometrics:Fitting ARDL model with lags=5, 
trend=c
C:\Anaconda\Lib\site-packages\statsmodels\tsa\base\tsa_model.py
:473: ValueWarning: No frequency information was provided, so 
inferred frequency B will be used.
  self._init_dates(dates, freq)
INFO:app.models.econometrics:ARDL fitted successfully. AIC: 
511.33, BIC: 525.38
INFO:app.models.econometrics:Fitting ARDL model with lags=5, 
trend=c
C:\Anaconda\Lib\site-packages\statsmodels\tsa\base\tsa_model.py
:473: ValueWarning: No frequency information was provided, so 
inferred frequency B will be used.
  self._init_dates(dates, freq)
INFO:app.models.econometrics:ARDL fitted successfully. AIC: 
511.27, BIC: 525.33
INFO:app.models.econometrics:Fitting ARDL model with lags=5, 
trend=c
C:\Anaconda\Lib\site-packages\statsmodels\tsa\base\tsa_model.py
:473: ValueWarning: No frequency information was provided, so 
inferred frequency B will be used.
  self._init_dates(dates, freq)
INFO:app.models.econometrics:ARDL fitted successfully. AIC: 
511.35, BIC: 525.40
INFO:app.models.econometrics:Fitting ARDL model with lags=5, 
trend=c
C:\Anaconda\Lib\site-packages\statsmodels\tsa\base\tsa_model.py
:473: ValueWarning: No frequency information was provided, so 
inferred frequency B will be used.
  self._init_dates(dates, freq)
INFO:app.models.econometrics:ARDL fitted successfully. AIC: 
511.33, BIC: 525.38
INFO:app.models.econometrics:Fitting ARDL model with lags=5, 
trend=c
C:\Anaconda\Lib\site-packages\statsmodels\tsa\base\tsa_model.py
:473: ValueWarning: No frequency information was provided, so 
inferred frequency B will be used.
  self._init_dates(dates, freq)
INFO:app.models.econometrics:ARDL fitted successfully. AIC: 
509.46, BIC: 523.51
INFO:app.models.econometrics:Fitting ARDL model with lags=5, 
trend=c
C:\Anaconda\Lib\site-packages\statsmodels\tsa\base\tsa_model.py
:473: ValueWarning: No frequency information was provided, so 
inferred frequency B will be used.
  self._init_dates(dates, freq)
INFO:app.models.econometrics:ARDL fitted successfully. AIC: 
505.91, BIC: 519.97
INFO:app.models.econometrics:Fitting ARDL model with lags=5, 
trend=c
C:\Anaconda\Lib\site-packages\statsmodels\tsa\base\tsa_model.py
:473: ValueWarning: No frequency information was provided, so 
inferred frequency B will be used.
  self._init_dates(dates, freq)
INFO:app.models.econometrics:ARDL fitted successfully. AIC: 
506.00, BIC: 520.05
INFO:app.models.econometrics:Fitting ARDL model with lags=5, 
trend=c
C:\Anaconda\Lib\site-packages\statsmodels\tsa\base\tsa_model.py
:473: ValueWarning: No frequency information was provided, so 
inferred frequency B will be used.
  self._init_dates(dates, freq)
INFO:app.models.econometrics:ARDL fitted successfully. AIC: 
506.61, BIC: 520.66
INFO:app.models.econometrics:Fitting ARDL model with lags=5, 
trend=c
C:\Anaconda\Lib\site-packages\statsmodels\tsa\base\tsa_model.py
:473: ValueWarning: No frequency information was provided, so 
inferred frequency B will be used.
  self._init_dates(dates, freq)
INFO:app.models.econometrics:ARDL fitted successfully. AIC: 
505.17, BIC: 519.22
INFO:app.models.econometrics:Fitting ARDL model with lags=5, 
trend=c
C:\Anaconda\Lib\site-packages\statsmodels\tsa\base\tsa_model.py
:473: ValueWarning: No frequency information was provided, so 
inferred frequency B will be used.
  self._init_dates(dates, freq)
INFO:app.models.econometrics:ARDL fitted successfully. AIC: 
509.43, BIC: 523.48
INFO:app.models.econometrics:Fitting ARDL model with lags=5, 
trend=c
C:\Anaconda\Lib\site-packages\statsmodels\tsa\base\tsa_model.py
:473: ValueWarning: No frequency information was provided, so 
inferred frequency B will be used.
  self._init_dates(dates, freq)
INFO:app.models.econometrics:ARDL fitted successfully. AIC: 
511.01, BIC: 525.06
INFO:app.models.econometrics:Fitting ARDL model with lags=5, 
trend=c
C:\Anaconda\Lib\site-packages\statsmodels\tsa\base\tsa_model.py
:473: ValueWarning: No frequency information was provided, so 
inferred frequency B will be used.
  self._init_dates(dates, freq)
INFO:app.models.econometrics:ARDL fitted successfully. AIC: 
512.12, BIC: 526.17
INFO:app.models.econometrics:Fitting ARDL model with lags=5, 
trend=c
C:\Anaconda\Lib\site-packages\statsmodels\tsa\base\tsa_model.py
:473: ValueWarning: No frequency information was provided, so 
inferred frequency B will be used.
  self._init_dates(dates, freq)
INFO:app.models.econometrics:ARDL fitted successfully. AIC: 
513.23, BIC: 527.28

Epoch 1:  19%|#8        | 12/64 [00:05<00:20,  2.50it/s, 
loss=1.85e+6]
Epoch 1:  20%|##        | 13/64 [00:05<00:20,  2.48it/s, 
loss=1.85e+6]INFO:app.models.econometrics:Fitting ARDL model 
with lags=5, trend=c
C:\Anaconda\Lib\site-packages\statsmodels\tsa\base\tsa_model.py
:473: ValueWarning: No frequency information was provided, so 
inferred frequency B will be used.
  self._init_dates(dates, freq)
INFO:app.models.econometrics:ARDL fitted successfully. AIC: 
509.88, BIC: 523.93
INFO:app.models.econometrics:Fitting ARDL model with lags=5, 
trend=c
C:\Anaconda\Lib\site-packages\statsmodels\tsa\base\tsa_model.py
:473: ValueWarning: No frequency information was provided, so 
inferred frequency B will be used.
  self._init_dates(dates, freq)
INFO:app.models.econometrics:ARDL fitted successfully. AIC: 
507.62, BIC: 521.67
INFO:app.models.econometrics:Fitting ARDL model with lags=5, 
trend=c
C:\Anaconda\Lib\site-packages\statsmodels\tsa\base\tsa_model.py
:473: ValueWarning: No frequency information was provided, so 
inferred frequency B will be used.
  self._init_dates(dates, freq)
INFO:app.models.econometrics:ARDL fitted successfully. AIC: 
507.72, BIC: 521.77
INFO:app.models.econometrics:Fitting ARDL model with lags=5, 
trend=c
C:\Anaconda\Lib\site-packages\statsmodels\tsa\base\tsa_model.py
:473: ValueWarning: No frequency information was provided, so 
inferred frequency B will be used.
  self._init_dates(dates, freq)
INFO:app.models.econometrics:ARDL fitted successfully. AIC: 
514.46, BIC: 528.51
INFO:app.models.econometrics:Fitting ARDL model with lags=5, 
trend=c
C:\Anaconda\Lib\site-packages\statsmodels\tsa\base\tsa_model.py
:473: ValueWarning: No frequency information was provided, so 
inferred frequency B will be used.
  self._init_dates(dates, freq)
INFO:app.models.econometrics:ARDL fitted successfully. AIC: 
514.40, BIC: 528.46
INFO:app.models.econometrics:Fitting ARDL model with lags=5, 
trend=c
C:\Anaconda\Lib\site-packages\statsmodels\tsa\base\tsa_model.py
:473: ValueWarning: No frequency information was provided, so 
inferred frequency B will be used.
  self._init_dates(dates, freq)
INFO:app.models.econometrics:ARDL fitted successfully. AIC: 
511.61, BIC: 525.66
INFO:app.models.econometrics:Fitting ARDL model with lags=5, 
trend=c
C:\Anaconda\Lib\site-packages\statsmodels\tsa\base\tsa_model.py
:473: ValueWarning: No frequency information was provided, so 
inferred frequency B will be used.
  self._init_dates(dates, freq)
INFO:app.models.econometrics:ARDL fitted successfully. AIC: 
511.43, BIC: 525.48
INFO:app.models.econometrics:Fitting ARDL model with lags=5, 
trend=c
C:\Anaconda\Lib\site-packages\statsmodels\tsa\base\tsa_model.py
:473: ValueWarning: No frequency information was provided, so 
inferred frequency B will be used.
  self._init_dates(dates, freq)
INFO:app.models.econometrics:ARDL fitted successfully. AIC: 
509.41, BIC: 523.46
INFO:app.models.econometrics:Fitting ARDL model with lags=5, 
trend=c
C:\Anaconda\Lib\site-packages\statsmodels\tsa\base\tsa_model.py
:473: ValueWarning: No frequency information was provided, so 
inferred frequency B will be used.
  self._init_dates(dates, freq)
INFO:app.models.econometrics:ARDL fitted successfully. AIC: 
506.44, BIC: 520.49
INFO:app.models.econometrics:Fitting ARDL model with lags=5, 
trend=c
C:\Anaconda\Lib\site-packages\statsmodels\tsa\base\tsa_model.py
:473: ValueWarning: No frequency information was provided, so 
inferred frequency B will be used.
  self._init_dates(dates, freq)
INFO:app.models.econometrics:ARDL fitted successfully. AIC: 
505.77, BIC: 519.82
INFO:app.models.econometrics:Fitting ARDL model with lags=5, 
trend=c
C:\Anaconda\Lib\site-packages\statsmodels\tsa\base\tsa_model.py
:473: ValueWarning: No frequency information was provided, so 
inferred frequency B will be used.
  self._init_dates(dates, freq)
INFO:app.models.econometrics:ARDL fitted successfully. AIC: 
507.64, BIC: 521.69
INFO:app.models.econometrics:Fitting ARDL model with lags=5, 
trend=c
C:\Anaconda\Lib\site-packages\statsmodels\tsa\base\tsa_model.py
:473: ValueWarning: No frequency information was provided, so 
inferred frequency B will be used.
  self._init_dates(dates, freq)
INFO:app.models.econometrics:ARDL fitted successfully. AIC: 
506.36, BIC: 520.41
INFO:app.models.econometrics:Fitting ARDL model with lags=5, 
trend=c
C:\Anaconda\Lib\site-packages\statsmodels\tsa\base\tsa_model.py
:473: ValueWarning: No frequency information was provided, so 
inferred frequency B will be used.
  self._init_dates(dates, freq)
INFO:app.models.econometrics:ARDL fitted successfully. AIC: 
507.37, BIC: 521.42
INFO:app.models.econometrics:Fitting ARDL model with lags=5, 
trend=c
C:\Anaconda\Lib\site-packages\statsmodels\tsa\base\tsa_model.py
:473: ValueWarning: No frequency information was provided, so 
inferred frequency B will be used.
  self._init_dates(dates, freq)
INFO:app.models.econometrics:ARDL fitted successfully. AIC: 
509.05, BIC: 523.10
INFO:app.models.econometrics:Fitting ARDL model with lags=5, 
trend=c
C:\Anaconda\Lib\site-packages\statsmodels\tsa\base\tsa_model.py
:473: ValueWarning: No frequency information was provided, so 
inferred frequency B will be used.
  self._init_dates(dates, freq)
INFO:app.models.econometrics:ARDL fitted successfully. AIC: 
506.38, BIC: 520.43
INFO:app.models.econometrics:Fitting ARDL model with lags=5, 
trend=c
C:\Anaconda\Lib\site-packages\statsmodels\tsa\base\tsa_model.py
:473: ValueWarning: No frequency information was provided, so 
inferred frequency B will be used.
  self._init_dates(dates, freq)
INFO:app.models.econometrics:ARDL fitted successfully. AIC: 
506.15, BIC: 520.20
INFO:app.models.econometrics:Fitting ARDL model with lags=5, 
trend=c
C:\Anaconda\Lib\site-packages\statsmodels\tsa\base\tsa_model.py
:473: ValueWarning: No frequency information was provided, so 
inferred frequency B will be used.
  self._init_dates(dates, freq)
INFO:app.models.econometrics:ARDL fitted successfully. AIC: 
502.01, BIC: 516.06
INFO:app.models.econometrics:Fitting ARDL model with lags=5, 
trend=c
C:\Anaconda\Lib\site-packages\statsmodels\tsa\base\tsa_model.py
:473: ValueWarning: No frequency information was provided, so 
inferred frequency B will be used.
  self._init_dates(dates, freq)
INFO:app.models.econometrics:ARDL fitted successfully. AIC: 
501.69, BIC: 515.75
INFO:app.models.econometrics:Fitting ARDL model with lags=5, 
trend=c
C:\Anaconda\Lib\site-packages\statsmodels\tsa\base\tsa_model.py
:473: ValueWarning: No frequency information was provided, so 
inferred frequency B will be used.
  self._init_dates(dates, freq)
INFO:app.models.econometrics:ARDL fitted successfully. AIC: 
501.68, BIC: 515.73
INFO:app.models.econometrics:Fitting ARDL model with lags=5, 
trend=c
C:\Anaconda\Lib\site-packages\statsmodels\tsa\base\tsa_model.py
:473: ValueWarning: No frequency information was provided, so 
inferred frequency B will be used.
  self._init_dates(dates, freq)
INFO:app.models.econometrics:ARDL fitted successfully. AIC: 
505.06, BIC: 519.11
INFO:app.models.econometrics:Fitting ARDL model with lags=5, 
trend=c
C:\Anaconda\Lib\site-packages\statsmodels\tsa\base\tsa_model.py
:473: ValueWarning: No frequency information was provided, so 
inferred frequency B will be used.
  self._init_dates(dates, freq)
INFO:app.models.econometrics:ARDL fitted successfully. AIC: 
504.14, BIC: 518.19
INFO:app.models.econometrics:Fitting ARDL model with lags=5, 
trend=c
C:\Anaconda\Lib\site-packages\statsmodels\tsa\base\tsa_model.py
:473: ValueWarning: No frequency information was provided, so 
inferred frequency B will be used.
  self._init_dates(dates, freq)
INFO:app.models.econometrics:ARDL fitted successfully. AIC: 
503.22, BIC: 517.27
INFO:app.models.econometrics:Fitting ARDL model with lags=5, 
trend=c
C:\Anaconda\Lib\site-packages\statsmodels\tsa\base\tsa_model.py
:473: ValueWarning: No frequency information was provided, so 
inferred frequency B will be used.
  self._init_dates(dates, freq)
INFO:app.models.econometrics:ARDL fitted successfully. AIC: 
501.78, BIC: 515.83
INFO:app.models.econometrics:Fitting ARDL model with lags=5, 
trend=c
C:\Anaconda\Lib\site-packages\statsmodels\tsa\base\tsa_model.py
:473: ValueWarning: No frequency information was provided, so 
inferred frequency B will be used.
  self._init_dates(dates, freq)
INFO:app.models.econometrics:ARDL fitted successfully. AIC: 
501.09, BIC: 515.14
INFO:app.models.econometrics:Fitting ARDL model with lags=5, 
trend=c
C:\Anaconda\Lib\site-packages\statsmodels\tsa\base\tsa_model.py
:473: ValueWarning: No frequency information was provided, so 
inferred frequency B will be used.
  self._init_dates(dates, freq)
INFO:app.models.econometrics:ARDL fitted successfully. AIC: 
500.72, BIC: 514.77
INFO:app.models.econometrics:Fitting ARDL model with lags=5, 
trend=c
C:\Anaconda\Lib\site-packages\statsmodels\tsa\base\tsa_model.py
:473: ValueWarning: No frequency information was provided, so 
inferred frequency B will be used.
  self._init_dates(dates, freq)
INFO:app.models.econometrics:ARDL fitted successfully. AIC: 
499.93, BIC: 513.98
INFO:app.models.econometrics:Fitting ARDL model with lags=5, 
trend=c
C:\Anaconda\Lib\site-packages\statsmodels\tsa\base\tsa_model.py
:473: ValueWarning: No frequency information was provided, so 
inferred frequency B will be used.
  self._init_dates(dates, freq)
INFO:app.models.econometrics:ARDL fitted successfully. AIC: 
504.42, BIC: 518.47
INFO:app.models.econometrics:Fitting ARDL model with lags=5, 
trend=c
C:\Anaconda\Lib\site-packages\statsmodels\tsa\base\tsa_model.py
:473: ValueWarning: No frequency information was provided, so 
inferred frequency B will be used.
  self._init_dates(dates, freq)
INFO:app.models.econometrics:ARDL fitted successfully. AIC: 
505.46, BIC: 519.51
INFO:app.models.econometrics:Fitting ARDL model with lags=5, 
trend=c
C:\Anaconda\Lib\site-packages\statsmodels\tsa\base\tsa_model.py
:473: ValueWarning: No frequency information was provided, so 
inferred frequency B will be used.
  self._init_dates(dates, freq)
INFO:app.models.econometrics:ARDL fitted successfully. AIC: 
506.95, BIC: 521.00
INFO:app.models.econometrics:Fitting ARDL model with lags=5, 
trend=c
C:\Anaconda\Lib\site-packages\statsmodels\tsa\base\tsa_model.py
:473: ValueWarning: No frequency information was provided, so 
inferred frequency B will be used.
  self._init_dates(dates, freq)
INFO:app.models.econometrics:ARDL fitted successfully. AIC: 
506.68, BIC: 520.73
INFO:app.models.econometrics:Fitting ARDL model with lags=5, 
trend=c
C:\Anaconda\Lib\site-packages\statsmodels\tsa\base\tsa_model.py
:473: ValueWarning: No frequency information was provided, so 
inferred frequency B will be used.
  self._init_dates(dates, freq)
INFO:app.models.econometrics:ARDL fitted successfully. AIC: 
506.89, BIC: 520.94
INFO:app.models.econometrics:Fitting ARDL model with lags=5, 
trend=c
C:\Anaconda\Lib\site-packages\statsmodels\tsa\base\tsa_model.py
:473: ValueWarning: No frequency information was provided, so 
inferred frequency B will be used.
  self._init_dates(dates, freq)
INFO:app.models.econometrics:ARDL fitted successfully. AIC: 
506.17, BIC: 520.22

Epoch 1:  20%|##        | 13/64 [00:05<00:20,  2.48it/s, 
loss=1.89e+6]
Epoch 1:  22%|##1       | 14/64 [00:05<00:19,  2.51it/s, 
loss=1.89e+6]INFO:app.models.econometrics:Fitting ARDL model 
with lags=5, trend=c
C:\Anaconda\Lib\site-packages\statsmodels\tsa\base\tsa_model.py
:473: ValueWarning: No frequency information was provided, so 
inferred frequency B will be used.
  self._init_dates(dates, freq)
INFO:app.models.econometrics:ARDL fitted successfully. AIC: 
505.43, BIC: 519.48
INFO:app.models.econometrics:Fitting ARDL model with lags=5, 
trend=c
C:\Anaconda\Lib\site-packages\statsmodels\tsa\base\tsa_model.py
:473: ValueWarning: No frequency information was provided, so 
inferred frequency B will be used.
  self._init_dates(dates, freq)
INFO:app.models.econometrics:ARDL fitted successfully. AIC: 
505.05, BIC: 519.10
INFO:app.models.econometrics:Fitting ARDL model with lags=5, 
trend=c
C:\Anaconda\Lib\site-packages\statsmodels\tsa\base\tsa_model.py
:473: ValueWarning: No frequency information was provided, so 
inferred frequency B will be used.
  self._init_dates(dates, freq)
INFO:app.models.econometrics:ARDL fitted successfully. AIC: 
504.88, BIC: 518.93
INFO:app.models.econometrics:Fitting ARDL model with lags=5, 
trend=c
C:\Anaconda\Lib\site-packages\statsmodels\tsa\base\tsa_model.py
:473: ValueWarning: No frequency information was provided, so 
inferred frequency B will be used.
  self._init_dates(dates, freq)
INFO:app.models.econometrics:ARDL fitted successfully. AIC: 
505.12, BIC: 519.17
INFO:app.models.econometrics:Fitting ARDL model with lags=5, 
trend=c
C:\Anaconda\Lib\site-packages\statsmodels\tsa\base\tsa_model.py
:473: ValueWarning: No frequency information was provided, so 
inferred frequency B will be used.
  self._init_dates(dates, freq)
INFO:app.models.econometrics:ARDL fitted successfully. AIC: 
505.11, BIC: 519.16
INFO:app.models.econometrics:Fitting ARDL model with lags=5, 
trend=c
C:\Anaconda\Lib\site-packages\statsmodels\tsa\base\tsa_model.py
:473: ValueWarning: No frequency information was provided, so 
inferred frequency B will be used.
  self._init_dates(dates, freq)
INFO:app.models.econometrics:ARDL fitted successfully. AIC: 
503.94, BIC: 517.99
INFO:app.models.econometrics:Fitting ARDL model with lags=5, 
trend=c
C:\Anaconda\Lib\site-packages\statsmodels\tsa\base\tsa_model.py
:473: ValueWarning: No frequency information was provided, so 
inferred frequency B will be used.
  self._init_dates(dates, freq)
INFO:app.models.econometrics:ARDL fitted successfully. AIC: 
504.55, BIC: 518.60
INFO:app.models.econometrics:Fitting ARDL model with lags=5, 
trend=c
C:\Anaconda\Lib\site-packages\statsmodels\tsa\base\tsa_model.py
:473: ValueWarning: No frequency information was provided, so 
inferred frequency B will be used.
  self._init_dates(dates, freq)
INFO:app.models.econometrics:ARDL fitted successfully. AIC: 
502.23, BIC: 516.28
INFO:app.models.econometrics:Fitting ARDL model with lags=5, 
trend=c
C:\Anaconda\Lib\site-packages\statsmodels\tsa\base\tsa_model.py
:473: ValueWarning: No frequency information was provided, so 
inferred frequency B will be used.
  self._init_dates(dates, freq)
INFO:app.models.econometrics:ARDL fitted successfully. AIC: 
499.26, BIC: 513.31
INFO:app.models.econometrics:Fitting ARDL model with lags=5, 
trend=c
C:\Anaconda\Lib\site-packages\statsmodels\tsa\base\tsa_model.py
:473: ValueWarning: No frequency information was provided, so 
inferred frequency B will be used.
  self._init_dates(dates, freq)
INFO:app.models.econometrics:ARDL fitted successfully. AIC: 
498.52, BIC: 512.57
INFO:app.models.econometrics:Fitting ARDL model with lags=5, 
trend=c
C:\Anaconda\Lib\site-packages\statsmodels\tsa\base\tsa_model.py
:473: ValueWarning: No frequency information was provided, so 
inferred frequency B will be used.
  self._init_dates(dates, freq)
INFO:app.models.econometrics:ARDL fitted successfully. AIC: 
499.31, BIC: 513.36
INFO:app.models.econometrics:Fitting ARDL model with lags=5, 
trend=c
C:\Anaconda\Lib\site-packages\statsmodels\tsa\base\tsa_model.py
:473: ValueWarning: No frequency information was provided, so 
inferred frequency B will be used.
  self._init_dates(dates, freq)
INFO:app.models.econometrics:ARDL fitted successfully. AIC: 
499.13, BIC: 513.18
INFO:app.models.econometrics:Fitting ARDL model with lags=5, 
trend=c
C:\Anaconda\Lib\site-packages\statsmodels\tsa\base\tsa_model.py
:473: ValueWarning: No frequency information was provided, so 
inferred frequency B will be used.
  self._init_dates(dates, freq)
INFO:app.models.econometrics:ARDL fitted successfully. AIC: 
499.11, BIC: 513.16
INFO:app.models.econometrics:Fitting ARDL model with lags=5, 
trend=c
C:\Anaconda\Lib\site-packages\statsmodels\tsa\base\tsa_model.py
:473: ValueWarning: No frequency information was provided, so 
inferred frequency B will be used.
  self._init_dates(dates, freq)
INFO:app.models.econometrics:ARDL fitted successfully. AIC: 
501.88, BIC: 515.93
INFO:app.models.econometrics:Fitting ARDL model with lags=5, 
trend=c
C:\Anaconda\Lib\site-packages\statsmodels\tsa\base\tsa_model.py
:473: ValueWarning: No frequency information was provided, so 
inferred frequency B will be used.
  self._init_dates(dates, freq)
INFO:app.models.econometrics:ARDL fitted successfully. AIC: 
502.36, BIC: 516.41
INFO:app.models.econometrics:Fitting ARDL model with lags=5, 
trend=c
C:\Anaconda\Lib\site-packages\statsmodels\tsa\base\tsa_model.py
:473: ValueWarning: No frequency information was provided, so 
inferred frequency B will be used.
  self._init_dates(dates, freq)
INFO:app.models.econometrics:ARDL fitted successfully. AIC: 
503.77, BIC: 517.82
INFO:app.models.econometrics:Fitting ARDL model with lags=5, 
trend=c
C:\Anaconda\Lib\site-packages\statsmodels\tsa\base\tsa_model.py
:473: ValueWarning: No frequency information was provided, so 
inferred frequency B will be used.
  self._init_dates(dates, freq)
INFO:app.models.econometrics:ARDL fitted successfully. AIC: 
503.98, BIC: 518.03
INFO:app.models.econometrics:Fitting ARDL model with lags=5, 
trend=c
C:\Anaconda\Lib\site-packages\statsmodels\tsa\base\tsa_model.py
:473: ValueWarning: No frequency information was provided, so 
inferred frequency B will be used.
  self._init_dates(dates, freq)
INFO:app.models.econometrics:ARDL fitted successfully. AIC: 
504.94, BIC: 518.99
INFO:app.models.econometrics:Fitting ARDL model with lags=5, 
trend=c
C:\Anaconda\Lib\site-packages\statsmodels\tsa\base\tsa_model.py
:473: ValueWarning: No frequency information was provided, so 
inferred frequency B will be used.
  self._init_dates(dates, freq)
INFO:app.models.econometrics:ARDL fitted successfully. AIC: 
507.80, BIC: 521.85
INFO:app.models.econometrics:Fitting ARDL model with lags=5, 
trend=c
C:\Anaconda\Lib\site-packages\statsmodels\tsa\base\tsa_model.py
:473: ValueWarning: No frequency information was provided, so 
inferred frequency B will be used.
  self._init_dates(dates, freq)
INFO:app.models.econometrics:ARDL fitted successfully. AIC: 
505.61, BIC: 519.66
INFO:app.models.econometrics:Fitting ARDL model with lags=5, 
trend=c
C:\Anaconda\Lib\site-packages\statsmodels\tsa\base\tsa_model.py
:473: ValueWarning: No frequency information was provided, so 
inferred frequency B will be used.
  self._init_dates(dates, freq)
INFO:app.models.econometrics:ARDL fitted successfully. AIC: 
503.28, BIC: 517.34
INFO:app.models.econometrics:Fitting ARDL model with lags=5, 
trend=c
C:\Anaconda\Lib\site-packages\statsmodels\tsa\base\tsa_model.py
:473: ValueWarning: No frequency information was provided, so 
inferred frequency B will be used.
  self._init_dates(dates, freq)
INFO:app.models.econometrics:ARDL fitted successfully. AIC: 
502.85, BIC: 516.90
INFO:app.models.econometrics:Fitting ARDL model with lags=5, 
trend=c
C:\Anaconda\Lib\site-packages\statsmodels\tsa\base\tsa_model.py
:473: ValueWarning: No frequency information was provided, so 
inferred frequency B will be used.
  self._init_dates(dates, freq)
INFO:app.models.econometrics:ARDL fitted successfully. AIC: 
503.23, BIC: 517.28
INFO:app.models.econometrics:Fitting ARDL model with lags=5, 
trend=c
C:\Anaconda\Lib\site-packages\statsmodels\tsa\base\tsa_model.py
:473: ValueWarning: No frequency information was provided, so 
inferred frequency B will be used.
  self._init_dates(dates, freq)
INFO:app.models.econometrics:ARDL fitted successfully. AIC: 
502.93, BIC: 516.98
INFO:app.models.econometrics:Fitting ARDL model with lags=5, 
trend=c
C:\Anaconda\Lib\site-packages\statsmodels\tsa\base\tsa_model.py
:473: ValueWarning: No frequency information was provided, so 
inferred frequency B will be used.
  self._init_dates(dates, freq)
INFO:app.models.econometrics:ARDL fitted successfully. AIC: 
507.57, BIC: 521.62
INFO:app.models.econometrics:Fitting ARDL model with lags=5, 
trend=c
C:\Anaconda\Lib\site-packages\statsmodels\tsa\base\tsa_model.py
:473: ValueWarning: No frequency information was provided, so 
inferred frequency B will be used.
  self._init_dates(dates, freq)
INFO:app.models.econometrics:ARDL fitted successfully. AIC: 
507.57, BIC: 521.62
INFO:app.models.econometrics:Fitting ARDL model with lags=5, 
trend=c
C:\Anaconda\Lib\site-packages\statsmodels\tsa\base\tsa_model.py
:473: ValueWarning: No frequency information was provided, so 
inferred frequency B will be used.
  self._init_dates(dates, freq)
INFO:app.models.econometrics:ARDL fitted successfully. AIC: 
496.62, BIC: 510.67
INFO:app.models.econometrics:Fitting ARDL model with lags=5, 
trend=c
C:\Anaconda\Lib\site-packages\statsmodels\tsa\base\tsa_model.py
:473: ValueWarning: No frequency information was provided, so 
inferred frequency B will be used.
  self._init_dates(dates, freq)
INFO:app.models.econometrics:ARDL fitted successfully. AIC: 
494.38, BIC: 508.43
INFO:app.models.econometrics:Fitting ARDL model with lags=5, 
trend=c
C:\Anaconda\Lib\site-packages\statsmodels\tsa\base\tsa_model.py
:473: ValueWarning: No frequency information was provided, so 
inferred frequency B will be used.
  self._init_dates(dates, freq)
INFO:app.models.econometrics:ARDL fitted successfully. AIC: 
494.02, BIC: 508.08
INFO:app.models.econometrics:Fitting ARDL model with lags=5, 
trend=c
C:\Anaconda\Lib\site-packages\statsmodels\tsa\base\tsa_model.py
:473: ValueWarning: No frequency information was provided, so 
inferred frequency B will be used.
  self._init_dates(dates, freq)
INFO:app.models.econometrics:ARDL fitted successfully. AIC: 
493.47, BIC: 507.52
INFO:app.models.econometrics:Fitting ARDL model with lags=5, 
trend=c
C:\Anaconda\Lib\site-packages\statsmodels\tsa\base\tsa_model.py
:473: ValueWarning: No frequency information was provided, so 
inferred frequency B will be used.
  self._init_dates(dates, freq)
INFO:app.models.econometrics:ARDL fitted successfully. AIC: 
491.90, BIC: 505.95
INFO:app.models.econometrics:Fitting ARDL model with lags=5, 
trend=c
C:\Anaconda\Lib\site-packages\statsmodels\tsa\base\tsa_model.py
:473: ValueWarning: No frequency information was provided, so 
inferred frequency B will be used.
  self._init_dates(dates, freq)
INFO:app.models.econometrics:ARDL fitted successfully. AIC: 
493.35, BIC: 507.40

Epoch 1:  22%|##1       | 14/64 [00:06<00:19,  2.51it/s, 
loss=1.8e+6] 
Epoch 1:  23%|##3       | 15/64 [00:06<00:18,  2.59it/s, 
loss=1.8e+6]INFO:app.models.econometrics:Fitting ARDL model 
with lags=5, trend=c
C:\Anaconda\Lib\site-packages\statsmodels\tsa\base\tsa_model.py
:473: ValueWarning: No frequency information was provided, so 
inferred frequency B will be used.
  self._init_dates(dates, freq)
INFO:app.models.econometrics:ARDL fitted successfully. AIC: 
493.07, BIC: 507.12
INFO:app.models.econometrics:Fitting ARDL model with lags=5, 
trend=c
C:\Anaconda\Lib\site-packages\statsmodels\tsa\base\tsa_model.py
:473: ValueWarning: No frequency information was provided, so 
inferred frequency B will be used.
  self._init_dates(dates, freq)
INFO:app.models.econometrics:ARDL fitted successfully. AIC: 
492.57, BIC: 506.62
INFO:app.models.econometrics:Fitting ARDL model with lags=5, 
trend=c
C:\Anaconda\Lib\site-packages\statsmodels\tsa\base\tsa_model.py
:473: ValueWarning: No frequency information was provided, so 
inferred frequency B will be used.
  self._init_dates(dates, freq)
INFO:app.models.econometrics:ARDL fitted successfully. AIC: 
492.54, BIC: 506.59
INFO:app.models.econometrics:Fitting ARDL model with lags=5, 
trend=c
C:\Anaconda\Lib\site-packages\statsmodels\tsa\base\tsa_model.py
:473: ValueWarning: No frequency information was provided, so 
inferred frequency B will be used.
  self._init_dates(dates, freq)
INFO:app.models.econometrics:ARDL fitted successfully. AIC: 
492.56, BIC: 506.61
INFO:app.models.econometrics:Fitting ARDL model with lags=5, 
trend=c
C:\Anaconda\Lib\site-packages\statsmodels\tsa\base\tsa_model.py
:473: ValueWarning: No frequency information was provided, so 
inferred frequency B will be used.
  self._init_dates(dates, freq)
INFO:app.models.econometrics:ARDL fitted successfully. AIC: 
491.00, BIC: 505.05
INFO:app.models.econometrics:Fitting ARDL model with lags=5, 
trend=c
C:\Anaconda\Lib\site-packages\statsmodels\tsa\base\tsa_model.py
:473: ValueWarning: No frequency information was provided, so 
inferred frequency B will be used.
  self._init_dates(dates, freq)
INFO:app.models.econometrics:ARDL fitted successfully. AIC: 
492.78, BIC: 506.83
INFO:app.models.econometrics:Fitting ARDL model with lags=5, 
trend=c
C:\Anaconda\Lib\site-packages\statsmodels\tsa\base\tsa_model.py
:473: ValueWarning: No frequency information was provided, so 
inferred frequency B will be used.
  self._init_dates(dates, freq)
INFO:app.models.econometrics:ARDL fitted successfully. AIC: 
493.34, BIC: 507.39
INFO:app.models.econometrics:Fitting ARDL model with lags=5, 
trend=c
C:\Anaconda\Lib\site-packages\statsmodels\tsa\base\tsa_model.py
:473: ValueWarning: No frequency information was provided, so 
inferred frequency B will be used.
  self._init_dates(dates, freq)
INFO:app.models.econometrics:ARDL fitted successfully. AIC: 
490.00, BIC: 504.05
INFO:app.models.econometrics:Fitting ARDL model with lags=5, 
trend=c
C:\Anaconda\Lib\site-packages\statsmodels\tsa\base\tsa_model.py
:473: ValueWarning: No frequency information was provided, so 
inferred frequency B will be used.
  self._init_dates(dates, freq)
INFO:app.models.econometrics:ARDL fitted successfully. AIC: 
489.39, BIC: 503.44
INFO:app.models.econometrics:Fitting ARDL model with lags=5, 
trend=c
C:\Anaconda\Lib\site-packages\statsmodels\tsa\base\tsa_model.py
:473: ValueWarning: No frequency information was provided, so 
inferred frequency B will be used.
  self._init_dates(dates, freq)
INFO:app.models.econometrics:ARDL fitted successfully. AIC: 
489.86, BIC: 503.91
INFO:app.models.econometrics:Fitting ARDL model with lags=5, 
trend=c
C:\Anaconda\Lib\site-packages\statsmodels\tsa\base\tsa_model.py
:473: ValueWarning: No frequency information was provided, so 
inferred frequency B will be used.
  self._init_dates(dates, freq)
INFO:app.models.econometrics:ARDL fitted successfully. AIC: 
485.50, BIC: 499.56
INFO:app.models.econometrics:Fitting ARDL model with lags=5, 
trend=c
C:\Anaconda\Lib\site-packages\statsmodels\tsa\base\tsa_model.py
:473: ValueWarning: No frequency information was provided, so 
inferred frequency B will be used.
  self._init_dates(dates, freq)
INFO:app.models.econometrics:ARDL fitted successfully. AIC: 
482.52, BIC: 496.57
INFO:app.models.econometrics:Fitting ARDL model with lags=5, 
trend=c
C:\Anaconda\Lib\site-packages\statsmodels\tsa\base\tsa_model.py
:473: ValueWarning: No frequency information was provided, so 
inferred frequency B will be used.
  self._init_dates(dates, freq)
INFO:app.models.econometrics:ARDL fitted successfully. AIC: 
482.54, BIC: 496.59
INFO:app.models.econometrics:Fitting ARDL model with lags=5, 
trend=c
C:\Anaconda\Lib\site-packages\statsmodels\tsa\base\tsa_model.py
:473: ValueWarning: No frequency information was provided, so 
inferred frequency B will be used.
  self._init_dates(dates, freq)
INFO:app.models.econometrics:ARDL fitted successfully. AIC: 
485.68, BIC: 499.73
INFO:app.models.econometrics:Fitting ARDL model with lags=5, 
trend=c
C:\Anaconda\Lib\site-packages\statsmodels\tsa\base\tsa_model.py
:473: ValueWarning: No frequency information was provided, so 
inferred frequency B will be used.
  self._init_dates(dates, freq)
INFO:app.models.econometrics:ARDL fitted successfully. AIC: 
486.24, BIC: 500.29
INFO:app.models.econometrics:Fitting ARDL model with lags=5, 
trend=c
C:\Anaconda\Lib\site-packages\statsmodels\tsa\base\tsa_model.py
:473: ValueWarning: No frequency information was provided, so 
inferred frequency B will be used.
  self._init_dates(dates, freq)
INFO:app.models.econometrics:ARDL fitted successfully. AIC: 
485.43, BIC: 499.49
INFO:app.models.econometrics:Fitting ARDL model with lags=5, 
trend=c
C:\Anaconda\Lib\site-packages\statsmodels\tsa\base\tsa_model.py
:473: ValueWarning: No frequency information was provided, so 
inferred frequency B will be used.
  self._init_dates(dates, freq)
INFO:app.models.econometrics:ARDL fitted successfully. AIC: 
484.38, BIC: 498.43
INFO:app.models.econometrics:Fitting ARDL model with lags=5, 
trend=c
C:\Anaconda\Lib\site-packages\statsmodels\tsa\base\tsa_model.py
:473: ValueWarning: No frequency information was provided, so 
inferred frequency B will be used.
  self._init_dates(dates, freq)
INFO:app.models.econometrics:ARDL fitted successfully. AIC: 
473.68, BIC: 487.73
INFO:app.models.econometrics:Fitting ARDL model with lags=5, 
trend=c
C:\Anaconda\Lib\site-packages\statsmodels\tsa\base\tsa_model.py
:473: ValueWarning: No frequency information was provided, so 
inferred frequency B will be used.
  self._init_dates(dates, freq)
INFO:app.models.econometrics:ARDL fitted successfully. AIC: 
473.72, BIC: 487.78
INFO:app.models.econometrics:Fitting ARDL model with lags=5, 
trend=c
C:\Anaconda\Lib\site-packages\statsmodels\tsa\base\tsa_model.py
:473: ValueWarning: No frequency information was provided, so 
inferred frequency B will be used.
  self._init_dates(dates, freq)
INFO:app.models.econometrics:ARDL fitted successfully. AIC: 
472.53, BIC: 486.58
INFO:app.models.econometrics:Fitting ARDL model with lags=5, 
trend=c
C:\Anaconda\Lib\site-packages\statsmodels\tsa\base\tsa_model.py
:473: ValueWarning: No frequency information was provided, so 
inferred frequency B will be used.
  self._init_dates(dates, freq)
INFO:app.models.econometrics:ARDL fitted successfully. AIC: 
472.57, BIC: 486.62
INFO:app.models.econometrics:Fitting ARDL model with lags=5, 
trend=c
C:\Anaconda\Lib\site-packages\statsmodels\tsa\base\tsa_model.py
:473: ValueWarning: No frequency information was provided, so 
inferred frequency B will be used.
  self._init_dates(dates, freq)
INFO:app.models.econometrics:ARDL fitted successfully. AIC: 
472.74, BIC: 486.79
INFO:app.models.econometrics:Fitting ARDL model with lags=5, 
trend=c
C:\Anaconda\Lib\site-packages\statsmodels\tsa\base\tsa_model.py
:473: ValueWarning: No frequency information was provided, so 
inferred frequency B will be used.
  self._init_dates(dates, freq)
INFO:app.models.econometrics:ARDL fitted successfully. AIC: 
480.58, BIC: 494.63
INFO:app.models.econometrics:Fitting ARDL model with lags=5, 
trend=c
C:\Anaconda\Lib\site-packages\statsmodels\tsa\base\tsa_model.py
:473: ValueWarning: No frequency information was provided, so 
inferred frequency B will be used.
  self._init_dates(dates, freq)
INFO:app.models.econometrics:ARDL fitted successfully. AIC: 
483.45, BIC: 497.50
INFO:app.models.econometrics:Fitting ARDL model with lags=5, 
trend=c
C:\Anaconda\Lib\site-packages\statsmodels\tsa\base\tsa_model.py
:473: ValueWarning: No frequency information was provided, so 
inferred frequency B will be used.
  self._init_dates(dates, freq)
INFO:app.models.econometrics:ARDL fitted successfully. AIC: 
483.19, BIC: 497.24
INFO:app.models.econometrics:Fitting ARDL model with lags=5, 
trend=c
C:\Anaconda\Lib\site-packages\statsmodels\tsa\base\tsa_model.py
:473: ValueWarning: No frequency information was provided, so 
inferred frequency B will be used.
  self._init_dates(dates, freq)
INFO:app.models.econometrics:ARDL fitted successfully. AIC: 
485.22, BIC: 499.27
INFO:app.models.econometrics:Fitting ARDL model with lags=5, 
trend=c
C:\Anaconda\Lib\site-packages\statsmodels\tsa\base\tsa_model.py
:473: ValueWarning: No frequency information was provided, so 
inferred frequency B will be used.
  self._init_dates(dates, freq)
INFO:app.models.econometrics:ARDL fitted successfully. AIC: 
484.50, BIC: 498.56
INFO:app.models.econometrics:Fitting ARDL model with lags=5, 
trend=c
C:\Anaconda\Lib\site-packages\statsmodels\tsa\base\tsa_model.py
:473: ValueWarning: No frequency information was provided, so 
inferred frequency B will be used.
  self._init_dates(dates, freq)
INFO:app.models.econometrics:ARDL fitted successfully. AIC: 
488.12, BIC: 502.17
INFO:app.models.econometrics:Fitting ARDL model with lags=5, 
trend=c
C:\Anaconda\Lib\site-packages\statsmodels\tsa\base\tsa_model.py
:473: ValueWarning: No frequency information was provided, so 
inferred frequency B will be used.
  self._init_dates(dates, freq)
INFO:app.models.econometrics:ARDL fitted successfully. AIC: 
489.37, BIC: 503.42
INFO:app.models.econometrics:Fitting ARDL model with lags=5, 
trend=c
C:\Anaconda\Lib\site-packages\statsmodels\tsa\base\tsa_model.py
:473: ValueWarning: No frequency information was provided, so 
inferred frequency B will be used.
  self._init_dates(dates, freq)
INFO:app.models.econometrics:ARDL fitted successfully. AIC: 
492.32, BIC: 506.37
INFO:app.models.econometrics:Fitting ARDL model with lags=5, 
trend=c
C:\Anaconda\Lib\site-packages\statsmodels\tsa\base\tsa_model.py
:473: ValueWarning: No frequency information was provided, so 
inferred frequency B will be used.
  self._init_dates(dates, freq)
INFO:app.models.econometrics:ARDL fitted successfully. AIC: 
492.33, BIC: 506.38
INFO:app.models.econometrics:Fitting ARDL model with lags=5, 
trend=c
C:\Anaconda\Lib\site-packages\statsmodels\tsa\base\tsa_model.py
:473: ValueWarning: No frequency information was provided, so 
inferred frequency B will be used.
  self._init_dates(dates, freq)
INFO:app.models.econometrics:ARDL fitted successfully. AIC: 
490.00, BIC: 504.05

Epoch 1:  23%|##3       | 15/64 [00:06<00:18,  2.59it/s, 
loss=1.68e+6]
Epoch 1:  25%|##5       | 16/64 [00:06<00:17,  2.67it/s, 
loss=1.68e+6]INFO:app.models.econometrics:Fitting ARDL model 
with lags=5, trend=c
C:\Anaconda\Lib\site-packages\statsmodels\tsa\base\tsa_model.py
:473: ValueWarning: No frequency information was provided, so 
inferred frequency B will be used.
  self._init_dates(dates, freq)
INFO:app.models.econometrics:ARDL fitted successfully. AIC: 
491.47, BIC: 505.53
INFO:app.models.econometrics:Fitting ARDL model with lags=5, 
trend=c
C:\Anaconda\Lib\site-packages\statsmodels\tsa\base\tsa_model.py
:473: ValueWarning: No frequency information was provided, so 
inferred frequency B will be used.
  self._init_dates(dates, freq)
INFO:app.models.econometrics:ARDL fitted successfully. AIC: 
491.35, BIC: 505.40
INFO:app.models.econometrics:Fitting ARDL model with lags=5, 
trend=c
C:\Anaconda\Lib\site-packages\statsmodels\tsa\base\tsa_model.py
:473: ValueWarning: No frequency information was provided, so 
inferred frequency B will be used.
  self._init_dates(dates, freq)
INFO:app.models.econometrics:ARDL fitted successfully. AIC: 
490.81, BIC: 504.86
INFO:app.models.econometrics:Fitting ARDL model with lags=5, 
trend=c
C:\Anaconda\Lib\site-packages\statsmodels\tsa\base\tsa_model.py
:473: ValueWarning: No frequency information was provided, so 
inferred frequency B will be used.
  self._init_dates(dates, freq)
INFO:app.models.econometrics:ARDL fitted successfully. AIC: 
487.57, BIC: 501.62
INFO:app.models.econometrics:Fitting ARDL model with lags=5, 
trend=c
C:\Anaconda\Lib\site-packages\statsmodels\tsa\base\tsa_model.py
:473: ValueWarning: No frequency information was provided, so 
inferred frequency B will be used.
  self._init_dates(dates, freq)
INFO:app.models.econometrics:ARDL fitted successfully. AIC: 
490.57, BIC: 504.63
INFO:app.models.econometrics:Fitting ARDL model with lags=5, 
trend=c
C:\Anaconda\Lib\site-packages\statsmodels\tsa\base\tsa_model.py
:473: ValueWarning: No frequency information was provided, so 
inferred frequency B will be used.
  self._init_dates(dates, freq)
INFO:app.models.econometrics:ARDL fitted successfully. AIC: 
488.72, BIC: 502.77
INFO:app.models.econometrics:Fitting ARDL model with lags=5, 
trend=c
C:\Anaconda\Lib\site-packages\statsmodels\tsa\base\tsa_model.py
:473: ValueWarning: No frequency information was provided, so 
inferred frequency B will be used.
  self._init_dates(dates, freq)
INFO:app.models.econometrics:ARDL fitted successfully. AIC: 
489.36, BIC: 503.41
INFO:app.models.econometrics:Fitting ARDL model with lags=5, 
trend=c
C:\Anaconda\Lib\site-packages\statsmodels\tsa\base\tsa_model.py
:473: ValueWarning: No frequency information was provided, so 
inferred frequency B will be used.
  self._init_dates(dates, freq)
INFO:app.models.econometrics:ARDL fitted successfully. AIC: 
483.87, BIC: 497.92
INFO:app.models.econometrics:Fitting ARDL model with lags=5, 
trend=c
C:\Anaconda\Lib\site-packages\statsmodels\tsa\base\tsa_model.py
:473: ValueWarning: No frequency information was provided, so 
inferred frequency B will be used.
  self._init_dates(dates, freq)
INFO:app.models.econometrics:ARDL fitted successfully. AIC: 
484.17, BIC: 498.22
INFO:app.models.econometrics:Fitting ARDL model with lags=5, 
trend=c
C:\Anaconda\Lib\site-packages\statsmodels\tsa\base\tsa_model.py
:473: ValueWarning: No frequency information was provided, so 
inferred frequency B will be used.
  self._init_dates(dates, freq)
INFO:app.models.econometrics:ARDL fitted successfully. AIC: 
484.42, BIC: 498.47
INFO:app.models.econometrics:Fitting ARDL model with lags=5, 
trend=c
C:\Anaconda\Lib\site-packages\statsmodels\tsa\base\tsa_model.py
:473: ValueWarning: No frequency information was provided, so 
inferred frequency B will be used.
  self._init_dates(dates, freq)
INFO:app.models.econometrics:ARDL fitted successfully. AIC: 
483.44, BIC: 497.49
INFO:app.models.econometrics:Fitting ARDL model with lags=5, 
trend=c
C:\Anaconda\Lib\site-packages\statsmodels\tsa\base\tsa_model.py
:473: ValueWarning: No frequency information was provided, so 
inferred frequency B will be used.
  self._init_dates(dates, freq)
INFO:app.models.econometrics:ARDL fitted successfully. AIC: 
481.66, BIC: 495.71
INFO:app.models.econometrics:Fitting ARDL model with lags=5, 
trend=c
C:\Anaconda\Lib\site-packages\statsmodels\tsa\base\tsa_model.py
:473: ValueWarning: No frequency information was provided, so 
inferred frequency B will be used.
  self._init_dates(dates, freq)
INFO:app.models.econometrics:ARDL fitted successfully. AIC: 
489.60, BIC: 503.65
INFO:app.models.econometrics:Fitting ARDL model with lags=5, 
trend=c
C:\Anaconda\Lib\site-packages\statsmodels\tsa\base\tsa_model.py
:473: ValueWarning: No frequency information was provided, so 
inferred frequency B will be used.
  self._init_dates(dates, freq)
INFO:app.models.econometrics:ARDL fitted successfully. AIC: 
490.64, BIC: 504.69
INFO:app.models.econometrics:Fitting ARDL model with lags=5, 
trend=c
C:\Anaconda\Lib\site-packages\statsmodels\tsa\base\tsa_model.py
:473: ValueWarning: No frequency information was provided, so 
inferred frequency B will be used.
  self._init_dates(dates, freq)
INFO:app.models.econometrics:ARDL fitted successfully. AIC: 
490.04, BIC: 504.09
INFO:app.models.econometrics:Fitting ARDL model with lags=5, 
trend=c
C:\Anaconda\Lib\site-packages\statsmodels\tsa\base\tsa_model.py
:473: ValueWarning: No frequency information was provided, so 
inferred frequency B will be used.
  self._init_dates(dates, freq)
INFO:app.models.econometrics:ARDL fitted successfully. AIC: 
488.53, BIC: 502.58
INFO:app.models.econometrics:Fitting ARDL model with lags=5, 
trend=c
C:\Anaconda\Lib\site-packages\statsmodels\tsa\base\tsa_model.py
:473: ValueWarning: No frequency information was provided, so 
inferred frequency B will be used.
  self._init_dates(dates, freq)
INFO:app.models.econometrics:ARDL fitted successfully. AIC: 
488.15, BIC: 502.21
INFO:app.models.econometrics:Fitting ARDL model with lags=5, 
trend=c
C:\Anaconda\Lib\site-packages\statsmodels\tsa\base\tsa_model.py
:473: ValueWarning: No frequency information was provided, so 
inferred frequency B will be used.
  self._init_dates(dates, freq)
INFO:app.models.econometrics:ARDL fitted successfully. AIC: 
489.04, BIC: 503.10
INFO:app.models.econometrics:Fitting ARDL model with lags=5, 
trend=c
C:\Anaconda\Lib\site-packages\statsmodels\tsa\base\tsa_model.py
:473: ValueWarning: No frequency information was provided, so 
inferred frequency B will be used.
  self._init_dates(dates, freq)
INFO:app.models.econometrics:ARDL fitted successfully. AIC: 
489.10, BIC: 503.15
INFO:app.models.econometrics:Fitting ARDL model with lags=5, 
trend=c
C:\Anaconda\Lib\site-packages\statsmodels\tsa\base\tsa_model.py
:473: ValueWarning: No frequency information was provided, so 
inferred frequency B will be used.
  self._init_dates(dates, freq)
INFO:app.models.econometrics:ARDL fitted successfully. AIC: 
489.48, BIC: 503.53
INFO:app.models.econometrics:Fitting ARDL model with lags=5, 
trend=c
C:\Anaconda\Lib\site-packages\statsmodels\tsa\base\tsa_model.py
:473: ValueWarning: No frequency information was provided, so 
inferred frequency B will be used.
  self._init_dates(dates, freq)
INFO:app.models.econometrics:ARDL fitted successfully. AIC: 
489.17, BIC: 503.22
INFO:app.models.econometrics:Fitting ARDL model with lags=5, 
trend=c
C:\Anaconda\Lib\site-packages\statsmodels\tsa\base\tsa_model.py
:473: ValueWarning: No frequency information was provided, so 
inferred frequency B will be used.
  self._init_dates(dates, freq)
INFO:app.models.econometrics:ARDL fitted successfully. AIC: 
490.43, BIC: 504.48
INFO:app.models.econometrics:Fitting ARDL model with lags=5, 
trend=c
C:\Anaconda\Lib\site-packages\statsmodels\tsa\base\tsa_model.py
:473: ValueWarning: No frequency information was provided, so 
inferred frequency B will be used.
  self._init_dates(dates, freq)
INFO:app.models.econometrics:ARDL fitted successfully. AIC: 
490.19, BIC: 504.24
INFO:app.models.econometrics:Fitting ARDL model with lags=5, 
trend=c
C:\Anaconda\Lib\site-packages\statsmodels\tsa\base\tsa_model.py
:473: ValueWarning: No frequency information was provided, so 
inferred frequency B will be used.
  self._init_dates(dates, freq)
INFO:app.models.econometrics:ARDL fitted successfully. AIC: 
492.17, BIC: 506.22
INFO:app.models.econometrics:Fitting ARDL model with lags=5, 
trend=c
C:\Anaconda\Lib\site-packages\statsmodels\tsa\base\tsa_model.py
:473: ValueWarning: No frequency information was provided, so 
inferred frequency B will be used.
  self._init_dates(dates, freq)
INFO:app.models.econometrics:ARDL fitted successfully. AIC: 
492.10, BIC: 506.15
INFO:app.models.econometrics:Fitting ARDL model with lags=5, 
trend=c
C:\Anaconda\Lib\site-packages\statsmodels\tsa\base\tsa_model.py
:473: ValueWarning: No frequency information was provided, so 
inferred frequency B will be used.
  self._init_dates(dates, freq)
INFO:app.models.econometrics:ARDL fitted successfully. AIC: 
489.07, BIC: 503.12
INFO:app.models.econometrics:Fitting ARDL model with lags=5, 
trend=c
C:\Anaconda\Lib\site-packages\statsmodels\tsa\base\tsa_model.py
:473: ValueWarning: No frequency information was provided, so 
inferred frequency B will be used.
  self._init_dates(dates, freq)
INFO:app.models.econometrics:ARDL fitted successfully. AIC: 
488.94, BIC: 502.99
INFO:app.models.econometrics:Fitting ARDL model with lags=5, 
trend=c
C:\Anaconda\Lib\site-packages\statsmodels\tsa\base\tsa_model.py
:473: ValueWarning: No frequency information was provided, so 
inferred frequency B will be used.
  self._init_dates(dates, freq)
INFO:app.models.econometrics:ARDL fitted successfully. AIC: 
487.96, BIC: 502.01
INFO:app.models.econometrics:Fitting ARDL model with lags=5, 
trend=c
C:\Anaconda\Lib\site-packages\statsmodels\tsa\base\tsa_model.py
:473: ValueWarning: No frequency information was provided, so 
inferred frequency B will be used.
  self._init_dates(dates, freq)
INFO:app.models.econometrics:ARDL fitted successfully. AIC: 
481.09, BIC: 495.15
INFO:app.models.econometrics:Fitting ARDL model with lags=5, 
trend=c
C:\Anaconda\Lib\site-packages\statsmodels\tsa\base\tsa_model.py
:473: ValueWarning: No frequency information was provided, so 
inferred frequency B will be used.
  self._init_dates(dates, freq)
INFO:app.models.econometrics:ARDL fitted successfully. AIC: 
480.68, BIC: 494.73
INFO:app.models.econometrics:Fitting ARDL model with lags=5, 
trend=c
C:\Anaconda\Lib\site-packages\statsmodels\tsa\base\tsa_model.py
:473: ValueWarning: No frequency information was provided, so 
inferred frequency B will be used.
  self._init_dates(dates, freq)
INFO:app.models.econometrics:ARDL fitted successfully. AIC: 
481.92, BIC: 495.97
INFO:app.models.econometrics:Fitting ARDL model with lags=5, 
trend=c
C:\Anaconda\Lib\site-packages\statsmodels\tsa\base\tsa_model.py
:473: ValueWarning: No frequency information was provided, so 
inferred frequency B will be used.
  self._init_dates(dates, freq)
INFO:app.models.econometrics:ARDL fitted successfully. AIC: 
483.21, BIC: 497.27

Epoch 1:  25%|##5       | 16/64 [00:06<00:17,  2.67it/s, 
loss=1.74e+6]
Epoch 1:  27%|##6       | 17/64 [00:06<00:17,  2.69it/s, 
loss=1.74e+6]INFO:app.models.econometrics:Fitting ARDL model 
with lags=5, trend=c
C:\Anaconda\Lib\site-packages\statsmodels\tsa\base\tsa_model.py
:473: ValueWarning: No frequency information was provided, so 
inferred frequency B will be used.
  self._init_dates(dates, freq)
INFO:app.models.econometrics:ARDL fitted successfully. AIC: 
486.29, BIC: 500.34
INFO:app.models.econometrics:Fitting ARDL model with lags=5, 
trend=c
C:\Anaconda\Lib\site-packages\statsmodels\tsa\base\tsa_model.py
:473: ValueWarning: No frequency information was provided, so 
inferred frequency B will be used.
  self._init_dates(dates, freq)
INFO:app.models.econometrics:ARDL fitted successfully. AIC: 
485.30, BIC: 499.35
INFO:app.models.econometrics:Fitting ARDL model with lags=5, 
trend=c
C:\Anaconda\Lib\site-packages\statsmodels\tsa\base\tsa_model.py
:473: ValueWarning: No frequency information was provided, so 
inferred frequency B will be used.
  self._init_dates(dates, freq)
INFO:app.models.econometrics:ARDL fitted successfully. AIC: 
488.63, BIC: 502.69
INFO:app.models.econometrics:Fitting ARDL model with lags=5, 
trend=c
C:\Anaconda\Lib\site-packages\statsmodels\tsa\base\tsa_model.py
:473: ValueWarning: No frequency information was provided, so 
inferred frequency B will be used.
  self._init_dates(dates, freq)
INFO:app.models.econometrics:ARDL fitted successfully. AIC: 
488.96, BIC: 503.01
INFO:app.models.econometrics:Fitting ARDL model with lags=5, 
trend=c
C:\Anaconda\Lib\site-packages\statsmodels\tsa\base\tsa_model.py
:473: ValueWarning: No frequency information was provided, so 
inferred frequency B will be used.
  self._init_dates(dates, freq)
INFO:app.models.econometrics:ARDL fitted successfully. AIC: 
487.80, BIC: 501.86
INFO:app.models.econometrics:Fitting ARDL model with lags=5, 
trend=c
C:\Anaconda\Lib\site-packages\statsmodels\tsa\base\tsa_model.py
:473: ValueWarning: No frequency information was provided, so 
inferred frequency B will be used.
  self._init_dates(dates, freq)
INFO:app.models.econometrics:ARDL fitted successfully. AIC: 
490.04, BIC: 504.09
INFO:app.models.econometrics:Fitting ARDL model with lags=5, 
trend=c
C:\Anaconda\Lib\site-packages\statsmodels\tsa\base\tsa_model.py
:473: ValueWarning: No frequency information was provided, so 
inferred frequency B will be used.
  self._init_dates(dates, freq)
INFO:app.models.econometrics:ARDL fitted successfully. AIC: 
498.39, BIC: 512.45
INFO:app.models.econometrics:Fitting ARDL model with lags=5, 
trend=c
C:\Anaconda\Lib\site-packages\statsmodels\tsa\base\tsa_model.py
:473: ValueWarning: No frequency information was provided, so 
inferred frequency B will be used.
  self._init_dates(dates, freq)
INFO:app.models.econometrics:ARDL fitted successfully. AIC: 
498.07, BIC: 512.12
INFO:app.models.econometrics:Fitting ARDL model with lags=5, 
trend=c
C:\Anaconda\Lib\site-packages\statsmodels\tsa\base\tsa_model.py
:473: ValueWarning: No frequency information was provided, so 
inferred frequency B will be used.
  self._init_dates(dates, freq)
INFO:app.models.econometrics:ARDL fitted successfully. AIC: 
498.08, BIC: 512.13
INFO:app.models.econometrics:Fitting ARDL model with lags=5, 
trend=c
C:\Anaconda\Lib\site-packages\statsmodels\tsa\base\tsa_model.py
:473: ValueWarning: No frequency information was provided, so 
inferred frequency B will be used.
  self._init_dates(dates, freq)
INFO:app.models.econometrics:ARDL fitted successfully. AIC: 
497.74, BIC: 511.79
INFO:app.models.econometrics:Fitting ARDL model with lags=5, 
trend=c
C:\Anaconda\Lib\site-packages\statsmodels\tsa\base\tsa_model.py
:473: ValueWarning: No frequency information was provided, so 
inferred frequency B will be used.
  self._init_dates(dates, freq)
INFO:app.models.econometrics:ARDL fitted successfully. AIC: 
498.00, BIC: 512.06
INFO:app.models.econometrics:Fitting ARDL model with lags=5, 
trend=c
C:\Anaconda\Lib\site-packages\statsmodels\tsa\base\tsa_model.py
:473: ValueWarning: No frequency information was provided, so 
inferred frequency B will be used.
  self._init_dates(dates, freq)
INFO:app.models.econometrics:ARDL fitted successfully. AIC: 
506.06, BIC: 520.11
INFO:app.models.econometrics:Fitting ARDL model with lags=5, 
trend=c
C:\Anaconda\Lib\site-packages\statsmodels\tsa\base\tsa_model.py
:473: ValueWarning: No frequency information was provided, so 
inferred frequency B will be used.
  self._init_dates(dates, freq)
INFO:app.models.econometrics:ARDL fitted successfully. AIC: 
506.06, BIC: 520.11
INFO:app.models.econometrics:Fitting ARDL model with lags=5, 
trend=c
C:\Anaconda\Lib\site-packages\statsmodels\tsa\base\tsa_model.py
:473: ValueWarning: No frequency information was provided, so 
inferred frequency B will be used.
  self._init_dates(dates, freq)
INFO:app.models.econometrics:ARDL fitted successfully. AIC: 
503.09, BIC: 517.14
INFO:app.models.econometrics:Fitting ARDL model with lags=5, 
trend=c
C:\Anaconda\Lib\site-packages\statsmodels\tsa\base\tsa_model.py
:473: ValueWarning: No frequency information was provided, so 
inferred frequency B will be used.
  self._init_dates(dates, freq)
INFO:app.models.econometrics:ARDL fitted successfully. AIC: 
502.32, BIC: 516.37
INFO:app.models.econometrics:Fitting ARDL model with lags=5, 
trend=c
C:\Anaconda\Lib\site-packages\statsmodels\tsa\base\tsa_model.py
:473: ValueWarning: No frequency information was provided, so 
inferred frequency B will be used.
  self._init_dates(dates, freq)
INFO:app.models.econometrics:ARDL fitted successfully. AIC: 
503.33, BIC: 517.38
INFO:app.models.econometrics:Fitting ARDL model with lags=5, 
trend=c
C:\Anaconda\Lib\site-packages\statsmodels\tsa\base\tsa_model.py
:473: ValueWarning: No frequency information was provided, so 
inferred frequency B will be used.
  self._init_dates(dates, freq)
INFO:app.models.econometrics:ARDL fitted successfully. AIC: 
501.55, BIC: 515.60
INFO:app.models.econometrics:Fitting ARDL model with lags=5, 
trend=c
C:\Anaconda\Lib\site-packages\statsmodels\tsa\base\tsa_model.py
:473: ValueWarning: No frequency information was provided, so 
inferred frequency B will be used.
  self._init_dates(dates, freq)
INFO:app.models.econometrics:ARDL fitted successfully. AIC: 
502.55, BIC: 516.60
INFO:app.models.econometrics:Fitting ARDL model with lags=5, 
trend=c
C:\Anaconda\Lib\site-packages\statsmodels\tsa\base\tsa_model.py
:473: ValueWarning: No frequency information was provided, so 
inferred frequency B will be used.
  self._init_dates(dates, freq)
INFO:app.models.econometrics:ARDL fitted successfully. AIC: 
499.03, BIC: 513.08
INFO:app.models.econometrics:Fitting ARDL model with lags=5, 
trend=c
C:\Anaconda\Lib\site-packages\statsmodels\tsa\base\tsa_model.py
:473: ValueWarning: No frequency information was provided, so 
inferred frequency B will be used.
  self._init_dates(dates, freq)
INFO:app.models.econometrics:ARDL fitted successfully. AIC: 
500.93, BIC: 514.98
INFO:app.models.econometrics:Fitting ARDL model with lags=5, 
trend=c
C:\Anaconda\Lib\site-packages\statsmodels\tsa\base\tsa_model.py
:473: ValueWarning: No frequency information was provided, so 
inferred frequency B will be used.
  self._init_dates(dates, freq)
INFO:app.models.econometrics:ARDL fitted successfully. AIC: 
498.25, BIC: 512.31
INFO:app.models.econometrics:Fitting ARDL model with lags=5, 
trend=c
C:\Anaconda\Lib\site-packages\statsmodels\tsa\base\tsa_model.py
:473: ValueWarning: No frequency information was provided, so 
inferred frequency B will be used.
  self._init_dates(dates, freq)
INFO:app.models.econometrics:ARDL fitted successfully. AIC: 
498.57, BIC: 512.62
INFO:app.models.econometrics:Fitting ARDL model with lags=5, 
trend=c
C:\Anaconda\Lib\site-packages\statsmodels\tsa\base\tsa_model.py
:473: ValueWarning: No frequency information was provided, so 
inferred frequency B will be used.
  self._init_dates(dates, freq)
INFO:app.models.econometrics:ARDL fitted successfully. AIC: 
497.79, BIC: 511.85
INFO:app.models.econometrics:Fitting ARDL model with lags=5, 
trend=c
C:\Anaconda\Lib\site-packages\statsmodels\tsa\base\tsa_model.py
:473: ValueWarning: No frequency information was provided, so 
inferred frequency B will be used.
  self._init_dates(dates, freq)
INFO:app.models.econometrics:ARDL fitted successfully. AIC: 
497.75, BIC: 511.80
INFO:app.models.econometrics:Fitting ARDL model with lags=5, 
trend=c
C:\Anaconda\Lib\site-packages\statsmodels\tsa\base\tsa_model.py
:473: ValueWarning: No frequency information was provided, so 
inferred frequency B will be used.
  self._init_dates(dates, freq)
INFO:app.models.econometrics:ARDL fitted successfully. AIC: 
497.90, BIC: 511.95
INFO:app.models.econometrics:Fitting ARDL model with lags=5, 
trend=c
C:\Anaconda\Lib\site-packages\statsmodels\tsa\base\tsa_model.py
:473: ValueWarning: No frequency information was provided, so 
inferred frequency B will be used.
  self._init_dates(dates, freq)
INFO:app.models.econometrics:ARDL fitted successfully. AIC: 
498.05, BIC: 512.10
INFO:app.models.econometrics:Fitting ARDL model with lags=5, 
trend=c
C:\Anaconda\Lib\site-packages\statsmodels\tsa\base\tsa_model.py
:473: ValueWarning: No frequency information was provided, so 
inferred frequency B will be used.
  self._init_dates(dates, freq)
INFO:app.models.econometrics:ARDL fitted successfully. AIC: 
496.84, BIC: 510.89
INFO:app.models.econometrics:Fitting ARDL model with lags=5, 
trend=c
C:\Anaconda\Lib\site-packages\statsmodels\tsa\base\tsa_model.py
:473: ValueWarning: No frequency information was provided, so 
inferred frequency B will be used.
  self._init_dates(dates, freq)
INFO:app.models.econometrics:ARDL fitted successfully. AIC: 
500.88, BIC: 514.93
INFO:app.models.econometrics:Fitting ARDL model with lags=5, 
trend=c
C:\Anaconda\Lib\site-packages\statsmodels\tsa\base\tsa_model.py
:473: ValueWarning: No frequency information was provided, so 
inferred frequency B will be used.
  self._init_dates(dates, freq)
INFO:app.models.econometrics:ARDL fitted successfully. AIC: 
502.37, BIC: 516.42
INFO:app.models.econometrics:Fitting ARDL model with lags=5, 
trend=c
C:\Anaconda\Lib\site-packages\statsmodels\tsa\base\tsa_model.py
:473: ValueWarning: No frequency information was provided, so 
inferred frequency B will be used.
  self._init_dates(dates, freq)
INFO:app.models.econometrics:ARDL fitted successfully. AIC: 
502.33, BIC: 516.38
INFO:app.models.econometrics:Fitting ARDL model with lags=5, 
trend=c
C:\Anaconda\Lib\site-packages\statsmodels\tsa\base\tsa_model.py
:473: ValueWarning: No frequency information was provided, so 
inferred frequency B will be used.
  self._init_dates(dates, freq)
INFO:app.models.econometrics:ARDL fitted successfully. AIC: 
499.49, BIC: 513.54
INFO:app.models.econometrics:Fitting ARDL model with lags=5, 
trend=c
C:\Anaconda\Lib\site-packages\statsmodels\tsa\base\tsa_model.py
:473: ValueWarning: No frequency information was provided, so 
inferred frequency B will be used.
  self._init_dates(dates, freq)
INFO:app.models.econometrics:ARDL fitted successfully. AIC: 
501.22, BIC: 515.28

Epoch 1:  27%|##6       | 17/64 [00:07<00:17,  2.69it/s, 
loss=1.96e+6]
Epoch 1:  28%|##8       | 18/64 [00:07<00:17,  2.69it/s, 
loss=1.96e+6]INFO:app.models.econometrics:Fitting ARDL model 
with lags=5, trend=c
C:\Anaconda\Lib\site-packages\statsmodels\tsa\base\tsa_model.py
:473: ValueWarning: No frequency information was provided, so 
inferred frequency B will be used.
  self._init_dates(dates, freq)
INFO:app.models.econometrics:ARDL fitted successfully. AIC: 
504.57, BIC: 518.62
INFO:app.models.econometrics:Fitting ARDL model with lags=5, 
trend=c
C:\Anaconda\Lib\site-packages\statsmodels\tsa\base\tsa_model.py
:473: ValueWarning: No frequency information was provided, so 
inferred frequency B will be used.
  self._init_dates(dates, freq)
INFO:app.models.econometrics:ARDL fitted successfully. AIC: 
503.95, BIC: 518.00
INFO:app.models.econometrics:Fitting ARDL model with lags=5, 
trend=c
C:\Anaconda\Lib\site-packages\statsmodels\tsa\base\tsa_model.py
:473: ValueWarning: No frequency information was provided, so 
inferred frequency B will be used.
  self._init_dates(dates, freq)
INFO:app.models.econometrics:ARDL fitted successfully. AIC: 
504.01, BIC: 518.07
INFO:app.models.econometrics:Fitting ARDL model with lags=5, 
trend=c
C:\Anaconda\Lib\site-packages\statsmodels\tsa\base\tsa_model.py
:473: ValueWarning: No frequency information was provided, so 
inferred frequency B will be used.
  self._init_dates(dates, freq)
INFO:app.models.econometrics:ARDL fitted successfully. AIC: 
503.19, BIC: 517.24
INFO:app.models.econometrics:Fitting ARDL model with lags=5, 
trend=c
C:\Anaconda\Lib\site-packages\statsmodels\tsa\base\tsa_model.py
:473: ValueWarning: No frequency information was provided, so 
inferred frequency B will be used.
  self._init_dates(dates, freq)
INFO:app.models.econometrics:ARDL fitted successfully. AIC: 
505.19, BIC: 519.24
INFO:app.models.econometrics:Fitting ARDL model with lags=5, 
trend=c
C:\Anaconda\Lib\site-packages\statsmodels\tsa\base\tsa_model.py
:473: ValueWarning: No frequency information was provided, so 
inferred frequency B will be used.
  self._init_dates(dates, freq)
INFO:app.models.econometrics:ARDL fitted successfully. AIC: 
505.26, BIC: 519.31
INFO:app.models.econometrics:Fitting ARDL model with lags=5, 
trend=c
C:\Anaconda\Lib\site-packages\statsmodels\tsa\base\tsa_model.py
:473: ValueWarning: No frequency information was provided, so 
inferred frequency B will be used.
  self._init_dates(dates, freq)
INFO:app.models.econometrics:ARDL fitted successfully. AIC: 
507.22, BIC: 521.27
INFO:app.models.econometrics:Fitting ARDL model with lags=5, 
trend=c
C:\Anaconda\Lib\site-packages\statsmodels\tsa\base\tsa_model.py
:473: ValueWarning: No frequency information was provided, so 
inferred frequency B will be used.
  self._init_dates(dates, freq)
INFO:app.models.econometrics:ARDL fitted successfully. AIC: 
506.65, BIC: 520.70
INFO:app.models.econometrics:Fitting ARDL model with lags=5, 
trend=c
C:\Anaconda\Lib\site-packages\statsmodels\tsa\base\tsa_model.py
:473: ValueWarning: No frequency information was provided, so 
inferred frequency B will be used.
  self._init_dates(dates, freq)
INFO:app.models.econometrics:ARDL fitted successfully. AIC: 
508.54, BIC: 522.60
INFO:app.models.econometrics:Fitting ARDL model with lags=5, 
trend=c
C:\Anaconda\Lib\site-packages\statsmodels\tsa\base\tsa_model.py
:473: ValueWarning: No frequency information was provided, so 
inferred frequency B will be used.
  self._init_dates(dates, freq)
INFO:app.models.econometrics:ARDL fitted successfully. AIC: 
506.86, BIC: 520.91
INFO:app.models.econometrics:Fitting ARDL model with lags=5, 
trend=c
C:\Anaconda\Lib\site-packages\statsmodels\tsa\base\tsa_model.py
:473: ValueWarning: No frequency information was provided, so 
inferred frequency B will be used.
  self._init_dates(dates, freq)
INFO:app.models.econometrics:ARDL fitted successfully. AIC: 
507.01, BIC: 521.06
INFO:app.models.econometrics:Fitting ARDL model with lags=5, 
trend=c
C:\Anaconda\Lib\site-packages\statsmodels\tsa\base\tsa_model.py
:473: ValueWarning: No frequency information was provided, so 
inferred frequency B will be used.
  self._init_dates(dates, freq)
INFO:app.models.econometrics:ARDL fitted successfully. AIC: 
514.65, BIC: 528.70
INFO:app.models.econometrics:Fitting ARDL model with lags=5, 
trend=c
C:\Anaconda\Lib\site-packages\statsmodels\tsa\base\tsa_model.py
:473: ValueWarning: No frequency information was provided, so 
inferred frequency B will be used.
  self._init_dates(dates, freq)
INFO:app.models.econometrics:ARDL fitted successfully. AIC: 
514.65, BIC: 528.70
INFO:app.models.econometrics:Fitting ARDL model with lags=5, 
trend=c
C:\Anaconda\Lib\site-packages\statsmodels\tsa\base\tsa_model.py
:473: ValueWarning: No frequency information was provided, so 
inferred frequency B will be used.
  self._init_dates(dates, freq)
INFO:app.models.econometrics:ARDL fitted successfully. AIC: 
514.87, BIC: 528.92
INFO:app.models.econometrics:Fitting ARDL model with lags=5, 
trend=c
C:\Anaconda\Lib\site-packages\statsmodels\tsa\base\tsa_model.py
:473: ValueWarning: No frequency information was provided, so 
inferred frequency B will be used.
  self._init_dates(dates, freq)
INFO:app.models.econometrics:ARDL fitted successfully. AIC: 
514.61, BIC: 528.66
INFO:app.models.econometrics:Fitting ARDL model with lags=5, 
trend=c
C:\Anaconda\Lib\site-packages\statsmodels\tsa\base\tsa_model.py
:473: ValueWarning: No frequency information was provided, so 
inferred frequency B will be used.
  self._init_dates(dates, freq)
INFO:app.models.econometrics:ARDL fitted successfully. AIC: 
516.62, BIC: 530.67
INFO:app.models.econometrics:Fitting ARDL model with lags=5, 
trend=c
C:\Anaconda\Lib\site-packages\statsmodels\tsa\base\tsa_model.py
:473: ValueWarning: No frequency information was provided, so 
inferred frequency B will be used.
  self._init_dates(dates, freq)
INFO:app.models.econometrics:ARDL fitted successfully. AIC: 
517.27, BIC: 531.32
INFO:app.models.econometrics:Fitting ARDL model with lags=5, 
trend=c
C:\Anaconda\Lib\site-packages\statsmodels\tsa\base\tsa_model.py
:473: ValueWarning: No frequency information was provided, so 
inferred frequency B will be used.
  self._init_dates(dates, freq)
INFO:app.models.econometrics:ARDL fitted successfully. AIC: 
515.85, BIC: 529.90
INFO:app.models.econometrics:Fitting ARDL model with lags=5, 
trend=c
C:\Anaconda\Lib\site-packages\statsmodels\tsa\base\tsa_model.py
:473: ValueWarning: No frequency information was provided, so 
inferred frequency B will be used.
  self._init_dates(dates, freq)
INFO:app.models.econometrics:ARDL fitted successfully. AIC: 
515.63, BIC: 529.68
INFO:app.models.econometrics:Fitting ARDL model with lags=5, 
trend=c
C:\Anaconda\Lib\site-packages\statsmodels\tsa\base\tsa_model.py
:473: ValueWarning: No frequency information was provided, so 
inferred frequency B will be used.
  self._init_dates(dates, freq)
INFO:app.models.econometrics:ARDL fitted successfully. AIC: 
521.82, BIC: 535.87
INFO:app.models.econometrics:Fitting ARDL model with lags=5, 
trend=c
C:\Anaconda\Lib\site-packages\statsmodels\tsa\base\tsa_model.py
:473: ValueWarning: No frequency information was provided, so 
inferred frequency B will be used.
  self._init_dates(dates, freq)
INFO:app.models.econometrics:ARDL fitted successfully. AIC: 
521.82, BIC: 535.87
INFO:app.models.econometrics:Fitting ARDL model with lags=5, 
trend=c
C:\Anaconda\Lib\site-packages\statsmodels\tsa\base\tsa_model.py
:473: ValueWarning: No frequency information was provided, so 
inferred frequency B will be used.
  self._init_dates(dates, freq)
INFO:app.models.econometrics:ARDL fitted successfully. AIC: 
519.81, BIC: 533.87
INFO:app.models.econometrics:Fitting ARDL model with lags=5, 
trend=c
C:\Anaconda\Lib\site-packages\statsmodels\tsa\base\tsa_model.py
:473: ValueWarning: No frequency information was provided, so 
inferred frequency B will be used.
  self._init_dates(dates, freq)
INFO:app.models.econometrics:ARDL fitted successfully. AIC: 
519.90, BIC: 533.95
INFO:app.models.econometrics:Fitting ARDL model with lags=5, 
trend=c
C:\Anaconda\Lib\site-packages\statsmodels\tsa\base\tsa_model.py
:473: ValueWarning: No frequency information was provided, so 
inferred frequency B will be used.
  self._init_dates(dates, freq)
INFO:app.models.econometrics:ARDL fitted successfully. AIC: 
519.74, BIC: 533.79
INFO:app.models.econometrics:Fitting ARDL model with lags=5, 
trend=c
C:\Anaconda\Lib\site-packages\statsmodels\tsa\base\tsa_model.py
:473: ValueWarning: No frequency information was provided, so 
inferred frequency B will be used.
  self._init_dates(dates, freq)
INFO:app.models.econometrics:ARDL fitted successfully. AIC: 
519.68, BIC: 533.74
INFO:app.models.econometrics:Fitting ARDL model with lags=5, 
trend=c
C:\Anaconda\Lib\site-packages\statsmodels\tsa\base\tsa_model.py
:473: ValueWarning: No frequency information was provided, so 
inferred frequency B will be used.
  self._init_dates(dates, freq)
INFO:app.models.econometrics:ARDL fitted successfully. AIC: 
517.81, BIC: 531.86
INFO:app.models.econometrics:Fitting ARDL model with lags=5, 
trend=c
C:\Anaconda\Lib\site-packages\statsmodels\tsa\base\tsa_model.py
:473: ValueWarning: No frequency information was provided, so 
inferred frequency B will be used.
  self._init_dates(dates, freq)
INFO:app.models.econometrics:ARDL fitted successfully. AIC: 
516.88, BIC: 530.93
INFO:app.models.econometrics:Fitting ARDL model with lags=5, 
trend=c
C:\Anaconda\Lib\site-packages\statsmodels\tsa\base\tsa_model.py
:473: ValueWarning: No frequency information was provided, so 
inferred frequency B will be used.
  self._init_dates(dates, freq)
INFO:app.models.econometrics:ARDL fitted successfully. AIC: 
514.75, BIC: 528.80
INFO:app.models.econometrics:Fitting ARDL model with lags=5, 
trend=c
C:\Anaconda\Lib\site-packages\statsmodels\tsa\base\tsa_model.py
:473: ValueWarning: No frequency information was provided, so 
inferred frequency B will be used.
  self._init_dates(dates, freq)
INFO:app.models.econometrics:ARDL fitted successfully. AIC: 
509.79, BIC: 523.84
INFO:app.models.econometrics:Fitting ARDL model with lags=5, 
trend=c
C:\Anaconda\Lib\site-packages\statsmodels\tsa\base\tsa_model.py
:473: ValueWarning: No frequency information was provided, so 
inferred frequency B will be used.
  self._init_dates(dates, freq)
INFO:app.models.econometrics:ARDL fitted successfully. AIC: 
509.94, BIC: 523.99
INFO:app.models.econometrics:Fitting ARDL model with lags=5, 
trend=c
C:\Anaconda\Lib\site-packages\statsmodels\tsa\base\tsa_model.py
:473: ValueWarning: No frequency information was provided, so 
inferred frequency B will be used.
  self._init_dates(dates, freq)
INFO:app.models.econometrics:ARDL fitted successfully. AIC: 
509.93, BIC: 523.99
INFO:app.models.econometrics:Fitting ARDL model with lags=5, 
trend=c
C:\Anaconda\Lib\site-packages\statsmodels\tsa\base\tsa_model.py
:473: ValueWarning: No frequency information was provided, so 
inferred frequency B will be used.
  self._init_dates(dates, freq)
INFO:app.models.econometrics:ARDL fitted successfully. AIC: 
509.57, BIC: 523.62

Epoch 1:  28%|##8       | 18/64 [00:07<00:17,  2.69it/s, 
loss=2.02e+6]
Epoch 1:  30%|##9       | 19/64 [00:07<00:16,  2.66it/s, 
loss=2.02e+6]INFO:app.models.econometrics:Fitting ARDL model 
with lags=5, trend=c
C:\Anaconda\Lib\site-packages\statsmodels\tsa\base\tsa_model.py
:473: ValueWarning: No frequency information was provided, so 
inferred frequency B will be used.
  self._init_dates(dates, freq)
INFO:app.models.econometrics:ARDL fitted successfully. AIC: 
511.84, BIC: 525.89
INFO:app.models.econometrics:Fitting ARDL model with lags=5, 
trend=c
C:\Anaconda\Lib\site-packages\statsmodels\tsa\base\tsa_model.py
:473: ValueWarning: No frequency information was provided, so 
inferred frequency B will be used.
  self._init_dates(dates, freq)
INFO:app.models.econometrics:ARDL fitted successfully. AIC: 
513.42, BIC: 527.48
INFO:app.models.econometrics:Fitting ARDL model with lags=5, 
trend=c
C:\Anaconda\Lib\site-packages\statsmodels\tsa\base\tsa_model.py
:473: ValueWarning: No frequency information was provided, so 
inferred frequency B will be used.
  self._init_dates(dates, freq)
INFO:app.models.econometrics:ARDL fitted successfully. AIC: 
512.79, BIC: 526.84
INFO:app.models.econometrics:Fitting ARDL model with lags=5, 
trend=c
C:\Anaconda\Lib\site-packages\statsmodels\tsa\base\tsa_model.py
:473: ValueWarning: No frequency information was provided, so 
inferred frequency B will be used.
  self._init_dates(dates, freq)
INFO:app.models.econometrics:ARDL fitted successfully. AIC: 
513.75, BIC: 527.80
INFO:app.models.econometrics:Fitting ARDL model with lags=5, 
trend=c
C:\Anaconda\Lib\site-packages\statsmodels\tsa\base\tsa_model.py
:473: ValueWarning: No frequency information was provided, so 
inferred frequency B will be used.
  self._init_dates(dates, freq)
INFO:app.models.econometrics:ARDL fitted successfully. AIC: 
516.77, BIC: 530.82
INFO:app.models.econometrics:Fitting ARDL model with lags=5, 
trend=c
C:\Anaconda\Lib\site-packages\statsmodels\tsa\base\tsa_model.py
:473: ValueWarning: No frequency information was provided, so 
inferred frequency B will be used.
  self._init_dates(dates, freq)
INFO:app.models.econometrics:ARDL fitted successfully. AIC: 
516.82, BIC: 530.87
INFO:app.models.econometrics:Fitting ARDL model with lags=5, 
trend=c
C:\Anaconda\Lib\site-packages\statsmodels\tsa\base\tsa_model.py
:473: ValueWarning: No frequency information was provided, so 
inferred frequency B will be used.
  self._init_dates(dates, freq)
INFO:app.models.econometrics:ARDL fitted successfully. AIC: 
517.41, BIC: 531.46
INFO:app.models.econometrics:Fitting ARDL model with lags=5, 
trend=c
C:\Anaconda\Lib\site-packages\statsmodels\tsa\base\tsa_model.py
:473: ValueWarning: No frequency information was provided, so 
inferred frequency B will be used.
  self._init_dates(dates, freq)
INFO:app.models.econometrics:ARDL fitted successfully. AIC: 
519.27, BIC: 533.32
INFO:app.models.econometrics:Fitting ARDL model with lags=5, 
trend=c
C:\Anaconda\Lib\site-packages\statsmodels\tsa\base\tsa_model.py
:473: ValueWarning: No frequency information was provided, so 
inferred frequency B will be used.
  self._init_dates(dates, freq)
INFO:app.models.econometrics:ARDL fitted successfully. AIC: 
518.82, BIC: 532.87
INFO:app.models.econometrics:Fitting ARDL model with lags=5, 
trend=c
C:\Anaconda\Lib\site-packages\statsmodels\tsa\base\tsa_model.py
:473: ValueWarning: No frequency information was provided, so 
inferred frequency B will be used.
  self._init_dates(dates, freq)
INFO:app.models.econometrics:ARDL fitted successfully. AIC: 
520.75, BIC: 534.80
INFO:app.models.econometrics:Fitting ARDL model with lags=5, 
trend=c
C:\Anaconda\Lib\site-packages\statsmodels\tsa\base\tsa_model.py
:473: ValueWarning: No frequency information was provided, so 
inferred frequency B will be used.
  self._init_dates(dates, freq)
INFO:app.models.econometrics:ARDL fitted successfully. AIC: 
520.18, BIC: 534.23
INFO:app.models.econometrics:Fitting ARDL model with lags=5, 
trend=c
C:\Anaconda\Lib\site-packages\statsmodels\tsa\base\tsa_model.py
:473: ValueWarning: No frequency information was provided, so 
inferred frequency B will be used.
  self._init_dates(dates, freq)
INFO:app.models.econometrics:ARDL fitted successfully. AIC: 
518.64, BIC: 532.69
INFO:app.models.econometrics:Fitting ARDL model with lags=5, 
trend=c
C:\Anaconda\Lib\site-packages\statsmodels\tsa\base\tsa_model.py
:473: ValueWarning: No frequency information was provided, so 
inferred frequency B will be used.
  self._init_dates(dates, freq)
INFO:app.models.econometrics:ARDL fitted successfully. AIC: 
516.29, BIC: 530.34
INFO:app.models.econometrics:Fitting ARDL model with lags=5, 
trend=c
C:\Anaconda\Lib\site-packages\statsmodels\tsa\base\tsa_model.py
:473: ValueWarning: No frequency information was provided, so 
inferred frequency B will be used.
  self._init_dates(dates, freq)
INFO:app.models.econometrics:ARDL fitted successfully. AIC: 
516.62, BIC: 530.67
INFO:app.models.econometrics:Fitting ARDL model with lags=5, 
trend=c
C:\Anaconda\Lib\site-packages\statsmodels\tsa\base\tsa_model.py
:473: ValueWarning: No frequency information was provided, so 
inferred frequency B will be used.
  self._init_dates(dates, freq)
INFO:app.models.econometrics:ARDL fitted successfully. AIC: 
517.54, BIC: 531.60
INFO:app.models.econometrics:Fitting ARDL model with lags=5, 
trend=c
C:\Anaconda\Lib\site-packages\statsmodels\tsa\base\tsa_model.py
:473: ValueWarning: No frequency information was provided, so 
inferred frequency B will be used.
  self._init_dates(dates, freq)
INFO:app.models.econometrics:ARDL fitted successfully. AIC: 
517.87, BIC: 531.92
INFO:app.models.econometrics:Fitting ARDL model with lags=5, 
trend=c
C:\Anaconda\Lib\site-packages\statsmodels\tsa\base\tsa_model.py
:473: ValueWarning: No frequency information was provided, so 
inferred frequency B will be used.
  self._init_dates(dates, freq)
INFO:app.models.econometrics:ARDL fitted successfully. AIC: 
517.65, BIC: 531.70
INFO:app.models.econometrics:Fitting ARDL model with lags=5, 
trend=c
C:\Anaconda\Lib\site-packages\statsmodels\tsa\base\tsa_model.py
:473: ValueWarning: No frequency information was provided, so 
inferred frequency B will be used.
  self._init_dates(dates, freq)
INFO:app.models.econometrics:ARDL fitted successfully. AIC: 
515.29, BIC: 529.34
INFO:app.models.econometrics:Fitting ARDL model with lags=5, 
trend=c
C:\Anaconda\Lib\site-packages\statsmodels\tsa\base\tsa_model.py
:473: ValueWarning: No frequency information was provided, so 
inferred frequency B will be used.
  self._init_dates(dates, freq)
INFO:app.models.econometrics:ARDL fitted successfully. AIC: 
515.16, BIC: 529.21
INFO:app.models.econometrics:Fitting ARDL model with lags=5, 
trend=c
C:\Anaconda\Lib\site-packages\statsmodels\tsa\base\tsa_model.py
:473: ValueWarning: No frequency information was provided, so 
inferred frequency B will be used.
  self._init_dates(dates, freq)
INFO:app.models.econometrics:ARDL fitted successfully. AIC: 
510.23, BIC: 524.28
INFO:app.models.econometrics:Fitting ARDL model with lags=5, 
trend=c
C:\Anaconda\Lib\site-packages\statsmodels\tsa\base\tsa_model.py
:473: ValueWarning: No frequency information was provided, so 
inferred frequency B will be used.
  self._init_dates(dates, freq)
INFO:app.models.econometrics:ARDL fitted successfully. AIC: 
509.88, BIC: 523.93
INFO:app.models.econometrics:Fitting ARDL model with lags=5, 
trend=c
C:\Anaconda\Lib\site-packages\statsmodels\tsa\base\tsa_model.py
:473: ValueWarning: No frequency information was provided, so 
inferred frequency B will be used.
  self._init_dates(dates, freq)
INFO:app.models.econometrics:ARDL fitted successfully. AIC: 
509.12, BIC: 523.17
INFO:app.models.econometrics:Fitting ARDL model with lags=5, 
trend=c
C:\Anaconda\Lib\site-packages\statsmodels\tsa\base\tsa_model.py
:473: ValueWarning: No frequency information was provided, so 
inferred frequency B will be used.
  self._init_dates(dates, freq)
INFO:app.models.econometrics:ARDL fitted successfully. AIC: 
509.38, BIC: 523.43
INFO:app.models.econometrics:Fitting ARDL model with lags=5, 
trend=c
C:\Anaconda\Lib\site-packages\statsmodels\tsa\base\tsa_model.py
:473: ValueWarning: No frequency information was provided, so 
inferred frequency B will be used.
  self._init_dates(dates, freq)
INFO:app.models.econometrics:ARDL fitted successfully. AIC: 
508.73, BIC: 522.78
INFO:app.models.econometrics:Fitting ARDL model with lags=5, 
trend=c
C:\Anaconda\Lib\site-packages\statsmodels\tsa\base\tsa_model.py
:473: ValueWarning: No frequency information was provided, so 
inferred frequency B will be used.
  self._init_dates(dates, freq)
INFO:app.models.econometrics:ARDL fitted successfully. AIC: 
508.16, BIC: 522.21
INFO:app.models.econometrics:Fitting ARDL model with lags=5, 
trend=c
C:\Anaconda\Lib\site-packages\statsmodels\tsa\base\tsa_model.py
:473: ValueWarning: No frequency information was provided, so 
inferred frequency B will be used.
  self._init_dates(dates, freq)
INFO:app.models.econometrics:ARDL fitted successfully. AIC: 
507.82, BIC: 521.87
INFO:app.models.econometrics:Fitting ARDL model with lags=5, 
trend=c
C:\Anaconda\Lib\site-packages\statsmodels\tsa\base\tsa_model.py
:473: ValueWarning: No frequency information was provided, so 
inferred frequency B will be used.
  self._init_dates(dates, freq)
INFO:app.models.econometrics:ARDL fitted successfully. AIC: 
508.83, BIC: 522.88
INFO:app.models.econometrics:Fitting ARDL model with lags=5, 
trend=c
C:\Anaconda\Lib\site-packages\statsmodels\tsa\base\tsa_model.py
:473: ValueWarning: No frequency information was provided, so 
inferred frequency B will be used.
  self._init_dates(dates, freq)
INFO:app.models.econometrics:ARDL fitted successfully. AIC: 
508.38, BIC: 522.44
INFO:app.models.econometrics:Fitting ARDL model with lags=5, 
trend=c
C:\Anaconda\Lib\site-packages\statsmodels\tsa\base\tsa_model.py
:473: ValueWarning: No frequency information was provided, so 
inferred frequency B will be used.
  self._init_dates(dates, freq)
INFO:app.models.econometrics:ARDL fitted successfully. AIC: 
508.51, BIC: 522.56
INFO:app.models.econometrics:Fitting ARDL model with lags=5, 
trend=c
C:\Anaconda\Lib\site-packages\statsmodels\tsa\base\tsa_model.py
:473: ValueWarning: No frequency information was provided, so 
inferred frequency B will be used.
  self._init_dates(dates, freq)
INFO:app.models.econometrics:ARDL fitted successfully. AIC: 
504.80, BIC: 518.85
INFO:app.models.econometrics:Fitting ARDL model with lags=5, 
trend=c
C:\Anaconda\Lib\site-packages\statsmodels\tsa\base\tsa_model.py
:473: ValueWarning: No frequency information was provided, so 
inferred frequency B will be used.
  self._init_dates(dates, freq)
INFO:app.models.econometrics:ARDL fitted successfully. AIC: 
505.29, BIC: 519.34
INFO:app.models.econometrics:Fitting ARDL model with lags=5, 
trend=c
C:\Anaconda\Lib\site-packages\statsmodels\tsa\base\tsa_model.py
:473: ValueWarning: No frequency information was provided, so 
inferred frequency B will be used.
  self._init_dates(dates, freq)
INFO:app.models.econometrics:ARDL fitted successfully. AIC: 
505.47, BIC: 519.52

Epoch 1:  30%|##9       | 19/64 [00:08<00:16,  2.66it/s, 
loss=2.01e+6]
Epoch 1:  31%|###1      | 20/64 [00:08<00:16,  2.68it/s, 
loss=2.01e+6]INFO:app.models.econometrics:Fitting ARDL model 
with lags=5, trend=c
C:\Anaconda\Lib\site-packages\statsmodels\tsa\base\tsa_model.py
:473: ValueWarning: No frequency information was provided, so 
inferred frequency B will be used.
  self._init_dates(dates, freq)
INFO:app.models.econometrics:ARDL fitted successfully. AIC: 
505.00, BIC: 519.05
INFO:app.models.econometrics:Fitting ARDL model with lags=5, 
trend=c
C:\Anaconda\Lib\site-packages\statsmodels\tsa\base\tsa_model.py
:473: ValueWarning: No frequency information was provided, so 
inferred frequency B will be used.
  self._init_dates(dates, freq)
INFO:app.models.econometrics:ARDL fitted successfully. AIC: 
505.00, BIC: 519.06
INFO:app.models.econometrics:Fitting ARDL model with lags=5, 
trend=c
C:\Anaconda\Lib\site-packages\statsmodels\tsa\base\tsa_model.py
:473: ValueWarning: No frequency information was provided, so 
inferred frequency B will be used.
  self._init_dates(dates, freq)
INFO:app.models.econometrics:ARDL fitted successfully. AIC: 
498.97, BIC: 513.02
INFO:app.models.econometrics:Fitting ARDL model with lags=5, 
trend=c
C:\Anaconda\Lib\site-packages\statsmodels\tsa\base\tsa_model.py
:473: ValueWarning: No frequency information was provided, so 
inferred frequency B will be used.
  self._init_dates(dates, freq)
INFO:app.models.econometrics:ARDL fitted successfully. AIC: 
497.51, BIC: 511.56
INFO:app.models.econometrics:Fitting ARDL model with lags=5, 
trend=c
C:\Anaconda\Lib\site-packages\statsmodels\tsa\base\tsa_model.py
:473: ValueWarning: No frequency information was provided, so 
inferred frequency B will be used.
  self._init_dates(dates, freq)
INFO:app.models.econometrics:ARDL fitted successfully. AIC: 
497.23, BIC: 511.29
INFO:app.models.econometrics:Fitting ARDL model with lags=5, 
trend=c
C:\Anaconda\Lib\site-packages\statsmodels\tsa\base\tsa_model.py
:473: ValueWarning: No frequency information was provided, so 
inferred frequency B will be used.
  self._init_dates(dates, freq)
INFO:app.models.econometrics:ARDL fitted successfully. AIC: 
500.79, BIC: 514.84
INFO:app.models.econometrics:Fitting ARDL model with lags=5, 
trend=c
C:\Anaconda\Lib\site-packages\statsmodels\tsa\base\tsa_model.py
:473: ValueWarning: No frequency information was provided, so 
inferred frequency B will be used.
  self._init_dates(dates, freq)
INFO:app.models.econometrics:ARDL fitted successfully. AIC: 
500.18, BIC: 514.23
INFO:app.models.econometrics:Fitting ARDL model with lags=5, 
trend=c
C:\Anaconda\Lib\site-packages\statsmodels\tsa\base\tsa_model.py
:473: ValueWarning: No frequency information was provided, so 
inferred frequency B will be used.
  self._init_dates(dates, freq)
INFO:app.models.econometrics:ARDL fitted successfully. AIC: 
500.21, BIC: 514.26
INFO:app.models.econometrics:Fitting ARDL model with lags=5, 
trend=c
C:\Anaconda\Lib\site-packages\statsmodels\tsa\base\tsa_model.py
:473: ValueWarning: No frequency information was provided, so 
inferred frequency B will be used.
  self._init_dates(dates, freq)
INFO:app.models.econometrics:ARDL fitted successfully. AIC: 
502.84, BIC: 516.89
INFO:app.models.econometrics:Fitting ARDL model with lags=5, 
trend=c
C:\Anaconda\Lib\site-packages\statsmodels\tsa\base\tsa_model.py
:473: ValueWarning: No frequency information was provided, so 
inferred frequency B will be used.
  self._init_dates(dates, freq)
INFO:app.models.econometrics:ARDL fitted successfully. AIC: 
502.58, BIC: 516.64
INFO:app.models.econometrics:Fitting ARDL model with lags=5, 
trend=c
C:\Anaconda\Lib\site-packages\statsmodels\tsa\base\tsa_model.py
:473: ValueWarning: No frequency information was provided, so 
inferred frequency B will be used.
  self._init_dates(dates, freq)
INFO:app.models.econometrics:ARDL fitted successfully. AIC: 
499.77, BIC: 513.82
INFO:app.models.econometrics:Fitting ARDL model with lags=5, 
trend=c
C:\Anaconda\Lib\site-packages\statsmodels\tsa\base\tsa_model.py
:473: ValueWarning: No frequency information was provided, so 
inferred frequency B will be used.
  self._init_dates(dates, freq)
INFO:app.models.econometrics:ARDL fitted successfully. AIC: 
498.55, BIC: 512.60
INFO:app.models.econometrics:Fitting ARDL model with lags=5, 
trend=c
C:\Anaconda\Lib\site-packages\statsmodels\tsa\base\tsa_model.py
:473: ValueWarning: No frequency information was provided, so 
inferred frequency B will be used.
  self._init_dates(dates, freq)
INFO:app.models.econometrics:ARDL fitted successfully. AIC: 
498.47, BIC: 512.53
INFO:app.models.econometrics:Fitting ARDL model with lags=5, 
trend=c
C:\Anaconda\Lib\site-packages\statsmodels\tsa\base\tsa_model.py
:473: ValueWarning: No frequency information was provided, so 
inferred frequency B will be used.
  self._init_dates(dates, freq)
INFO:app.models.econometrics:ARDL fitted successfully. AIC: 
499.27, BIC: 513.32
INFO:app.models.econometrics:Fitting ARDL model with lags=5, 
trend=c
C:\Anaconda\Lib\site-packages\statsmodels\tsa\base\tsa_model.py
:473: ValueWarning: No frequency information was provided, so 
inferred frequency B will be used.
  self._init_dates(dates, freq)
INFO:app.models.econometrics:ARDL fitted successfully. AIC: 
498.67, BIC: 512.72
INFO:app.models.econometrics:Fitting ARDL model with lags=5, 
trend=c
C:\Anaconda\Lib\site-packages\statsmodels\tsa\base\tsa_model.py
:473: ValueWarning: No frequency information was provided, so 
inferred frequency B will be used.
  self._init_dates(dates, freq)
INFO:app.models.econometrics:ARDL fitted successfully. AIC: 
498.31, BIC: 512.36
INFO:app.models.econometrics:Fitting ARDL model with lags=5, 
trend=c
C:\Anaconda\Lib\site-packages\statsmodels\tsa\base\tsa_model.py
:473: ValueWarning: No frequency information was provided, so 
inferred frequency B will be used.
  self._init_dates(dates, freq)
INFO:app.models.econometrics:ARDL fitted successfully. AIC: 
500.39, BIC: 514.44
INFO:app.models.econometrics:Fitting ARDL model with lags=5, 
trend=c
C:\Anaconda\Lib\site-packages\statsmodels\tsa\base\tsa_model.py
:473: ValueWarning: No frequency information was provided, so 
inferred frequency B will be used.
  self._init_dates(dates, freq)
INFO:app.models.econometrics:ARDL fitted successfully. AIC: 
500.96, BIC: 515.02
INFO:app.models.econometrics:Fitting ARDL model with lags=5, 
trend=c
C:\Anaconda\Lib\site-packages\statsmodels\tsa\base\tsa_model.py
:473: ValueWarning: No frequency information was provided, so 
inferred frequency B will be used.
  self._init_dates(dates, freq)
INFO:app.models.econometrics:ARDL fitted successfully. AIC: 
501.10, BIC: 515.15
INFO:app.models.econometrics:Fitting ARDL model with lags=5, 
trend=c
C:\Anaconda\Lib\site-packages\statsmodels\tsa\base\tsa_model.py
:473: ValueWarning: No frequency information was provided, so 
inferred frequency B will be used.
  self._init_dates(dates, freq)
INFO:app.models.econometrics:ARDL fitted successfully. AIC: 
501.10, BIC: 515.15
INFO:app.models.econometrics:Fitting ARDL model with lags=5, 
trend=c
C:\Anaconda\Lib\site-packages\statsmodels\tsa\base\tsa_model.py
:473: ValueWarning: No frequency information was provided, so 
inferred frequency B will be used.
  self._init_dates(dates, freq)
INFO:app.models.econometrics:ARDL fitted successfully. AIC: 
500.98, BIC: 515.04
INFO:app.models.econometrics:Fitting ARDL model with lags=5, 
trend=c
C:\Anaconda\Lib\site-packages\statsmodels\tsa\base\tsa_model.py
:473: ValueWarning: No frequency information was provided, so 
inferred frequency B will be used.
  self._init_dates(dates, freq)
INFO:app.models.econometrics:ARDL fitted successfully. AIC: 
501.80, BIC: 515.85
INFO:app.models.econometrics:Fitting ARDL model with lags=5, 
trend=c
C:\Anaconda\Lib\site-packages\statsmodels\tsa\base\tsa_model.py
:473: ValueWarning: No frequency information was provided, so 
inferred frequency B will be used.
  self._init_dates(dates, freq)
INFO:app.models.econometrics:ARDL fitted successfully. AIC: 
502.98, BIC: 517.03

Epoch 1:  31%|###1      | 20/64 [00:08<00:17,  2.45it/s, 
loss=2.01e+6]
WARNING:__main__:

\u26a0\ufe0f  Training interrupted by user
