Date,Open,High,Low,Close,Volume
2015-01-01,2069.87,2096.25,2040.82,2067.17,3029079132
2015-01-02,2067.13,2071.3,2062.08,2066.24,4282980078
2015-01-05,2061.69,2091.51,2047.91,2077.62,4572072971
2015-01-06,2086.69,2112.55,2077.15,2102.93,6941348234
2015-01-07,2103.46,2120.06,2083.89,2100.46,5657488126
2015-01-08,2095.03,2106.59,2086.45,2097.99,5645435746
2015-01-09,2095.21,2139.28,2080.58,2124.45,4930481665
2015-01-12,2127.41,2144.43,2121.1,2138.09,4901051509
2015-01-13,2148.99,2155.68,2125.14,2131.78,5539868753
2015-01-14,2137.8,2145.9,2133.73,2141.82,3170658737
2015-01-15,2153.44,2162.01,2127.1,2135.6,3755034461
2015-01-16,2131.42,2149.49,2111.31,2129.36,2893260243
2015-01-19,2126.99,2151.28,2110.3,2134.53,2574115097
2015-01-20,2140.31,2140.64,2104.8,2105.13,4513931862
2015-01-21,2108.36,2140.39,2047.51,2079.1,7734708363
2015-01-22,2084.43,2098.14,2057.88,2071.51,2983317272
2015-01-23,2072.58,2091.03,2038.62,2056.94,5590682204
2015-01-26,2051.41,2087.31,2027.3,2063.06,4808666083
2015-01-27,2065.92,2085.51,2030.72,2050.16,3050393096
2015-01-28,2042.58,2059.91,2012.39,2029.6,6212770422
2015-01-29,2025.36,2066.28,2012.69,2053.43,6600534625
2015-01-30,2050.11,2056.49,2044.77,2051.15,2729943189
2015-02-02,2053.3,2093.72,2013.01,2053.42,2309735851
2015-02-03,2051.8,2053.75,2030.7,2032.63,6473922510
2015-02-04,2030.63,2036.76,2019.37,2025.49,5126581889
2015-02-05,2027.41,2035.19,2020.62,2028.4,4317933842
2015-02-06,2033.0,2064.22,1981.13,2012.02,5910527230
2015-02-09,2010.55,2039.47,1990.11,2018.95,4053090714
2015-02-10,2020.97,2023.69,2008.29,2011.0,6437930236
2015-02-11,2003.08,2029.48,1981.41,2007.76,4557602548
2015-02-12,2010.09,2036.81,1973.27,1999.84,5814927202
2015-02-13,2005.98,2070.08,1965.62,2029.25,6524696504
2015-02-16,2030.13,2051.47,2008.91,2030.25,3612121072
2015-02-17,2039.77,2046.94,2008.2,2015.28,3751126666
2015-02-18,2018.3,2060.15,1987.37,2029.06,3083696877
2015-02-19,2016.27,2023.69,2004.22,2011.61,6045169349
2015-02-20,2008.04,2033.84,1990.26,2015.99,4026992726
2015-02-23,2012.93,2052.27,1948.69,1987.53,4358483343
2015-02-24,1999.23,2028.86,1939.68,1968.85,5158574473
2015-02-25,1976.77,1996.77,1953.0,1972.95,3092903283
2015-02-26,1980.24,1994.81,1970.63,1985.18,7594589103
2015-02-27,1979.94,2000.13,1968.79,1988.94,6953249573
2015-03-02,1986.94,1998.94,1976.39,1988.38,3932663625
2015-03-03,1993.48,2024.46,1954.19,1985.04,4297019573
2015-03-04,1985.3,1994.5,1955.05,1964.15,6327229672
2015-03-05,1962.4,2012.04,1905.21,1954.65,4674559914
2015-03-06,1956.92,1979.44,1926.58,1949.02,3766900209
2015-03-09,1958.22,2000.33,1923.84,1965.82,4350182031
2015-03-10,1965.39,1975.09,1962.42,1972.11,3544412800
2015-03-11,1967.63,1971.46,1943.36,1947.16,4080428964
2015-03-12,1950.84,1965.26,1938.69,1953.1,3168278494
2015-03-13,1949.4,1966.85,1931.14,1948.58,4213405364
2015-03-16,1948.39,1964.37,1923.88,1939.79,4918560690
2015-03-17,1938.65,1960.01,1928.64,1949.94,4149025828
2015-03-18,1948.91,1981.05,1934.36,1966.37,3121900926
2015-03-19,1964.69,1991.17,1955.04,1981.44,4478381960
2015-03-20,1981.07,1985.86,1965.32,1970.08,5203051873
2015-03-23,1966.24,1983.85,1949.05,1966.65,2652028841
2015-03-24,1963.78,1993.31,1943.31,1972.76,3637362978
2015-03-25,1965.09,2003.85,1949.95,1988.54,4268724265
2015-03-26,1992.09,1995.71,1978.93,1982.53,3409174886
2015-03-27,1977.02,1989.11,1968.85,1980.93,3607253404
2015-03-30,1984.34,2001.17,1948.92,1965.6,2843825861
2015-03-31,1967.38,1974.45,1942.06,1949.07,5260531059
2015-04-01,1951.11,2015.09,1898.57,1962.24,3462102293
2015-04-02,1951.79,1985.54,1949.92,1983.64,5269338475
2015-04-03,1989.09,2005.66,1967.22,1983.75,2975589858
2015-04-06,1979.96,2002.38,1977.65,2000.04,8309025944
2015-04-07,2011.04,2017.5,2000.26,2006.71,5212039720
2015-04-08,2008.93,2018.61,1988.51,1998.14,4782105232
2015-04-09,1996.47,2043.44,1957.98,2004.8,5260337754
2015-04-10,1996.35,2030.44,1995.37,2029.45,5550841573
2015-04-13,2037.04,2071.75,1995.51,2030.11,3491224543
2015-04-14,2027.88,2075.04,2008.58,2055.48,3403254218
2015-04-15,2065.12,2084.21,1997.74,2016.38,6319992377
2015-04-16,2014.57,2035.1,2009.66,2030.15,8306022583
2015-04-17,2043.67,2076.9,1999.65,2032.7,3546024279
2015-04-20,2023.45,2035.32,2017.47,2029.32,5905069125
2015-04-21,2030.64,2055.66,2006.92,2031.94,2680558082
2015-04-22,2026.83,2038.77,1991.03,2002.83,5020743924
2015-04-23,1999.53,2011.48,1988.75,2000.69,4733473111
2015-04-24,2002.02,2029.47,1979.9,2007.3,5874651184
2015-04-27,2002.97,2041.48,1992.69,2031.06,5187767397
2015-04-28,2032.24,2056.21,2000.44,2024.32,3480185768
2015-04-29,2017.62,2027.39,2003.44,2013.18,5478108595
2015-04-30,2011.32,2019.54,1998.56,2006.76,3156638202
2015-05-01,2009.98,2039.82,1992.15,2021.89,6961932974
2015-05-04,2024.67,2041.06,2011.77,2028.13,2159560554
2015-05-05,2027.94,2039.8,2009.41,2021.23,3118219456
2015-05-06,2017.18,2049.31,1998.29,2030.29,4675554941
2015-05-07,2016.66,2036.8,2012.88,2032.99,1975638886
2015-05-08,2035.79,2061.59,2023.43,2049.15,2142628160
2015-05-11,2045.92,2056.14,2029.33,2039.52,6558830186
2015-05-12,2041.86,2049.73,2027.85,2035.69,3995051409
2015-05-13,2040.38,2083.85,1987.6,2030.87,4175849093
2015-05-14,2054.79,2065.24,1999.51,2009.72,2853283168
2015-05-15,2007.99,2050.19,1973.36,2015.43,4355619058
2015-05-18,2012.86,2021.53,2011.94,2020.61,3328899356
2015-05-19,2011.41,2028.55,2004.78,2021.89,4522836861
2015-05-20,2015.04,2027.92,2006.65,2019.51,3238121042
2015-05-21,2016.27,2041.61,1974.07,1999.21,5866296254
2015-05-22,2003.75,2018.4,1979.47,1994.05,4854706716
2015-05-25,1993.0,2029.84,1953.28,1990.07,4704230930
2015-05-26,1997.81,1999.77,1977.28,1979.22,3592538388
2015-05-27,1978.06,1992.8,1963.25,1977.98,3540358884
2015-05-28,1979.48,1987.04,1977.66,1985.22,3996852381
2015-05-29,1994.61,2019.25,1990.33,2014.92,8197408847
2015-06-01,2012.17,2036.33,1994.68,2018.78,2937110384
2015-06-02,2024.09,2043.43,2004.59,2023.92,6136276769
2015-06-03,2022.53,2036.21,2010.31,2023.99,2143715194
2015-06-04,2030.04,2038.01,1988.2,1996.03,5159149072
2015-06-05,1994.89,2009.61,1982.11,1996.82,3933495064
2015-06-08,1997.33,2021.86,1974.41,1998.92,1501727199
2015-06-09,1989.14,2041.51,1985.42,2037.7,9854257858
2015-06-10,2040.55,2056.42,2020.12,2035.95,5761005572
2015-06-11,2046.62,2066.04,2022.44,2041.81,5294775666
2015-06-12,2048.77,2053.61,2037.66,2042.49,2553283152
2015-06-15,2038.76,2055.57,2009.03,2025.73,4216672256
2015-06-16,2033.17,2066.13,2011.68,2044.53,4733725324
2015-06-17,2041.03,2064.66,2033.83,2057.4,2663475714
2015-06-18,2045.6,2076.57,2040.08,2070.98,4555825746
2015-06-19,2083.32,2111.83,2029.85,2058.01,6044887561
2015-06-22,2065.81,2083.39,2063.63,2081.19,4235636817
2015-06-23,2082.44,2093.76,2049.28,2060.48,5683076716
2015-06-24,2065.01,2097.22,2038.73,2070.87,4776849635
2015-06-25,2064.91,2141.56,2030.74,2106.7,6266867947
2015-06-26,2099.56,2101.52,2090.28,2092.23,9702480820
2015-06-29,2096.01,2127.79,2052.92,2084.53,4235527046
2015-06-30,2078.58,2091.78,2074.17,2087.35,3823850161
2015-07-01,2079.57,2086.02,2074.21,2080.66,4490195052
2015-07-02,2068.75,2071.96,2054.44,2057.63,4207970145
2015-07-03,2069.29,2077.84,2051.41,2059.93,4366276056
2015-07-06,2062.93,2090.48,2017.36,2044.67,3018197845
2015-07-07,2041.78,2075.45,2019.67,2053.22,4113481086
2015-07-08,2045.29,2072.41,2013.17,2040.22,3032998013
2015-07-09,2046.57,2077.54,2034.63,2065.49,3584627047
2015-07-10,2062.69,2121.11,1996.33,2054.52,5229777254
2015-07-13,2051.66,2076.29,2026.13,2050.74,3378104123
2015-07-14,2039.24,2088.44,2015.71,2064.62,4165417047
2015-07-15,2067.4,2071.34,2042.82,2046.72,4311591384
2015-07-16,2031.44,2052.17,2030.74,2051.46,3205283818
2015-07-17,2045.42,2082.47,2036.14,2073.07,5428569058
2015-07-20,2070.94,2080.19,2040.09,2049.25,5812086838
2015-07-21,2047.98,2073.1,2028.26,2053.33,4621531044
2015-07-22,2049.72,2061.83,2046.5,2058.59,4222653537
2015-07-23,2045.93,2086.84,2031.31,2072.03,6567257055
2015-07-24,2074.67,2081.65,2047.06,2053.97,7206795849
2015-07-27,2049.6,2077.71,2006.87,2034.78,4716187042
2015-07-28,2045.37,2061.4,2028.02,2044.04,3321225639
2015-07-29,2045.29,2061.24,2033.93,2049.85,2786842807
2015-07-30,2051.8,2063.09,2043.69,2054.96,3561526913
2015-07-31,2051.7,2063.5,2049.78,2061.58,2579127581
2015-08-03,2072.43,2079.09,2045.63,2052.23,4319199884
2015-08-04,2056.49,2061.69,2051.86,2057.06,2672725204
2015-08-05,2058.31,2097.97,2023.26,2062.85,6513100673
2015-08-06,2074.1,2089.3,2037.91,2052.96,5477301499
2015-08-07,2054.4,2094.88,2043.04,2083.36,5636074487
2015-08-10,2084.24,2117.2,2059.21,2092.08,2345068917
2015-08-11,2090.91,2114.27,2051.38,2074.56,5456336343
2015-08-12,2082.14,2087.3,2080.97,2086.12,2490946883
2015-08-13,2074.74,2077.72,2069.07,2072.04,5884523124
2015-08-14,2074.65,2087.62,2072.69,2085.65,3584821424
2015-08-17,2092.16,2132.18,2065.4,2105.25,6119633943
2015-08-18,2108.91,2111.64,2090.76,2093.47,3625124748
2015-08-19,2103.83,2128.08,2085.83,2110.03,6726400308
2015-08-20,2112.32,2133.34,2096.9,2117.88,2815725535
2015-08-21,2120.75,2144.56,2108.61,2132.35,2677381968
2015-08-24,2130.54,2189.58,2105.79,2164.44,5585774982
2015-08-25,2166.96,2193.17,2135.57,2161.71,4011988727
2015-08-26,2156.81,2161.0,2146.53,2150.71,6017122470
2015-08-27,2147.59,2183.14,2102.18,2137.57,3805399694
2015-08-28,2135.27,2145.76,2115.25,2125.69,4291765207
2015-08-31,2113.52,2141.44,2097.88,2125.72,5201118359
2015-09-01,2123.09,2134.03,2121.55,2132.48,3948342710
2015-09-02,2121.4,2139.02,2120.6,2138.21,6217055957
2015-09-03,2141.06,2153.8,2140.17,2152.91,6250695616
2015-09-04,2155.96,2177.98,2132.4,2154.4,3341965570
2015-09-07,2140.65,2197.95,2122.53,2179.5,5365121194
2015-09-08,2182.33,2195.48,2163.32,2176.44,4313226451
2015-09-09,2171.79,2238.71,2156.42,2222.98,6967414159
2015-09-10,2228.59,2254.88,2208.61,2234.85,3967174843
2015-09-11,2232.33,2297.23,2157.15,2221.73,3317139332
2015-09-14,2213.49,2249.59,2169.16,2205.13,4973070023
2015-09-15,2207.21,2243.93,2177.88,2214.51,3536658297
2015-09-16,2211.46,2222.17,2201.38,2212.09,2997079637
2015-09-17,2200.46,2251.07,2175.06,2225.38,4046549263
2015-09-18,2224.74,2238.22,2221.22,2234.69,3733923204
2015-09-21,2238.77,2259.94,2213.65,2234.79,2362820568
2015-09-22,2228.07,2245.36,2204.61,2221.85,3603494521
2015-09-23,2218.51,2251.05,2165.62,2197.86,7235166717
2015-09-24,2204.31,2215.68,2180.46,2191.76,4662541587
2015-09-25,2189.58,2231.67,2165.42,2207.31,3748516955
2015-09-28,2199.38,2241.63,2170.12,2212.2,5082718604
2015-09-29,2224.34,2244.2,2173.19,2192.77,4460460321
2015-09-30,2207.78,2223.51,2181.3,2196.95,3184909981
2015-10-01,2184.56,2238.51,2151.03,2204.67,5094612191
2015-10-02,2202.21,2243.68,2150.03,2191.29,5205038543
2015-10-05,2194.09,2199.21,2190.03,2195.15,4070095877
2015-10-06,2188.88,2225.52,2160.88,2197.42,3004562528
2015-10-07,2202.89,2219.91,2162.97,2179.81,6429865943
2015-10-08,2187.55,2197.42,2177.15,2187.02,2863560064
2015-10-09,2197.01,2234.26,2160.38,2197.62,5419187526
2015-10-12,2186.7,2256.51,2147.73,2217.0,4303626837
2015-10-13,2221.8,2252.51,2205.46,2236.06,3647488236
2015-10-14,2245.26,2262.27,2197.44,2214.22,6428467108
2015-10-15,2207.65,2213.92,2193.64,2199.88,3596264586
2015-10-16,2205.03,2237.39,2177.47,2209.78,4235621377
2015-10-19,2196.35,2228.98,2187.17,2219.7,3106803704
2015-10-20,2211.17,2272.3,2168.91,2229.69,4536172874
2015-10-21,2221.29,2320.08,2198.91,2296.94,9196601568
2015-10-22,2297.03,2329.9,2275.49,2308.25,10307292347
2015-10-23,2315.58,2368.41,2276.95,2329.54,4848405963
2015-10-26,2332.62,2365.92,2314.62,2347.8,3905418387
2015-10-27,2334.71,2366.2,2329.36,2360.79,5351836130
2015-10-28,2365.31,2372.36,2349.55,2356.57,5237395487
2015-10-29,2357.62,2380.26,2348.95,2371.54,3537832828
2015-10-30,2379.99,2396.94,2342.33,2359.13,6798007802
2015-11-02,2359.46,2365.08,2350.7,2356.31,2827545342
2015-11-03,2361.02,2388.71,2321.53,2349.08,7228938477
2015-11-04,2346.42,2372.59,2325.81,2351.94,3979406982
2015-11-05,2350.41,2410.36,2335.22,2394.88,5130265823
2015-11-06,2400.06,2421.21,2341.89,2362.72,4456169528
2015-11-09,2371.01,2408.63,2338.87,2376.42,4697499066
2015-11-10,2380.37,2382.26,2347.15,2349.02,4269694709
2015-11-11,2333.85,2342.75,2333.15,2342.05,5229175138
2015-11-12,2352.61,2399.71,2315.88,2362.81,4569047307
2015-11-13,2358.36,2370.38,2353.37,2365.37,3383796415
2015-11-16,2347.72,2381.02,2314.27,2347.57,7072303523
2015-11-17,2339.07,2346.98,2328.41,2336.31,3144837931
2015-11-18,2329.68,2389.13,2290.62,2349.74,3186046727
2015-11-19,2352.12,2378.87,2311.6,2338.19,3292203254
2015-11-20,2331.0,2348.49,2325.95,2343.41,5412915308
2015-11-23,2347.15,2372.07,2320.72,2345.62,4084409924
2015-11-24,2345.62,2386.93,2294.35,2335.48,2986777221
2015-11-25,2350.1,2385.73,2339.53,2375.05,4750040727
2015-11-26,2378.02,2396.52,2369.43,2387.88,4371494580
2015-11-27,2395.92,2419.46,2329.89,2353.01,12184549533
2015-11-30,2346.63,2362.35,2342.02,2357.73,2419591235
2015-12-01,2365.54,2371.64,2341.3,2347.36,4925704329
2015-12-02,2343.21,2364.0,2343.15,2363.94,3409831662
2015-12-03,2370.42,2390.21,2331.59,2351.22,2795161475
2015-12-04,2355.27,2392.72,2313.21,2350.58,5398677666
2015-12-07,2340.95,2392.66,2309.53,2360.98,4085477459
2015-12-08,2373.7,2389.85,2361.77,2377.89,5869991327
2015-12-09,2370.57,2376.32,2352.1,2357.82,7207830390
2015-12-10,2369.34,2392.19,2330.56,2353.26,3524447803
2015-12-11,2358.06,2395.56,2308.91,2346.23,3862093241
2015-12-14,2343.83,2356.0,2323.92,2336.06,4844234367
2015-12-15,2331.9,2370.68,2330.1,2368.85,5651718310
2015-12-16,2353.73,2379.4,2351.88,2377.53,4749901046
2015-12-17,2369.3,2392.52,2333.29,2356.38,3052372093
2015-12-18,2346.8,2416.79,2304.7,2374.2,3895150400
2015-12-21,2370.45,2461.18,2324.15,2414.03,6762689679
2015-12-22,2414.98,2444.14,2405.31,2434.39,4855852869
2015-12-23,2444.99,2474.21,2379.24,2408.03,9296389102
2015-12-24,2400.63,2441.05,2360.23,2400.66,3711417093
2015-12-25,2404.3,2448.59,2381.11,2425.2,4243844360
2015-12-28,2433.86,2486.56,2361.44,2413.7,4617251899
2015-12-29,2421.71,2448.14,2396.83,2423.25,3538925053
2015-12-30,2423.82,2458.84,2404.04,2438.93,5994320966
2015-12-31,2427.39,2430.77,2419.98,2423.35,3632751559
2016-01-01,2422.8,2425.49,2421.0,2423.7,6371040530
2016-01-04,2427.37,2461.02,2333.64,2366.44,12011032862
2016-01-05,2363.57,2417.26,2296.22,2349.59,5505666381
2016-01-06,2350.96,2364.36,2333.13,2346.5,3620967151
2016-01-07,2328.68,2338.83,2315.72,2325.86,6192351211
2016-01-08,2324.3,2359.11,2321.37,2356.14,10650731173
2016-01-11,2353.29,2369.17,2316.45,2332.19,9610492923
2016-01-12,2328.34,2347.71,2306.48,2325.83,3806312461
2016-01-13,2327.28,2349.1,2307.71,2329.52,2562989271
2016-01-14,2325.27,2368.98,2312.9,2356.44,5384594685
2016-01-15,2359.39,2369.44,2322.45,2332.39,3108114236
2016-01-18,2334.15,2379.43,2309.32,2354.39,7791039887
2016-01-19,2362.16,2372.66,2345.5,2355.97,4161198319
2016-01-20,2359.66,2391.43,2308.45,2339.95,4558361287
2016-01-21,2346.19,2402.92,2292.87,2349.53,5007240259
2016-01-22,2340.45,2384.52,2310.58,2354.47,4222479028
2016-01-25,2350.13,2353.55,2341.8,2345.21,4370855253
2016-01-26,2350.1,2387.44,2310.55,2347.84,2625012178
2016-01-27,2342.17,2345.02,2339.56,2342.41,3476722373
2016-01-28,2339.05,2355.52,2329.38,2345.82,2576342678
2016-01-29,2341.87,2362.0,2338.88,2358.99,1860428829
2016-02-01,2366.7,2437.91,2318.11,2388.86,5093545100
2016-02-02,2380.47,2380.92,2367.58,2368.02,8371177437
2016-02-03,2369.14,2453.64,2324.19,2407.95,8735512434
2016-02-04,2398.29,2402.5,2369.93,2374.09,5283416592
2016-02-05,2370.85,2375.91,2367.73,2372.78,3368273301
2016-02-08,2372.2,2386.95,2370.04,2384.78,4451684437
2016-02-09,2379.65,2416.63,2354.41,2391.27,2704377686
2016-02-10,2376.16,2404.74,2352.93,2381.46,5964435682
2016-02-11,2379.3,2412.28,2346.15,2379.13,1681295635
2016-02-12,2378.67,2387.26,2363.12,2371.69,2989321673
2016-02-15,2382.58,2394.85,2350.38,2362.55,5097293817
2016-02-16,2351.23,2401.19,2329.49,2379.19,4286261799
2016-02-17,2382.73,2392.14,2377.65,2387.04,3471658454
2016-02-18,2400.9,2413.18,2363.83,2375.98,5507772832
2016-02-19,2374.68,2394.77,2373.54,2393.62,4307726283
2016-02-22,2389.12,2428.96,2360.91,2400.62,4065468718
2016-02-23,2397.0,2418.09,2395.78,2416.85,3100141616
2016-02-24,2416.41,2437.68,2408.6,2429.83,5155531913
2016-02-25,2438.73,2451.74,2403.19,2416.09,3453454810
2016-02-26,2403.42,2448.52,2362.27,2407.31,4713231056
2016-02-29,2401.56,2433.9,2390.15,2422.39,5216338247
2016-03-01,2406.28,2466.2,2375.49,2435.04,5129782638
2016-03-02,2427.99,2496.84,2367.45,2436.1,5830712347
2016-03-03,2427.53,2453.91,2413.4,2439.72,3542638265
2016-03-04,2426.31,2515.83,2376.14,2464.86,3862245837
2016-03-07,2478.6,2515.71,2418.56,2455.33,4050746229
2016-03-08,2470.76,2501.38,2436.4,2466.97,6982570470
2016-03-09,2460.96,2481.4,2444.25,2464.67,3609820522
2016-03-10,2467.11,2471.07,2458.13,2462.08,5693042707
2016-03-11,2454.12,2505.94,2432.54,2484.09,7643557266
2016-03-14,2489.21,2508.96,2481.42,2501.13,7291377427
2016-03-15,2500.86,2546.05,2473.06,2518.06,3990570193
2016-03-16,2520.68,2584.44,2481.16,2544.54,11325246819
2016-03-17,2544.3,2593.32,2497.48,2546.46,4401446175
2016-03-18,2545.6,2564.3,2542.47,2561.15,3051742572
2016-03-21,2555.33,2562.62,2549.38,2556.67,1973236742
2016-03-22,2564.02,2595.1,2533.39,2564.47,4095989903
2016-03-23,2572.73,2578.63,2557.6,2563.47,3816394413
2016-03-24,2561.18,2590.08,2538.03,2566.88,5532656529
2016-03-25,2568.37,2588.27,2560.14,2579.99,3000110750
2016-03-28,2573.55,2580.93,2558.25,2565.61,3697824776
2016-03-29,2557.4,2629.33,2536.55,2608.06,12053631411
2016-03-30,2623.09,2658.01,2555.37,2589.84,3275112665
2016-03-31,2579.79,2581.63,2565.88,2567.71,4059826111
2016-04-01,2577.26,2615.63,2553.6,2591.83,4560559232
2016-04-04,2596.53,2636.81,2568.79,2608.94,9283773011
2016-04-05,2618.8,2661.64,2580.05,2622.84,6248157387
2016-04-06,2630.76,2662.56,2605.16,2636.9,4906000056
2016-04-07,2630.38,2644.22,2624.39,2638.22,2891723096
2016-04-08,2638.23,2692.31,2568.2,2621.95,5794718100
2016-04-11,2615.81,2645.77,2595.13,2625.01,5124993946
2016-04-12,2621.74,2657.13,2577.9,2613.17,4335668409
2016-04-13,2611.76,2637.0,2608.85,2634.07,5511199098
2016-04-14,2639.87,2658.16,2614.47,2632.71,2671164889
2016-04-15,2642.14,2649.65,2610.45,2617.89,5869508531
2016-04-18,2620.65,2656.63,2577.22,2613.09,2110745387
2016-04-19,2627.97,2629.2,2621.59,2622.82,3123151519
2016-04-20,2628.83,2650.76,2591.42,2613.22,2607090077
2016-04-21,2617.9,2634.46,2582.13,2598.58,3706635654
2016-04-22,2604.38,2611.06,2598.23,2604.92,4455864381
2016-04-25,2602.27,2618.27,2595.32,2611.3,4389461298
2016-04-26,2614.89,2618.12,2599.64,2602.86,3503254102
2016-04-27,2595.13,2599.89,2590.39,2595.15,3976971069
2016-04-28,2586.48,2622.35,2565.5,2601.26,4226723916
2016-04-29,2607.37,2612.91,2568.99,2574.47,4667066644
2016-05-02,2578.72,2589.25,2538.34,2548.74,6008241246
2016-05-03,2549.88,2570.94,2515.5,2536.45,4847943064
2016-05-04,2520.57,2534.05,2520.39,2533.86,3859623637
2016-05-05,2531.13,2597.57,2475.13,2541.34,3227566546
2016-05-06,2543.72,2580.97,2534.22,2571.37,7946068548
2016-05-09,2577.01,2622.21,2544.6,2589.64,5657028064
2016-05-10,2592.27,2595.95,2584.37,2588.05,4912720667
2016-05-11,2579.17,2611.8,2556.67,2589.22,4577412335
2016-05-12,2589.78,2591.46,2569.53,2571.2,4826893960
2016-05-13,2580.39,2584.27,2568.5,2572.37,3490890742
2016-05-16,2569.33,2598.1,2539.54,2568.29,3985735542
2016-05-17,2572.94,2607.76,2541.31,2576.1,3123251288
2016-05-18,2578.14,2642.21,2497.9,2561.56,6583094288
2016-05-19,2565.66,2577.07,2561.77,2573.17,5520157481
2016-05-20,2581.33,2636.44,2549.89,2604.71,7316165639
2016-05-23,2600.24,2612.32,2592.05,2604.12,3911132252
2016-05-24,2602.38,2637.98,2578.09,2613.59,5692670638
2016-05-25,2606.41,2667.01,2568.54,2628.83,3514169198
2016-05-26,2631.25,2634.95,2618.74,2622.43,3354837488
2016-05-27,2625.76,2663.98,2590.26,2628.44,3947047671
2016-05-30,2618.06,2668.02,2580.47,2630.25,3939306266
2016-05-31,2638.24,2694.5,2577.59,2633.76,3560381977
2016-06-01,2652.0,2738.0,2535.01,2619.97,4184342228
2016-06-02,2627.8,2630.59,2619.23,2622.02,6061748996
2016-06-03,2607.97,2676.61,2565.25,2633.48,3537260253
2016-06-06,2637.4,2679.63,2622.03,2664.11,7614134905
2016-06-07,2645.6,2717.31,2613.86,2685.1,6303767104
2016-06-08,2668.84,2753.4,2646.73,2730.78,6739568957
2016-06-09,2729.78,2751.43,2695.06,2716.6,3844843953
2016-06-10,2713.58,2740.57,2709.26,2736.21,3175427807
2016-06-13,2740.48,2761.23,2720.9,2741.63,4236428541
2016-06-14,2733.45,2793.74,2728.85,2789.05,6156482705
2016-06-15,2790.55,2851.3,2713.33,2773.71,6854816122
2016-06-16,2768.84,2809.65,2717.15,2757.8,4974341387
2016-06-17,2754.1,2788.6,2712.56,2746.97,3403242044
2016-06-20,2747.82,2801.93,2651.57,2704.83,11450760116
2016-06-21,2704.65,2712.15,2688.23,2695.71,4506395863
2016-06-22,2689.13,2689.43,2681.58,2681.88,5632789297
2016-06-23,2682.02,2692.59,2675.96,2686.53,2838318209
2016-06-24,2691.88,2730.21,2656.79,2695.08,3436271172
2016-06-27,2691.06,2762.6,2664.1,2735.2,4813419035
2016-06-28,2720.67,2777.51,2700.0,2756.56,5600194666
2016-06-29,2746.4,2796.7,2695.92,2746.2,2231333731
2016-06-30,2744.96,2747.33,2726.89,2729.24,4156335696
2016-07-01,2719.64,2769.62,2691.29,2741.04,4890945515
2016-07-04,2743.64,2758.74,2700.48,2715.43,3942965779
2016-07-05,2726.05,2759.92,2721.12,2754.93,7185695346
2016-07-06,2757.05,2792.73,2745.68,2781.26,4804692824
2016-07-07,2778.54,2778.76,2772.84,2773.06,3823280853
2016-07-08,2764.8,2770.66,2733.2,2739.01,4174650835
2016-07-11,2725.86,2807.28,2688.01,2768.83,3744617868
2016-07-12,2761.42,2772.5,2757.01,2768.08,4138306643
2016-07-13,2751.74,2796.74,2750.78,2795.77,6379742995
2016-07-14,2787.43,2810.03,2741.51,2763.92,6244653471
2016-07-15,2764.73,2788.41,2729.48,2753.06,2866376048
2016-07-18,2749.9,2804.21,2700.59,2754.81,3479521209
2016-07-19,2745.03,2768.4,2734.11,2757.43,3251829189
2016-07-20,2757.06,2764.49,2742.3,2749.7,4215826896
2016-07-21,2759.37,2782.85,2740.88,2764.32,3111556369
2016-07-22,2774.13,2787.65,2730.36,2743.74,5554383319
2016-07-25,2739.39,2747.97,2733.84,2742.42,4890805634
2016-07-26,2734.44,2785.63,2695.53,2746.55,3340196555
2016-07-27,2749.68,2793.04,2715.65,2758.89,3204762683
2016-07-28,2753.81,2784.04,2745.26,2775.42,3673742367
2016-07-29,2764.0,2791.06,2726.61,2753.57,7913070461
2016-08-01,2762.58,2785.46,2700.88,2723.44,4721784737
2016-08-02,2711.73,2755.63,2707.66,2751.51,4523319236
2016-08-03,2762.21,2775.84,2746.45,2760.07,2900931979
2016-08-04,2758.82,2768.9,2736.1,2746.13,2885442137
2016-08-05,2740.17,2796.62,2723.96,2780.18,5334130887
2016-08-08,2773.59,2796.85,2761.06,2784.27,3749257405
2016-08-09,2781.16,2816.93,2775.16,2810.87,4150453327
2016-08-10,2824.81,2833.84,2804.99,2813.98,3851785036
2016-08-11,2802.24,2888.35,2774.33,2859.86,6637085188
2016-08-12,2847.19,2931.61,2815.94,2899.79,4747331315
2016-08-15,2908.05,2942.71,2861.54,2896.06,4006896940
2016-08-16,2894.35,2963.88,2849.99,2919.14,5352622346
2016-08-17,2903.0,2940.32,2897.9,2935.16,3412982920
2016-08-18,2939.89,2969.36,2938.0,2967.46,2801845756
2016-08-19,2968.73,2973.54,2942.86,2947.64,6028731173
2016-08-22,2952.79,2985.27,2932.34,2964.73,3549113851
2016-08-23,2961.24,3047.38,2904.74,2990.33,6758447580
2016-08-24,2996.7,3038.46,2911.45,2952.59,6509061351
2016-08-25,2947.67,2958.86,2916.93,2928.04,4771290929
2016-08-26,2919.76,2968.5,2836.82,2884.97,9891280687
2016-08-29,2896.44,2905.77,2871.54,2880.81,2460352210
2016-08-30,2874.45,2915.19,2857.61,2898.21,2978116164
2016-08-31,2906.98,2939.46,2900.63,2933.05,4339602372
2016-09-01,2932.25,2980.46,2888.29,2936.45,3606336893
2016-09-02,2944.81,2990.9,2928.66,2974.59,5656887032
2016-09-05,2976.59,3031.82,2890.82,2945.47,4706119348
2016-09-06,2943.15,2990.58,2862.63,2909.52,5106923857
2016-09-07,2913.56,2941.53,2882.08,2910.03,2478567752
2016-09-08,2915.89,2925.26,2910.87,2920.23,6503735420
2016-09-09,2926.89,2952.87,2895.32,2921.24,3625685941
2016-09-12,2932.19,2943.58,2866.48,2877.66,4110285043
2016-09-13,2870.99,2887.49,2860.96,2877.43,3937017810
2016-09-14,2872.28,2907.61,2815.82,2850.89,2500155637
2016-09-15,2858.71,2878.89,2846.92,2867.07,5275930571
2016-09-16,2864.66,2889.05,2852.39,2876.74,2786045341
2016-09-19,2869.54,2884.32,2843.34,2858.07,8933123330
2016-09-20,2853.09,2869.37,2832.43,2848.69,3392632510
2016-09-21,2846.64,2849.28,2825.02,2827.65,6706313701
2016-09-22,2821.44,2833.27,2816.18,2827.99,6208679608
2016-09-23,2834.52,2851.59,2833.12,2850.18,4055823860
2016-09-26,2852.84,2863.2,2820.43,2830.71,2666137425
2016-09-27,2841.67,2900.5,2784.4,2843.21,3791188102
2016-09-28,2846.17,2877.54,2802.28,2833.52,4205264099
2016-09-29,2835.15,2845.23,2808.24,2818.26,5173688668
2016-09-30,2823.07,2863.92,2776.88,2817.66,2581837448
2016-10-03,2831.53,2870.11,2759.25,2797.36,12267872482
2016-10-04,2799.4,2830.85,2756.02,2787.34,2210507585
2016-10-05,2782.75,2798.15,2748.57,2763.86,8868976272
2016-10-06,2749.85,2828.62,2728.55,2806.88,5385417430
2016-10-07,2813.21,2868.78,2753.8,2809.3,1964869399
2016-10-10,2791.79,2796.94,2790.99,2796.14,3925561228
2016-10-11,2799.17,2848.39,2753.17,2802.34,3000113587
2016-10-12,2802.49,2803.36,2800.75,2801.63,4084365062
2016-10-13,2806.61,2844.97,2760.36,2798.62,1638542485
2016-10-14,2794.52,2831.03,2776.91,2813.31,5340801061
2016-10-17,2801.45,2831.79,2800.82,2831.15,3427795224
2016-10-18,2830.48,2836.11,2815.9,2821.5,3444122582
2016-10-19,2827.4,2840.99,2797.4,2810.92,3559509735
2016-10-20,2829.22,2831.71,2804.28,2806.75,2452805296
2016-10-21,2813.35,2865.45,2708.87,2759.98,5254522586
2016-10-24,2753.51,2762.27,2721.48,2730.17,4995331894
2016-10-25,2736.74,2804.29,2692.99,2760.17,7010116915
2016-10-26,2750.64,2835.97,2711.68,2796.37,2466312448
2016-10-27,2804.39,2827.09,2770.17,2792.77,4350214607
2016-10-28,2792.58,2812.86,2786.4,2806.64,3551546332
2016-10-31,2813.09,2820.69,2807.33,2814.93,2473164274
2016-11-01,2822.8,2891.56,2814.34,2882.93,6778239473
2016-11-02,2907.27,2929.54,2886.9,2909.16,4928508715
2016-11-03,2902.72,2919.52,2891.3,2908.08,3764270564
2016-11-04,2909.78,2923.17,2875.57,2888.87,3431797638
2016-11-07,2901.54,2907.53,2849.8,2855.7,6316358536
2016-11-08,2853.67,2889.33,2826.21,2861.8,4850506159
2016-11-09,2853.63,2861.6,2839.22,2847.17,4837220851
2016-11-10,2841.77,2869.95,2790.45,2818.4,5585716661
2016-11-11,2808.35,2816.7,2797.99,2806.33,5832173259
2016-11-14,2800.4,2816.42,2769.21,2785.14,3043061631
2016-11-15,2781.41,2826.66,2777.38,2822.57,6037533234
2016-11-16,2805.57,2853.46,2795.38,2843.13,4245841377
2016-11-17,2848.54,2857.24,2835.96,2844.65,2914505331
2016-11-18,2828.34,2926.69,2780.86,2878.37,8242459553
2016-11-21,2885.79,2892.27,2875.3,2881.77,3796321656
2016-11-22,2878.42,2911.22,2832.13,2864.77,3261816376
2016-11-23,2863.8,2940.86,2823.12,2899.67,6005248207
2016-11-24,2890.7,2949.21,2855.0,2913.24,5161493478
2016-11-25,2912.09,2929.27,2875.15,2892.21,4872497496
2016-11-28,2885.45,2933.13,2842.16,2889.77,5470657930
2016-11-29,2889.23,2914.83,2846.96,2872.42,4898748500
2016-11-30,2884.11,2892.59,2835.87,2844.24,4920298517
2016-12-01,2854.02,2872.57,2847.4,2865.93,3824805284
2016-12-02,2852.77,2954.68,2808.3,2909.33,9995166800
2016-12-05,2907.21,2918.04,2869.71,2880.44,2975630741
2016-12-06,2871.46,2907.62,2858.4,2894.45,3624187689
2016-12-07,2902.77,2906.75,2878.01,2881.97,4530084429
2016-12-08,2872.49,2881.92,2863.66,2873.08,3102095284
2016-12-09,2866.75,2918.31,2810.47,2861.95,6869239080
2016-12-12,2861.97,2868.92,2838.09,2845.01,6257426854
2016-12-13,2844.06,2883.97,2807.89,2847.75,3265034560
2016-12-14,2850.64,2852.23,2830.02,2831.6,5873048924
2016-12-15,2836.86,2839.21,2836.74,2839.09,6476910332
2016-12-16,2841.74,2852.58,2828.87,2839.7,2242980995
2016-12-19,2843.01,2917.8,2761.65,2836.26,3607825354
2016-12-20,2838.33,2852.94,2804.04,2818.55,4513884942
2016-12-21,2819.27,2851.07,2776.29,2807.96,3323959921
2016-12-22,2806.13,2853.7,2778.34,2825.72,5391201027
2016-12-23,2820.21,2851.68,2806.74,2838.13,4375928724
2016-12-26,2842.21,2842.58,2818.55,2818.91,4325939396
2016-12-27,2815.25,2874.54,2763.55,2822.7,4740043027
2016-12-28,2820.62,2848.92,2812.23,2840.47,6181548628
2016-12-29,2827.33,2847.46,2786.54,2806.52,5340587754
2016-12-30,2798.39,2833.4,2784.84,2819.75,4101397990
2017-01-02,2819.67,2833.53,2793.54,2807.33,4684553282
2017-01-03,2804.45,2872.31,2753.59,2821.15,4738623764
2017-01-04,2813.98,2828.31,2792.3,2806.59,3696507074
2017-01-05,2809.61,2823.07,2756.94,2770.2,11701607503
2017-01-06,2766.74,2786.55,2718.36,2737.96,5444779871
2017-01-09,2740.13,2751.43,2729.28,2740.59,5391450802
2017-01-10,2720.96,2814.28,2654.94,2747.61,3402061753
2017-01-11,2734.7,2764.71,2700.55,2730.51,1862751423
2017-01-12,2732.51,2761.04,2716.9,2745.36,3207861405
2017-01-13,2737.37,2764.35,2685.97,2712.71,5782421932
2017-01-16,2716.73,2733.74,2695.98,2712.97,1493540747
2017-01-17,2703.8,2726.97,2666.8,2689.85,4627917826
2017-01-18,2696.28,2710.79,2663.81,2678.22,2437637679
2017-01-19,2682.71,2683.93,2679.55,2680.77,6400220571
2017-01-20,2683.38,2696.31,2652.14,2664.98,2639151473
2017-01-23,2671.73,2735.64,2595.23,2658.83,3898044792
2017-01-24,2647.87,2712.32,2616.67,2680.72,5768416832
2017-01-25,2684.1,2734.26,2620.74,2670.65,4518800570
2017-01-26,2658.06,2689.4,2657.84,2689.17,7073055547
2017-01-27,2693.24,2709.7,2651.6,2667.89,3059777934
2017-01-30,2679.38,2711.81,2647.78,2680.19,3879063732
2017-01-31,2679.57,2750.58,2640.62,2711.17,3171516657
2017-02-01,2706.38,2730.52,2638.82,2662.57,8219861540
2017-02-02,2650.25,2650.92,2647.49,2648.16,4674856739
2017-02-03,2652.08,2719.77,2593.83,2661.32,4292844129
2017-02-06,2663.0,2691.64,2630.23,2658.82,3902178602
2017-02-07,2660.69,2697.0,2631.64,2667.88,5586961160
2017-02-08,2679.28,2701.68,2635.09,2657.31,4080996334
2017-02-09,2665.26,2688.92,2637.01,2660.63,3412140099
2017-02-10,2658.3,2679.28,2638.11,2659.08,3537707522
2017-02-13,2661.4,2697.51,2648.27,2684.26,2829620005
2017-02-14,2691.74,2721.92,2660.85,2691.03,3787575007
2017-02-15,2680.06,2713.65,2666.02,2699.51,2929954321
2017-02-16,2698.69,2753.25,2638.28,2692.72,3293088627
2017-02-17,2692.17,2718.19,2658.46,2684.41,4507094109
2017-02-20,2672.23,2733.28,2616.3,2677.24,5618642679
2017-02-21,2670.98,2712.98,2644.99,2686.83,4385369212
2017-02-22,2688.33,2700.63,2667.63,2679.89,6216140322
2017-02-23,2683.98,2703.64,2667.73,2687.37,3504585896
2017-02-24,2685.69,2772.02,2645.83,2731.49,9119220439
2017-02-27,2722.84,2793.18,2681.26,2751.17,4940192347
2017-02-28,2744.63,2773.07,2717.6,2746.03,3370406941
2017-03-01,2738.01,2810.59,2700.62,2772.73,6413357618
2017-03-02,2759.44,2801.99,2723.36,2765.84,3257867052
2017-03-03,2764.2,2784.43,2705.22,2725.17,5299461307
2017-03-06,2710.9,2712.1,2704.89,2706.09,5486065576
2017-03-07,2702.77,2713.13,2659.45,2669.68,7938657246
2017-03-08,2678.72,2708.92,2634.14,2664.18,4043996294
2017-03-09,2664.02,2675.11,2655.06,2666.14,3513626515
2017-03-10,2657.53,2734.72,2625.1,2701.75,4631442071
2017-03-13,2696.92,2738.13,2668.97,2710.05,5288714939
2017-03-14,2706.78,2753.18,2660.78,2707.17,4521585367
2017-03-15,2713.3,2757.27,2682.0,2725.82,4991220846
2017-03-16,2720.54,2733.41,2669.55,2682.24,3840240751
2017-03-17,2665.63,2702.15,2652.22,2688.62,3560242492
2017-03-20,2690.17,2731.41,2664.85,2705.94,8295778787
2017-03-21,2700.63,2728.32,2650.01,2677.46,5395852120
2017-03-22,2664.75,2703.6,2663.49,2702.32,3859315739
2017-03-23,2685.81,2726.05,2670.75,2710.85,4110100994
2017-03-24,2697.25,2710.7,2690.53,2703.96,4453834619
2017-03-27,2705.81,2738.01,2686.44,2718.55,4029802250
2017-03-28,2724.09,2783.63,2707.98,2767.26,7246392560
2017-03-29,2769.56,2795.58,2746.72,2772.72,5503331218
2017-03-30,2790.17,2806.81,2762.99,2779.58,3358834775
2017-03-31,2773.97,2774.87,2770.69,2771.59,4280855608
2017-04-03,2767.05,2815.26,2707.48,2755.48,3257276803
2017-04-04,2763.7,2778.24,2759.96,2774.48,5708275221
2017-04-05,2791.48,2857.69,2692.81,2758.23,4947766534
2017-04-06,2759.53,2782.81,2738.1,2761.37,3899608551
2017-04-07,2763.0,2781.43,2734.69,2753.05,3356697041
2017-04-10,2747.38,2775.86,2736.27,2764.68,2757273337
2017-04-11,2769.54,2777.36,2765.5,2773.31,4721304306
2017-04-12,2776.01,2819.75,2753.25,2796.82,4241639946
2017-04-13,2785.43,2811.12,2762.04,2787.71,3106726925
2017-04-14,2796.74,2823.71,2756.85,2783.69,4979605100
2017-04-17,2792.64,2806.25,2751.34,2764.81,3603044158
2017-04-18,2763.77,2773.41,2747.57,2757.18,5135848454
2017-04-19,2754.0,2769.89,2750.83,2766.7,4826208805
2017-04-20,2761.16,2808.63,2736.97,2784.24,4521950416
2017-04-21,2763.37,2795.83,2734.12,2766.54,4901840887
2017-04-24,2768.72,2803.41,2751.86,2786.45,2649134395
2017-04-25,2767.9,2826.71,2758.19,2816.83,8140466682
2017-04-26,2827.43,2858.14,2796.62,2827.33,5513125786
2017-04-27,2817.72,2895.27,2792.34,2869.43,6761573285
2017-04-28,2870.31,2894.55,2830.29,2854.39,3823511689
2017-05-01,2835.29,2885.8,2778.95,2829.35,5397192195
2017-05-02,2824.65,2840.51,2777.54,2793.22,7083446340
2017-05-03,2790.94,2859.84,2758.19,2826.67,5040931781
2017-05-04,2815.16,2856.6,2801.08,2842.38,4779290270
2017-05-05,2848.18,2863.9,2827.19,2842.88,1974770022
2017-05-08,2835.39,2872.3,2813.8,2850.6,4095433922
2017-05-09,2863.4,2877.16,2814.53,2828.13,4210668310
2017-05-10,2837.88,2896.96,2823.76,2882.62,7476024925
2017-05-11,2885.11,2923.75,2848.54,2887.15,2667907866
2017-05-12,2873.71,2929.81,2835.4,2891.26,4572560412
2017-05-15,2907.3,2943.47,2872.75,2908.9,5877839361
2017-05-16,2903.84,2955.2,2870.07,2921.23,2997420883
2017-05-17,2924.89,2952.81,2900.03,2927.92,4028106331
2017-05-18,2930.76,2942.12,2900.93,2912.21,6528287045
2017-05-19,2916.97,2962.22,2879.19,2924.35,5449026545
2017-05-22,2920.31,2983.28,2905.29,2968.02,7646512348
2017-05-23,2977.4,3041.98,2935.88,3000.14,3762459516
2017-05-24,2992.54,3046.99,2983.98,3038.3,6743256267
2017-05-25,3023.77,3029.41,3022.74,3028.39,4619889175
2017-05-26,3036.39,3053.94,2990.22,3007.61,4706829023
2017-05-29,2998.97,3018.42,2987.11,3006.54,2984965375
2017-05-30,3014.26,3028.09,2995.79,3009.59,6083320354
2017-05-31,3019.32,3060.85,2995.01,3036.4,2634809552
2017-06-01,3027.66,3063.82,2963.76,2999.58,3755422558
2017-06-02,3003.3,3084.35,2955.74,3036.27,5277527430
2017-06-05,3042.56,3054.11,3022.94,3034.45,3903866670
2017-06-06,3033.82,3053.78,3006.57,3026.48,2773980660
2017-06-07,3021.13,3053.09,2973.41,3005.2,3575997053
2017-06-08,2996.97,3002.3,2964.32,2969.61,4927618674
2017-06-09,2972.71,3000.21,2962.48,2989.92,3584963783
2017-06-12,2999.56,3014.19,2978.76,2993.36,4295489713
2017-06-13,3003.96,3066.29,2904.53,2966.08,7192059823
2017-06-14,2972.88,3014.14,2898.14,2938.93,5028308724
2017-06-15,2940.41,2956.62,2917.07,2933.23,5099002198
2017-06-16,2925.5,2987.12,2910.85,2972.24,7262145126
2017-06-19,2974.17,2993.13,2949.25,2968.18,3413975582
2017-06-20,2975.0,2981.51,2929.96,2936.39,3940982434
2017-06-21,2920.35,2989.73,2863.54,2932.69,3110149740
2017-06-22,2937.83,2948.7,2917.55,2928.39,3645067773
2017-06-23,2931.99,2933.68,2869.35,2871.0,6497115864
2017-06-26,2878.23,2918.33,2831.53,2871.53,4589670416
2017-06-27,2870.85,2898.58,2840.52,2868.23,3382289004
2017-06-28,2871.33,2914.09,2842.45,2885.08,3851102439
2017-06-29,2875.82,2946.62,2856.97,2927.43,10132903715
2017-06-30,2929.36,2980.71,2903.1,2954.23,6460546079
2017-07-03,2961.78,2978.68,2933.15,2949.98,2594545212
2017-07-04,2950.11,2992.95,2884.65,2927.15,4063476070
2017-07-05,2934.26,2995.36,2925.48,2986.43,5881272118
2017-07-06,2984.44,3011.95,2962.08,2989.54,2587014925
2017-07-07,2984.46,3046.1,2930.13,2991.64,4649107244
2017-07-10,2982.8,2999.14,2976.55,2992.87,3565876355
2017-07-11,2991.18,3022.66,2967.73,2999.14,5530112232
2017-07-12,3007.41,3038.13,2967.03,2997.66,3124782190
2017-07-13,2992.14,3024.45,2954.21,2986.46,4406657908
2017-07-14,2967.01,2992.15,2950.81,2975.91,4109245790
2017-07-17,2973.44,2981.65,2968.73,2976.95,5245539559
2017-07-18,2988.65,3001.25,2954.0,2966.51,3856584079
2017-07-19,2981.06,3009.01,2924.65,2952.32,6430903161
2017-07-20,2950.08,2988.75,2917.86,2956.46,3376574354
2017-07-21,2962.55,2977.04,2938.08,2952.52,2902524743
2017-07-24,2934.63,2990.09,2932.64,2988.06,8621297690
2017-07-25,2988.56,3003.87,2915.51,2930.52,6290389862
2017-07-26,2905.57,2990.44,2872.28,2956.56,5023001906
2017-07-27,2952.54,2989.48,2949.41,2986.32,8816172432
2017-07-28,2993.23,3019.79,2915.53,2941.63,6831088782
2017-07-31,2935.74,2972.8,2898.7,2935.76,3089366142
2017-08-01,2939.51,2971.73,2897.17,2929.28,2445400169
2017-08-02,2932.67,2948.49,2884.36,2900.0,6760124107
2017-08-03,2874.65,2904.31,2855.12,2884.72,5176811595
2017-08-04,2867.26,2902.25,2827.37,2862.3,2079996649
2017-08-07,2863.41,2925.82,2840.1,2902.2,5534556976
2017-08-08,2907.74,2965.16,2867.35,2924.54,7863313876
2017-08-09,2924.23,2995.69,2883.51,2954.54,3254699674
2017-08-10,2952.34,2979.29,2945.56,2972.47,5501684324
2017-08-11,2978.03,2979.39,2947.62,2948.96,6038209044
2017-08-14,2946.17,3009.66,2875.71,2939.04,3083813151
2017-08-15,2931.97,2958.96,2924.75,2951.69,6631768211
2017-08-16,2946.68,2955.03,2918.0,2926.29,4351633709
2017-08-17,2924.91,2965.01,2903.89,2943.86,3751103571
2017-08-18,2936.3,2989.23,2887.4,2940.26,3753591196
2017-08-21,2925.87,2952.83,2906.79,2933.69,4494784469
2017-08-22,2940.93,2982.39,2909.9,2951.26,3404716378
2017-08-23,2961.05,2983.47,2940.53,2962.95,5428041127
2017-08-24,2960.89,2968.33,2949.2,2956.63,3258259109
2017-08-25,2950.43,3028.33,2907.03,2984.43,3764097908
2017-08-28,2977.3,2997.11,2942.2,2961.91,3629110818
2017-08-29,2957.61,3020.48,2914.92,2977.5,4310667580
2017-08-30,2986.0,2999.94,2978.74,2992.66,5140330846
2017-08-31,2990.88,2996.59,2981.74,2987.44,4434649512
2017-09-01,2988.58,3034.73,2950.54,2996.6,3505789548
2017-09-04,2983.61,3013.23,2940.67,2970.16,6168449747
2017-09-05,2975.31,3010.06,2958.11,2992.76,4643795003
2017-09-06,2988.42,3032.43,2946.37,2990.36,4848571811
2017-09-07,2984.9,2986.06,2979.19,2980.34,4882470078
2017-09-08,2983.53,3018.17,2971.31,3005.86,5115091072
2017-09-11,3027.39,3028.54,2990.54,2991.68,6173638459
2017-09-12,2992.68,3014.31,2940.35,2961.76,7114237348
2017-09-13,2961.99,2977.33,2913.68,2928.85,4980221421
2017-09-14,2900.99,2946.43,2898.65,2944.05,4693186367
2017-09-15,2958.12,2972.57,2903.18,2917.43,5119304573
2017-09-18,2916.99,2993.32,2882.31,2958.15,4329429136
2017-09-19,2960.73,2974.74,2899.9,2913.69,8197249044
2017-09-20,2913.99,2976.41,2890.94,2953.05,3883186281
2017-09-21,2957.65,2980.29,2936.9,2959.53,4506095665
2017-09-22,2963.21,2963.26,2959.08,2959.13,5702096723
2017-09-25,2960.36,2968.8,2940.31,2948.72,2971932484
2017-09-26,2949.58,2985.08,2923.97,2959.39,5754509180
2017-09-27,2957.29,2967.89,2949.71,2960.31,3145947923
2017-09-28,2962.93,3002.85,2947.08,2986.88,3231413722
2017-09-29,2980.92,3029.55,2942.73,2991.24,4663343755
2017-10-02,2997.24,3035.3,2958.37,2996.42,4652351901
2017-10-03,2987.48,3001.46,2976.0,2989.98,4178225651
2017-10-04,2987.71,3025.85,2952.36,2990.47,4805646736
2017-10-05,2990.6,3023.11,2966.78,2999.22,2994226407
2017-10-06,2999.39,3018.76,2943.33,2962.46,2820760280
2017-10-09,2962.24,2985.43,2911.2,2934.17,7429125727
2017-10-10,2906.2,2984.79,2874.37,2952.46,4988031426
2017-10-11,2937.48,2966.66,2928.92,2958.03,2855843541
2017-10-12,2955.32,3037.12,2873.89,2955.68,4531518887
2017-10-13,2937.15,2977.1,2918.03,2957.85,3447868884
2017-10-16,2954.3,2975.28,2946.46,2967.4,3926580999
2017-10-17,2966.06,2973.9,2949.26,2957.08,2812824468
2017-10-18,2939.78,2955.78,2925.49,2941.48,2392313882
2017-10-19,2945.95,2969.38,2924.18,2947.59,3797295285
2017-10-20,2941.33,2982.38,2886.76,2927.61,4334601316
2017-10-23,2921.12,2985.31,2874.51,2938.41,5040055752
2017-10-24,2934.71,2976.6,2861.13,2902.56,7087075313
2017-10-25,2908.31,2983.0,2852.64,2926.97,3901464317
2017-10-26,2924.8,2948.23,2915.81,2939.2,6285048465
2017-10-27,2944.73,2972.41,2918.98,2946.65,3625726418
2017-10-30,2945.02,2975.09,2940.36,2970.38,3805238851
2017-10-31,2969.83,3010.23,2969.41,3009.81,6243256909
2017-11-01,3017.01,3037.35,3014.46,3034.78,6525008748
2017-11-02,3042.69,3074.66,2963.16,2994.62,4084917294
2017-11-03,3000.19,3017.83,2950.12,2967.56,2867953601
2017-11-06,2963.39,2966.15,2952.59,2955.34,3362793030
2017-11-07,2949.54,2997.64,2909.7,2957.68,2856817996
2017-11-08,2963.77,2973.3,2961.52,2971.05,4110525634
2017-11-09,2975.78,3010.49,2922.07,2956.55,2266118252
2017-11-10,2951.57,2978.18,2935.94,2962.49,4446878497
2017-11-13,2985.15,3063.5,2870.01,2947.38,5154141782
2017-11-14,2957.82,2962.23,2931.16,2935.53,8493675598
2017-11-15,2943.89,2969.52,2880.91,2906.21,5466862967
2017-11-16,2902.06,2906.17,2883.63,2887.72,3603643292
2017-11-17,2876.02,2895.78,2840.41,2860.06,5067282712
2017-11-20,2861.7,2909.91,2792.88,2840.73,4635987466
2017-11-21,2836.28,2869.36,2832.12,2865.15,12579854605
2017-11-22,2854.46,2893.28,2807.65,2846.36,4988365100
2017-11-23,2837.7,2922.96,2820.44,2905.29,4740616721
2017-11-24,2899.36,2930.5,2886.82,2917.89,5690836603
2017-11-27,2929.91,2959.03,2894.65,2923.71,2980272352
2017-11-28,2929.25,2943.18,2892.71,2906.53,3930485332
2017-11-29,2920.56,2946.26,2898.02,2923.69,4850592385
2017-11-30,2916.48,2935.03,2894.21,2912.73,2883739373
2017-12-01,2911.65,2933.77,2895.07,2917.15,2736373133
2017-12-04,2902.38,2976.22,2902.09,2975.93,4995744846
2017-12-05,2981.32,3001.32,2955.58,2975.54,3132163362
2017-12-06,2966.37,3033.86,2936.18,3003.29,4581630319
2017-12-07,3011.65,3031.06,2969.88,2989.15,3727340488
2017-12-08,2991.55,3026.06,2955.65,2990.14,2779037710
2017-12-11,3002.02,3047.95,2986.47,3032.24,7621503924
2017-12-12,3020.67,3025.44,3014.93,3019.7,4501872079
2017-12-13,3016.29,3095.73,2984.24,3063.18,9001537903
2017-12-14,3078.46,3121.28,3038.67,3081.44,4975847183
2017-12-15,3094.51,3112.69,3052.16,3070.19,4734572748
2017-12-18,3066.06,3102.22,3050.69,3086.74,4770221788
2017-12-19,3085.42,3151.53,3045.6,3111.37,6795813698
2017-12-20,3125.69,3196.43,3057.2,3127.89,6198929243
2017-12-21,3132.99,3147.4,3078.6,3092.82,5478216125
2017-12-22,3101.94,3140.1,3039.85,3077.7,2863182008
2017-12-25,3075.8,3093.87,3055.73,3073.78,3816951272
2017-12-26,3089.9,3112.4,3051.5,3073.88,4789418007
2017-12-27,3061.57,3113.03,3038.92,3090.17,3941740690
2017-12-28,3092.4,3109.62,3078.96,3096.17,5591318113
2017-12-29,3105.18,3129.7,3042.67,3066.9,5694177929
2018-01-01,3065.1,3120.31,3022.51,3077.56,5644881777
2018-01-02,3082.2,3112.41,3080.61,3110.8,4889766156
2018-01-03,3109.65,3173.74,3077.63,3141.39,5718823352
2018-01-04,3139.17,3224.68,3118.59,3203.67,5232075437
2018-01-05,3200.84,3288.38,3165.02,3251.98,9461523548
2018-01-08,3251.19,3327.83,3201.49,3277.72,3605824487
2018-01-09,3263.24,3339.0,3195.18,3270.78,2563431953
2018-01-10,3271.92,3317.02,3123.53,3167.19,10264241735
2018-01-11,3155.81,3261.32,3085.74,3190.48,6239937816
2018-01-12,3189.07,3209.66,3179.92,3200.48,4795457479
2018-01-15,3198.36,3266.98,3146.04,3214.4,4348841951
2018-01-16,3237.47,3243.7,3129.24,3135.28,4187692768
2018-01-17,3134.2,3155.61,3048.47,3069.44,8551233349
2018-01-18,3068.99,3149.23,3048.81,3128.66,8472352464
2018-01-19,3136.24,3233.87,3026.6,3123.84,2922902530
2018-01-22,3119.59,3175.22,3106.37,3161.82,3276389369
2018-01-23,3168.77,3179.23,3150.57,3161.01,2418952795
2018-01-24,3165.63,3198.82,3127.14,3160.27,2840534480
2018-01-25,3175.43,3218.81,3170.93,3214.26,8055398933
2018-01-26,3211.97,3212.25,3180.26,3180.54,5469824262
2018-01-29,3160.46,3200.09,3144.28,3183.79,6788938114
2018-01-30,3187.6,3192.55,3148.7,3153.6,5078720686
2018-01-31,3151.84,3175.01,3102.35,3125.33,3141422077
2018-02-01,3113.75,3184.66,3033.96,3104.66,3420277081
2018-02-02,3116.65,3130.37,3101.53,3115.24,4113615931
2018-02-05,3126.97,3165.62,3046.6,3084.74,6502711043
2018-02-06,3091.36,3173.31,3074.71,3156.31,15411197690
2018-02-07,3149.81,3218.63,3033.18,3100.93,10738763928
2018-02-08,3105.58,3117.48,3075.72,3087.55,2562189084
2018-02-09,3080.02,3085.27,3054.36,3059.57,6529410290
2018-02-12,3040.53,3175.55,3007.96,3141.9,8092865882
2018-02-13,3140.14,3186.44,3104.91,3151.09,4991808687
2018-02-14,3154.32,3221.86,3143.24,3210.59,6244122344
2018-02-15,3199.78,3238.71,3081.28,3119.23,10579956785
2018-02-16,3117.93,3133.13,3117.32,3132.52,3737470894
2018-02-19,3142.36,3192.82,3132.77,3183.11,5700182793
2018-02-20,3190.21,3232.99,3142.81,3185.53,3416654190
2018-02-21,3200.89,3248.76,3199.89,3247.74,6842519993
2018-02-22,3236.26,3245.62,3204.31,3213.6,5008478133
2018-02-23,3198.6,3317.82,3179.11,3297.72,8520307840
2018-02-26,3298.13,3444.89,3294.81,3441.42,14965761598
2018-02-27,3456.68,3468.24,3403.77,3415.19,3591619658
2018-02-28,3416.05,3420.7,3379.27,3383.87,3709374522
2018-03-01,3407.47,3508.57,3374.88,3475.34,8126164285
2018-03-02,3476.22,3595.88,3458.67,3577.81,6930607659
2018-03-05,3570.23,3635.24,3475.37,3539.82,3535603075
2018-03-06,3538.59,3598.9,3449.24,3509.03,4532851147
2018-03-07,3497.22,3528.32,3456.62,3487.63,3631442249
2018-03-08,3498.39,3500.77,3395.12,3397.43,9398459721
2018-03-09,3398.23,3406.67,3328.03,3336.31,7528879496
2018-03-12,3326.0,3332.71,3264.4,3271.0,7056650663
2018-03-13,3271.8,3306.92,3186.74,3221.32,5348536538
2018-03-14,3220.94,3302.73,3134.97,3216.66,2463155067
2018-03-15,3221.67,3232.7,3217.35,3228.36,6832336018
2018-03-16,3213.04,3341.3,3194.1,3321.72,10846165966
2018-03-19,3317.38,3363.18,3212.09,3257.05,6424424503
2018-03-20,3263.79,3317.88,3261.51,3315.58,5389587803
2018-03-21,3315.43,3324.51,3290.54,3299.57,4546106376
2018-03-22,3303.89,3307.12,3290.65,3293.88,4897887320
2018-03-23,3298.36,3346.59,3285.41,3333.51,3479278870
2018-03-26,3338.3,3339.98,3259.29,3260.93,9149021974
2018-03-27,3254.49,3304.7,3231.95,3281.98,3893941260
2018-03-28,3292.16,3309.82,3272.06,3289.71,3461522347
2018-03-29,3290.93,3347.96,3261.04,3317.83,4807120171
2018-03-30,3325.26,3340.41,3318.23,3333.37,4760427555
2018-04-02,3324.84,3568.31,3249.18,3488.91,13411949290
2018-04-03,3479.81,3498.23,3426.15,3444.38,5729306809
2018-04-04,3474.53,3479.31,3402.6,3407.28,5105039347
2018-04-05,3410.07,3448.61,3326.69,3364.72,3058813902
2018-04-06,3364.88,3367.98,3323.88,3326.94,6950038022
2018-04-09,3321.92,3354.26,3252.52,3284.5,5492960939
2018-04-10,3273.39,3382.19,3248.31,3356.48,8003989761
2018-04-11,3352.3,3488.94,3309.61,3445.07,5978894707
2018-04-12,3463.68,3482.72,3386.68,3405.4,3739942122
2018-04-13,3404.13,3467.21,3287.53,3349.6,6421817615
2018-04-16,3345.11,3384.27,3337.8,3376.89,4632754436
2018-04-17,3387.43,3399.88,3326.91,3339.18,3040084044
2018-04-18,3341.32,3389.14,3328.99,3376.68,4141334672
2018-04-19,3370.24,3445.6,3311.9,3386.96,3982573726
2018-04-20,3380.96,3399.75,3270.42,3288.71,4971833571
2018-04-23,3298.87,3398.13,3284.73,3383.62,7663926065
2018-04-24,3393.02,3527.26,3364.3,3497.65,8421827968
2018-04-25,3499.22,3517.07,3437.01,3454.64,7139335348
2018-04-26,3463.21,3545.7,3345.08,3426.7,6969073576
2018-04-27,3416.15,3459.95,3398.87,3442.53,4387809066
2018-04-30,3431.39,3465.32,3427.71,3461.61,4238369307
2018-05-01,3465.35,3516.16,3451.51,3502.18,6443731780
2018-05-02,3496.85,3645.47,3486.68,3634.9,8579179258
2018-05-03,3654.36,3698.17,3576.49,3619.89,4241165925
2018-05-04,3609.8,3617.92,3554.85,3562.86,15148621152
2018-05-07,3558.27,3596.46,3431.2,3468.43,9290137072
2018-05-08,3478.4,3499.28,3397.62,3418.14,10416251210
2018-05-09,3407.31,3430.56,3390.06,3413.29,3470358250
2018-05-10,3434.47,3539.09,3423.89,3528.23,6111964841
2018-05-11,3530.13,3572.59,3449.13,3491.11,6879745544
2018-05-14,3482.29,3506.7,3478.74,3503.13,5137396181
2018-05-15,3513.34,3536.33,3476.36,3499.26,3678490878
2018-05-16,3482.9,3597.35,3462.01,3575.9,9323154422
2018-05-17,3565.54,3763.72,3550.43,3747.83,9969866673
2018-05-18,3731.16,3748.57,3690.17,3707.48,4221069807
2018-05-21,3702.89,3744.87,3628.81,3670.43,4212504455
2018-05-22,3692.7,3801.47,3632.62,3740.61,9922378889
2018-05-23,3743.66,3815.61,3714.5,3786.11,6365575480
2018-05-24,3776.82,3964.13,3731.83,3917.47,13139261484
2018-05-25,3901.77,3979.48,3880.39,3957.8,6576407496
2018-05-28,3988.53,4040.01,3877.2,3927.9,3368055948
2018-05-29,3923.07,3996.57,3895.65,3968.84,6722432043
2018-05-30,3953.8,4109.2,3895.66,4049.66,5568422335
2018-05-31,4041.87,4112.92,4038.67,4109.67,7402609622
2018-06-01,4117.07,4188.54,4074.79,4145.97,8189040729
2018-06-04,4130.83,4244.61,4113.66,4227.04,10369934832
2018-06-05,4238.58,4344.19,4212.93,4318.06,11589613507
2018-06-06,4298.67,4449.04,4279.04,4428.81,6022264096
2018-06-07,4426.57,4539.14,4368.02,4479.89,5639550896
2018-06-08,4489.24,4523.31,4428.36,4462.22,4557242347
2018-06-11,4458.03,4480.39,4448.73,4471.06,4975305422
2018-06-12,4467.61,4595.84,4442.87,4570.54,10170649047
2018-06-13,4558.87,4564.75,4491.15,4496.95,5049504020
2018-06-14,4493.28,4569.09,4449.3,4524.8,6631957477
2018-06-15,4527.36,4563.81,4451.6,4487.73,4056436298
2018-06-18,4467.4,4498.28,4455.77,4486.6,3316947699
2018-06-19,4493.88,4601.57,4485.17,4592.68,8114962382
2018-06-20,4607.61,4662.83,4550.44,4605.63,4253157962
2018-06-21,4605.51,4615.16,4596.37,4606.02,3009045233
2018-06-22,4612.59,4622.64,4475.83,4485.6,4817491451
2018-06-25,4482.17,4570.19,4458.02,4545.7,6294750247
2018-06-26,4535.17,4652.7,4481.05,4597.84,4733214622
2018-06-27,4586.78,4810.43,4563.27,4785.9,9475270000
2018-06-28,4770.77,4807.54,4717.72,4754.37,5294488290
2018-06-29,4746.36,4851.5,4665.58,4770.31,3701325492
2018-07-02,4766.38,4869.25,4686.55,4789.05,2162665642
2018-07-03,4789.53,5028.59,4693.8,4930.05,10312302254
2018-07-04,4932.53,4951.04,4909.45,4927.96,5065396208
2018-07-05,4941.19,4969.99,4914.52,4943.32,2478883629
2018-07-06,4916.52,5019.18,4872.03,4974.16,4225383300
2018-07-09,4975.87,4987.62,4973.56,4985.32,3964837343
2018-07-10,4982.47,5028.69,4920.63,4966.69,2651302952
2018-07-11,4962.17,5046.05,4894.52,4978.18,3371667473
2018-07-12,4959.63,5111.28,4880.82,5031.34,3823026813
2018-07-13,5030.31,5085.46,4930.5,4985.14,5821117465
2018-07-16,5023.61,5060.77,4956.85,4993.79,1936759165
2018-07-17,4985.44,5015.79,4933.01,4963.22,3836449017
2018-07-18,4949.69,5053.1,4919.02,5021.98,9215231408
2018-07-19,5022.33,5064.63,4910.86,4952.57,8901672605
2018-07-20,4932.8,5007.41,4854.28,4928.83,2258476887
2018-07-23,4931.22,4983.4,4896.73,4948.79,4338933129
2018-07-24,4927.84,5032.43,4920.48,5024.93,7853674945
2018-07-25,5035.98,5048.05,5012.16,5024.2,1998031972
2018-07-26,5006.3,5021.89,4984.72,5000.29,3847659426
2018-07-27,5001.66,5119.61,4974.93,5092.39,5184898538
2018-07-30,5069.0,5069.31,5025.27,5025.58,8205865219
2018-07-31,5042.45,5052.8,4914.48,4924.59,6022105044
2018-08-01,4913.3,4973.37,4887.58,4947.46,5606955540
2018-08-02,4957.03,4992.2,4891.45,4926.39,3786508508
2018-08-03,4917.97,5015.14,4784.95,4881.41,3584291397
2018-08-06,4863.98,4918.2,4862.33,4916.53,6277170622
2018-08-07,4913.91,4934.71,4909.44,4930.22,4853385465
2018-08-08,4929.92,4977.44,4859.05,4906.35,3451066587
2018-08-09,4896.25,4983.11,4763.62,4849.66,4598388141
2018-08-10,4844.63,4897.37,4839.45,4892.13,6178089693
2018-08-13,4891.29,4954.81,4861.31,4924.62,6645169974
2018-08-14,4923.74,4940.57,4905.53,4922.35,2989077287
2018-08-15,4909.79,5043.12,4878.7,5011.38,5642607483
2018-08-16,5008.05,5045.89,4925.83,4963.33,3459279302
2018-08-17,4968.1,5055.94,4808.08,4894.63,3894256097
2018-08-20,4896.26,4917.89,4843.55,4865.05,7605533950
2018-08-21,4879.29,4933.36,4811.36,4865.27,5338146389
2018-08-22,4861.22,4909.46,4830.66,4878.79,2920704133
2018-08-23,4878.26,4888.18,4860.09,4870.0,4650552029
2018-08-24,4859.07,4941.85,4806.1,4888.56,2308588850
2018-08-27,4892.86,4893.9,4832.36,4833.39,5912460956
2018-08-28,4835.2,4918.13,4819.4,4902.11,9407464011
2018-08-29,4896.62,4919.35,4877.93,4900.64,3057493453
2018-08-30,4924.7,4963.43,4916.34,4955.01,5140304812
2018-08-31,4947.84,4974.44,4946.86,4973.45,5770843785
2018-09-03,4980.18,5095.28,4882.57,4997.34,4447702762
2018-09-04,4961.6,5028.56,4959.77,5026.71,5659144634
2018-09-05,5033.17,5057.2,5026.42,5050.43,3492661379
2018-09-06,5044.2,5103.16,5024.81,5083.61,6312443502
2018-09-07,5115.38,5169.82,5096.0,5150.31,6578930557
2018-09-10,5148.33,5228.2,5082.65,5162.35,3214268730
2018-09-11,5187.12,5313.62,5073.29,5199.52,5872583592
2018-09-12,5202.1,5229.84,5169.88,5197.59,2355077615
2018-09-13,5210.71,5296.8,5185.51,5271.31,4351381200
2018-09-14,5267.72,5401.08,5107.55,5240.22,4346321509
2018-09-17,5251.67,5339.93,5244.55,5332.7,7944496596
2018-09-18,5351.82,5365.67,5319.41,5333.21,2229766899
2018-09-19,5343.24,5370.2,5237.54,5264.1,3986775473
2018-09-20,5252.32,5352.23,5173.39,5272.99,3112000430
2018-09-21,5263.27,5302.92,5202.17,5241.66,3513631122
2018-09-24,5259.25,5318.31,5227.08,5285.98,4992916107
2018-09-25,5284.23,5293.71,5246.56,5255.98,6624474843
2018-09-26,5276.73,5316.26,5197.13,5236.36,4425284257
2018-09-27,5275.65,5284.11,5137.9,5146.15,4765626149
2018-09-28,5127.12,5145.26,5108.51,5126.64,5542015975
2018-10-01,5152.33,5239.36,4928.27,5012.95,10718891321
2018-10-02,5007.45,5017.35,4931.07,4940.83,3655955335
2018-10-03,4947.78,5080.19,4847.05,4978.83,4176538433
2018-10-04,4964.3,5084.97,4898.37,5018.33,5516208360
2018-10-05,5027.94,5049.64,5019.26,5040.94,4205882969
2018-10-08,5042.08,5115.24,4924.96,4997.47,6870403910
2018-10-09,5009.09,5010.56,4996.14,4997.6,2560932234
2018-10-10,4988.23,5001.12,4986.92,4999.81,4475973531
2018-10-11,5010.16,5011.74,4946.18,4947.74,7389531440
2018-10-12,4951.79,5055.64,4917.54,5020.91,4498693171
2018-10-15,5012.88,5065.26,5012.74,5065.12,4540433525
2018-10-16,5050.23,5075.91,5031.32,5056.97,2102369614
2018-10-17,5059.9,5094.47,5026.09,5060.66,2420976516
2018-10-18,5089.51,5090.31,5072.25,5073.05,5338931108
2018-10-19,5079.0,5162.48,4896.66,4978.49,9641977647
2018-10-22,4968.86,5005.21,4932.89,4969.24,1681893785
2018-10-23,4992.2,5051.42,4881.08,4939.67,3849490481
2018-10-24,4928.5,4941.01,4883.04,4895.47,5690036207
2018-10-25,4869.88,4939.76,4815.09,4884.81,4388780181
2018-10-26,4886.47,4984.61,4872.95,4970.86,7523831434
2018-10-29,4969.32,5012.85,4959.96,5003.43,4354475231
2018-10-30,5009.72,5058.33,4930.56,4978.87,4659528754
2018-10-31,4973.22,5071.92,4910.01,5008.27,5931970708
2018-11-01,5018.18,5079.26,5016.29,5077.35,10018647830
2018-11-02,5078.77,5177.56,5026.02,5124.34,4385717122
2018-11-05,5121.75,5260.66,4990.97,5129.67,3338880055
2018-11-06,5127.3,5147.32,5080.93,5100.84,4075296513
2018-11-07,5086.46,5228.46,4995.95,5137.05,5466244201
2018-11-08,5135.55,5247.16,5047.43,5158.64,4671546490
2018-11-09,5146.09,5254.52,5097.08,5204.94,5652657856
2018-11-12,5218.44,5277.56,5179.8,5238.77,4848967537
2018-11-13,5226.47,5309.3,5210.87,5293.5,6575628792
2018-11-14,5277.49,5387.51,5159.45,5269.3,3884869001
2018-11-15,5281.74,5350.21,5269.5,5337.85,4871396545
2018-11-16,5359.61,5511.45,5198.79,5350.37,4912143618
2018-11-19,5340.62,5554.07,5247.54,5458.92,11229021772
2018-11-20,5474.3,5553.55,5347.51,5426.07,4321826078
2018-11-21,5423.94,5523.02,5419.44,5518.44,9053565421
2018-11-22,5505.1,5579.85,5456.88,5531.4,5295050728
2018-11-23,5554.28,5556.74,5497.64,5500.08,3673907005
2018-11-26,5484.86,5487.86,5474.6,5477.6,4226142073
2018-11-27,5469.58,5550.45,5382.86,5463.64,2564915130
2018-11-28,5475.39,5526.28,5437.39,5488.2,2549708782
2018-11-29,5529.32,5603.07,5444.4,5518.0,4509706280
2018-11-30,5564.76,5600.43,5455.58,5490.79,2938808204
2018-12-03,5493.74,5494.85,5491.03,5492.14,5304392482
2018-12-04,5483.92,5627.29,5464.19,5607.11,5356784443
2018-12-05,5590.18,5721.6,5571.07,5702.11,6533053731
2018-12-06,5676.55,5760.71,5644.52,5728.39,6273175766
2018-12-07,5706.6,5761.71,5678.2,5733.18,3466693017
2018-12-10,5703.14,5746.35,5699.24,5742.42,4177440529
2018-12-11,5771.9,5839.07,5711.46,5778.56,5380468778
2018-12-12,5765.64,5788.7,5702.81,5725.71,4949606176
2018-12-13,5725.27,5760.35,5679.5,5714.52,3599928206
2018-12-14,5704.17,5707.5,5624.52,5627.81,5571594182
2018-12-17,5644.25,5769.65,5526.52,5651.77,4641439513
2018-12-18,5683.96,5733.15,5640.0,5689.14,4776612749
2018-12-19,5703.77,5762.87,5607.22,5665.93,4750362385
2018-12-20,5658.69,5776.27,5636.36,5753.56,7081236884
2018-12-21,5763.16,5778.24,5675.12,5690.02,3073923377
2018-12-24,5719.41,5744.23,5590.14,5614.5,4638047873
2018-12-25,5606.95,5663.09,5573.1,5629.1,2746723369
2018-12-26,5625.2,5813.38,5500.98,5687.78,5535904556
2018-12-27,5685.31,5784.79,5682.32,5781.76,6450623720
2018-12-28,5778.45,5837.56,5700.57,5759.48,3514873011
2018-12-31,5769.49,5837.62,5753.27,5821.26,8197944980
2019-01-01,5822.99,5859.56,5785.34,5821.91,3895688669
2019-01-02,5822.27,5880.06,5757.47,5815.19,2385011805
2019-01-03,5821.59,5970.53,5718.6,5866.74,4495809560
2019-01-04,5866.43,5917.77,5854.56,5905.83,3478241550
2019-01-07,5883.98,5886.64,5818.65,5821.28,9142558779
2019-01-08,5817.86,5985.96,5738.97,5905.88,4407134870
2019-01-09,5900.01,6020.4,5866.35,5986.25,5020242907
2019-01-10,5986.78,6037.86,5903.01,5953.81,5197320409
2019-01-11,5928.71,6037.63,5870.53,5978.96,4376346239
2019-01-14,5990.2,6028.96,5971.1,6009.8,4296027933
2019-01-15,5980.53,6039.85,5968.26,6027.49,7073918069
2019-01-16,6040.1,6050.02,5989.23,5999.08,3366809877
2019-01-17,5975.64,5994.04,5945.6,5963.97,5184830358
2019-01-18,5964.49,5986.61,5943.26,5965.37,4365894966
2019-01-21,5953.12,6109.1,5879.75,6034.72,6334667315
2019-01-22,6032.22,6196.02,5905.65,6068.68,5351950049
2019-01-23,6104.04,6110.57,6043.88,6050.35,2385667368
2019-01-24,6020.84,6103.3,6015.15,6097.53,2290901909
2019-01-25,6100.08,6118.23,5920.76,5938.42,7461384056
2019-01-28,5993.62,6012.47,5987.26,6006.1,5074288758
2019-01-29,5994.4,6024.97,5880.83,5910.98,6876287182
2019-01-30,5903.7,5917.77,5879.54,5893.58,6930661095
2019-01-31,5896.0,5965.41,5765.65,5834.33,2639039577
2019-02-01,5881.64,5902.88,5745.32,5766.14,5185975435
2019-02-04,5791.08,5896.86,5727.19,5832.51,5876486129
2019-02-05,5789.9,5858.46,5741.16,5809.56,5144678004
2019-02-06,5812.63,5878.9,5765.27,5831.39,2856741457
2019-02-07,5831.98,5847.45,5816.11,5831.58,3799925004
2019-02-08,5852.52,5926.05,5787.27,5860.71,3655343166
2019-02-11,5858.8,5966.02,5760.69,5867.76,3748827062
2019-02-12,5891.74,5901.2,5790.5,5799.82,5158973942
2019-02-13,5780.62,5864.47,5773.71,5857.46,6690720908
2019-02-14,5850.08,5860.86,5822.22,5832.98,2390593343
2019-02-15,5811.49,5895.43,5667.49,5750.55,5016898181
2019-02-18,5729.91,5750.59,5709.37,5730.06,2635083942
2019-02-19,5742.45,5938.16,5620.49,5814.66,5149891418
2019-02-20,5797.32,6036.02,5627.62,5864.36,3784263828
2019-02-21,5868.64,5901.82,5814.79,5847.85,3467836445
2019-02-22,5830.69,5867.07,5794.98,5831.36,2638907800
2019-02-25,5792.46,5921.03,5688.3,5816.44,3380150656
2019-02-26,5805.42,5952.39,5787.95,5934.53,10190125391
2019-02-27,5928.57,6032.0,5855.76,5958.82,2460708869
2019-02-28,5948.1,6019.86,5914.39,5985.93,3526064955
2019-03-01,5974.2,6089.57,5932.52,6047.37,4708123098
2019-03-04,6051.15,6102.46,6012.69,6063.92,4432388082
2019-03-05,6087.04,6142.47,5996.86,6051.98,2865547482
2019-03-06,6058.89,6156.91,5945.86,6043.63,2927720082
2019-03-07,6000.05,6061.84,5980.78,6042.42,5368071858
2019-03-08,6015.22,6083.8,5974.78,6043.18,2259930847
2019-03-11,6029.81,6189.57,5928.97,6087.77,3726807075
2019-03-12,6081.36,6231.74,5943.55,6093.66,3426934588
2019-03-13,6068.08,6182.83,6024.66,6138.91,3038763695
2019-03-14,6157.45,6185.22,6109.48,6137.15,2215861127
2019-03-15,6137.84,6211.09,6071.46,6144.64,5152488600
2019-03-18,6098.14,6102.43,6028.35,6032.58,6421353706
2019-03-19,6016.41,6152.48,5952.62,6087.94,4538380299
2019-03-20,6034.98,6121.58,6024.35,6110.81,6862184764
2019-03-21,6120.09,6227.28,6064.92,6171.65,5099263864
2019-03-22,6179.17,6256.88,5932.35,6007.9,7647478486
2019-03-25,6022.28,6185.33,5968.47,6130.55,4011242355
2019-03-26,6110.34,6164.95,6070.87,6125.39,5310705663
2019-03-27,6137.23,6202.8,6127.33,6192.82,5550681165
2019-03-28,6176.82,6285.07,6027.67,6135.18,6284208739
2019-03-29,6156.92,6184.04,6146.66,6173.75,5187760404
2019-04-01,6159.0,6218.54,6056.39,6115.51,5320345763
2019-04-02,6146.21,6288.44,5941.72,6082.47,5078455966
2019-04-03,6053.63,6272.46,5979.35,6196.43,9802817349
2019-04-04,6171.87,6326.31,6034.15,6188.22,4703744716
2019-04-05,6159.55,6203.97,6159.48,6203.9,4571202946
2019-04-08,6192.71,6310.26,6141.09,6258.09,7125056633
2019-04-09,6230.03,6395.31,6126.19,6290.47,4587169294
2019-04-10,6276.94,6304.01,6275.35,6302.42,4885551667
2019-04-11,6318.64,6360.79,6285.09,6327.2,4034987324
2019-04-12,6318.74,6514.64,6280.66,6475.62,13995003650
2019-04-15,6516.52,6569.47,6422.56,6475.18,3548895191
2019-04-16,6501.75,6591.18,6401.3,6490.58,4066602351
2019-04-17,6514.41,6614.28,6458.97,6558.46,5888431191
2019-04-18,6577.66,6669.76,6538.7,6630.49,5412651663
2019-04-19,6587.65,6754.48,6542.47,6708.47,6342084879
2019-04-22,6741.74,6795.42,6698.69,6752.3,5593136208
2019-04-23,6762.15,6778.37,6666.91,6682.94,3933164066
2019-04-24,6722.87,6900.34,6613.74,6790.12,7070556215
2019-04-25,6778.53,6886.34,6613.29,6720.17,4182389595
2019-04-26,6728.94,6745.38,6726.18,6742.62,3628518732
2019-04-29,6748.82,6785.12,6661.91,6697.93,3456882170
2019-04-30,6715.28,6750.12,6662.31,6697.06,3708679086
2019-05-01,6672.6,6798.57,6595.69,6721.09,4748977596
2019-05-02,6698.63,6823.68,6620.24,6744.75,3405165191
2019-05-03,6733.66,6838.74,6670.22,6774.91,4014633333
2019-05-06,6768.39,6939.9,6711.73,6882.29,3885201762
2019-05-07,6865.0,6993.97,6786.74,6915.14,4257627748
2019-05-08,6919.28,6950.17,6871.67,6902.49,5304787496
2019-05-09,6884.65,7002.35,6851.67,6968.97,9953250706
2019-05-10,6965.89,7064.8,6952.36,7051.1,7411389551
2019-05-13,7059.54,7077.15,6955.71,6973.1,11503515537
2019-05-14,6966.45,7035.22,6947.29,7015.91,4733890135
2019-05-15,6984.2,7141.63,6909.37,7065.92,2629933455
2019-05-16,7031.28,7090.82,6990.0,7049.43,3440991106
2019-05-17,7030.59,7180.97,6995.27,7145.07,3818254964
2019-05-20,7163.56,7168.52,7133.39,7138.34,2204015940
2019-05-21,7155.85,7214.54,7091.57,7150.22,5047290886
2019-05-22,7197.46,7285.16,7054.92,7141.94,3327685938
2019-05-23,7133.02,7154.22,7125.2,7146.39,3611235782
2019-05-24,7117.56,7226.66,6967.65,7076.12,4038984704
2019-05-27,7097.77,7195.52,6887.63,6983.81,5199492077
2019-05-28,6990.96,7153.81,6931.22,7093.2,9755702712
2019-05-29,7115.03,7120.33,7034.77,7040.01,10641866271
2019-05-30,7041.06,7083.17,6935.96,6977.69,6279656147
2019-05-31,7027.68,7053.35,6815.42,6840.41,7364801675
2019-06-03,6823.26,6841.88,6783.9,6802.47,6216961906
2019-06-04,6792.32,6851.22,6662.87,6721.15,6662594377
2019-06-05,6724.88,6932.53,6623.43,6829.5,7214897966
2019-06-06,6813.71,7016.04,6697.38,6898.26,3579862085
2019-06-07,6870.6,6932.12,6795.42,6856.82,6801426425
2019-06-10,6863.4,7116.18,6757.12,7007.66,10541829833
2019-06-11,7005.66,7085.81,6996.27,7076.34,4711703196
2019-06-12,7043.48,7079.92,7021.61,7058.01,4280008982
2019-06-13,7073.79,7076.64,6893.77,6896.56,7764491384
2019-06-14,6878.53,7062.3,6867.34,7050.83,7532928988
2019-06-17,7026.65,7078.52,6910.77,6962.17,5866400583
2019-06-18,6947.17,6963.36,6842.05,6858.03,5145172135
2019-06-19,6834.71,6943.89,6818.95,6927.91,5858031645
2019-06-20,6950.0,7156.36,6887.78,7092.86,15360850693
2019-06-21,7104.23,7251.55,7043.08,7189.67,4722006971
2019-06-24,7162.38,7306.8,7087.82,7231.52,5216155764
2019-06-25,7227.03,7339.26,7163.94,7275.74,3351837276
2019-06-26,7257.47,7398.49,7197.79,7338.14,5893994352
2019-06-27,7335.62,7419.92,7310.38,7394.47,5057583772
2019-06-28,7399.14,7474.19,7342.77,7417.68,6407055889
2019-07-01,7443.76,7501.68,7370.72,7428.52,5886654994
2019-07-02,7396.1,7488.29,7335.73,7427.67,3853946336
2019-07-03,7469.31,7510.19,7338.06,7378.45,4712370192
2019-07-04,7353.06,7421.47,7294.07,7362.41,5381731093
2019-07-05,7363.38,7405.44,7207.62,7249.03,8280376916
2019-07-08,7248.03,7283.13,7210.65,7245.74,3561533785
2019-07-09,7258.58,7308.18,7132.72,7181.79,4728605944
2019-07-10,7173.78,7178.35,7106.15,7110.67,3364686092
2019-07-11,7151.04,7169.46,7107.81,7126.16,2977032347
2019-07-12,7107.55,7279.8,7052.61,7223.95,7314130715
2019-07-15,7220.52,7323.08,7188.14,7290.38,3873656182
2019-07-16,7256.16,7262.87,7179.78,7186.41,6278040122
2019-07-17,7159.44,7221.84,7060.84,7122.92,3190726032
2019-07-18,7109.85,7303.5,6997.55,7189.94,7225673313
2019-07-19,7186.45,7197.52,7115.92,7126.9,5749933492
2019-07-22,7129.73,7192.75,7052.27,7115.17,3378469238
2019-07-23,7122.37,7250.14,7028.32,7155.66,4151647532
2019-07-24,7129.68,7140.87,7082.72,7093.86,8088431073
2019-07-25,7114.38,7176.75,7042.02,7104.31,3428566261
2019-07-26,7145.93,7269.49,6897.29,7018.66,5520484597
2019-07-29,7027.43,7080.05,6929.93,6982.21,6260480335
2019-07-30,7008.99,7010.61,7005.06,7006.68,5690735049
2019-07-31,6992.51,7067.78,6830.96,6905.29,8064381402
2019-08-01,6902.19,7125.57,6714.96,6937.39,2806906227
2019-08-02,6931.17,6972.48,6898.14,6939.41,3189029441
2019-08-05,6916.57,7017.59,6878.37,6979.05,8943864935
2019-08-06,6954.72,7127.83,6824.84,6997.16,6355119469
2019-08-07,6999.88,7119.64,6971.91,7091.32,5729275595
2019-08-08,7112.25,7159.17,7056.23,7103.09,3936289546
2019-08-09,7075.29,7111.43,7041.58,7077.7,3156319586
2019-08-12,7077.96,7205.62,6961.78,7089.26,2643741529
2019-08-13,7118.4,7148.07,7099.5,7129.14,6422442898
2019-08-14,7127.28,7138.13,7124.98,7135.83,6440156025
2019-08-15,7128.81,7179.16,7091.69,7141.97,2379871580
2019-08-16,7159.74,7187.94,7070.17,7098.13,3787296214
2019-08-19,7090.39,7111.04,7036.62,7057.17,4270436583
2019-08-20,7052.47,7227.93,6794.23,6967.57,7671975441
2019-08-21,6968.67,7131.84,6924.67,7087.09,5162305510
2019-08-22,7082.49,7108.01,6982.36,7007.62,4129465685
2019-08-23,7027.15,7120.79,6872.39,6965.2,3805273761
2019-08-26,6976.43,7011.16,6886.92,6921.37,5583136633
2019-08-27,6942.28,7101.79,6824.66,6983.48,4267738883
2019-08-28,7038.74,7063.93,6942.43,6967.36,4274488995
2019-08-29,6921.26,7080.6,6894.52,7053.35,8567547918
2019-08-30,7032.11,7126.71,6917.62,7011.94,4101664514
2019-09-02,7028.21,7133.43,6928.66,7033.8,3857619699
2019-09-03,7021.13,7042.78,6960.3,6981.82,5003279550
2019-09-04,7002.11,7133.41,6996.98,7128.18,9530912316
2019-09-05,7120.43,7155.6,7017.16,7051.99,6721578144
2019-09-06,7029.1,7082.54,7022.64,7076.04,3628935609
2019-09-09,7095.36,7127.95,7089.36,7121.93,4383241472
2019-09-10,7123.14,7239.73,7037.01,7153.24,4415344705
2019-09-11,7172.98,7186.31,7130.85,7144.13,5054213068
2019-09-12,7130.92,7181.18,7088.55,7138.77,2657913499
2019-09-13,7169.79,7219.9,7095.19,7145.12,3326048054
2019-09-16,7176.56,7193.89,7121.37,7138.6,4259116531
2019-09-17,7113.1,7238.79,7082.07,7207.35,6346366987
2019-09-18,7182.83,7431.39,7116.09,7362.98,6523442121
2019-09-19,7358.09,7401.19,7284.86,7327.78,2815786347
2019-09-20,7352.57,7423.07,7167.61,7236.99,3167869431
2019-09-23,7219.4,7305.19,7148.76,7234.4,4607093300
2019-09-24,7235.03,7421.52,7230.08,7416.45,7425150697
2019-09-25,7388.87,7478.43,7274.59,7363.85,5694916228
2019-09-26,7379.67,7564.75,7298.4,7482.35,12641304769
2019-09-27,7503.84,7645.76,7464.15,7605.53,6158412810
2019-09-30,7605.36,7699.16,7476.09,7569.45,3856208357
2019-10-01,7558.29,7713.33,7459.57,7613.88,2961284671
2019-10-02,7628.02,7775.61,7588.6,7735.63,9529107069
2019-10-03,7766.22,7774.85,7703.07,7711.64,2690374744
2019-10-04,7704.96,7739.11,7666.35,7700.48,3626504494
2019-10-07,7716.44,7722.93,7655.48,7661.92,3831556984
2019-10-08,7660.88,7671.53,7581.86,7592.42,3859071180
2019-10-09,7589.15,7597.77,7541.0,7549.58,4273346464
2019-10-10,7551.29,7553.69,7463.95,7466.32,4778825706
2019-10-11,7440.13,7567.39,7345.44,7472.28,2931776231
2019-10-14,7449.02,7656.1,7215.33,7421.65,3124526565
2019-10-15,7375.4,7496.26,7321.23,7441.61,3699374987
2019-10-16,7407.12,7566.06,7179.07,7336.49,3304933866
2019-10-17,7356.27,7473.36,7245.98,7362.97,5788223659
2019-10-18,7378.06,7462.79,7340.25,7424.73,7529400381
2019-10-21,7419.24,7551.85,7159.34,7289.63,3365843084
2019-10-22,7280.3,7379.01,7220.54,7318.93,3887818960
2019-10-23,7343.5,7421.77,7329.7,7407.85,8227524211
2019-10-24,7432.26,7445.02,7314.57,7327.15,6030477875
2019-10-25,7347.08,7452.22,7342.34,7447.42,6488212713
2019-10-28,7415.28,7634.46,7262.69,7480.52,3663864191
2019-10-29,7490.38,7499.86,7424.99,7434.39,6703477333
2019-10-30,7402.67,7435.83,7400.87,7434.02,4517924959
2019-10-31,7390.71,7533.35,7334.91,7476.9,4501439528
2019-11-01,7461.99,7604.87,7343.34,7485.84,2829001385
2019-11-04,7488.46,7588.54,7427.86,7527.63,3042422688
2019-11-05,7495.25,7561.21,7400.27,7465.98,5453266237
2019-11-06,7457.79,7542.4,7397.08,7481.5,4494370468
2019-11-07,7511.5,7550.67,7347.22,7385.74,5614119263
2019-11-08,7376.04,7404.11,7353.43,7381.49,3802636114
2019-11-11,7379.31,7411.75,7290.02,7322.2,2858870003
2019-11-12,7330.21,7354.51,7250.84,7274.95,3777787536
2019-11-13,7307.16,7458.51,7213.31,7363.93,6521267704
2019-11-14,7338.81,7460.85,7321.99,7443.8,4210639590
2019-11-15,7446.87,7587.9,7349.87,7490.33,3891656075
2019-11-18,7472.03,7510.12,7379.15,7416.95,8193223899
2019-11-19,7406.57,7506.77,7298.25,7398.33,3262679121
2019-11-20,7365.45,7683.21,7172.61,7487.19,3739732317
2019-11-21,7479.86,7510.93,7469.75,7500.79,2549866801
2019-11-22,7512.16,7692.21,7491.04,7670.64,8691428596
2019-11-25,7667.69,7849.2,7522.03,7702.87,2795690651
2019-11-26,7720.99,7790.61,7650.92,7720.54,2979633585
2019-11-27,7709.85,7768.91,7642.69,7701.69,1998199528
2019-11-28,7695.38,7741.0,7669.53,7715.08,5089332274
2019-11-29,7700.75,7792.31,7616.17,7707.65,2334748832
2019-12-02,7680.32,7841.05,7603.18,7763.09,6409829940
2019-12-03,7765.98,7892.04,7711.75,7837.31,4607752365
2019-12-04,7833.36,7932.8,7684.23,7783.03,5645006812
2019-12-05,7801.92,7896.15,7596.53,7689.4,4353834733
2019-12-06,7701.64,7738.84,7524.22,7560.73,5288397162
2019-12-09,7553.6,7603.59,7550.76,7600.73,4598391675
2019-12-10,7559.01,7738.97,7346.32,7525.48,6304970141
2019-12-11,7504.93,7582.77,7300.93,7377.45,6484170613
2019-12-12,7392.79,7429.95,7371.01,7408.12,2300037617
2019-12-13,7400.72,7655.55,7335.15,7588.31,9515366875
2019-12-16,7583.12,7781.16,7393.66,7591.49,2342912380
2019-12-17,7621.57,7686.32,7590.92,7655.52,5133539223
2019-12-18,7677.52,7747.13,7595.6,7665.09,4537713662
2019-12-19,7673.86,7752.6,7582.97,7661.58,4828788261
2019-12-20,7660.05,7823.47,7569.52,7732.09,4583335251
2019-12-23,7704.02,7809.26,7609.47,7714.58,4444619896
2019-12-24,7739.24,7845.27,7631.77,7737.78,3725620585
2019-12-25,7749.19,7863.54,7650.88,7765.03,2851210094
2019-12-26,7801.17,7912.31,7609.87,7719.84,5891504979
2019-12-27,7712.76,7855.64,7654.02,7796.26,5456717239
2019-12-30,7835.84,7890.99,7732.29,7787.09,3869964944
2019-12-31,7795.02,8005.75,7526.25,7735.36,4203563830
2020-01-01,7726.81,7784.21,7721.02,7778.38,5695149666
2020-01-02,7784.99,7872.15,7629.9,7716.3,4427898479
2020-01-03,7716.75,7725.22,7713.56,7722.03,2853325990
2020-01-06,7732.69,7777.45,7680.32,7725.04,5664444499
2020-01-07,7709.15,7906.45,7612.37,7808.43,6879771002
2020-01-08,7824.73,7921.89,7750.32,7847.27,3741130243
2020-01-09,7853.86,7934.23,7768.83,7849.15,1587732616
2020-01-10,7844.97,8052.37,7707.61,7913.81,5059178871
2020-01-13,7876.31,8051.9,7847.22,8022.27,4602311588
2020-01-14,8036.27,8100.07,8004.83,8068.51,4483849629
2020-01-15,8078.12,8171.57,7979.75,8073.14,2877214962
2020-01-16,8039.16,8061.71,7955.1,7977.48,5407603426
2020-01-17,7993.88,8082.78,7813.49,7901.36,7885366562
2020-01-20,7933.27,7957.29,7858.48,7882.35,3700446665
2020-01-21,7881.84,7997.83,7725.44,7840.82,5470328166
2020-01-22,7836.27,7951.86,7715.2,7830.71,3978120220
2020-01-23,7827.58,7939.66,7726.7,7838.63,2473989569
2020-01-24,7827.59,8050.62,7659.84,7881.72,4676748059
2020-01-27,7867.33,7971.32,7776.38,7880.22,2611319867
2020-01-28,7837.83,7940.4,7817.94,7920.3,4024732202
2020-01-29,7913.89,7948.33,7894.49,7928.9,2322344066
2020-01-30,7931.36,8057.8,7661.85,7785.98,10267213218
2020-01-31,7765.42,7785.61,7700.77,7720.85,5387941312
2020-02-03,7693.57,7730.66,7676.97,7714.02,5680344960
2020-02-04,7671.43,7719.17,7582.5,7629.98,8068713591
2020-02-05,7616.06,7715.72,7577.66,7677.01,2694120428
2020-02-06,7647.31,7928.23,7514.17,7792.57,6222738254
2020-02-07,7802.43,7958.56,7731.22,7886.58,5499367086
2020-02-10,7867.42,8008.44,7733.55,7874.44,3988091835
2020-02-11,7879.24,8052.84,7817.22,7989.95,7421009802
2020-02-12,7960.56,8082.04,7883.94,8004.99,7401196183
2020-02-13,8004.95,8066.39,7922.06,7983.33,5510480272
2020-02-14,7948.88,8136.9,7753.14,7940.98,4141439096
2020-02-17,7945.57,8134.55,7733.66,7922.09,4370601507
2020-02-18,7906.53,7909.63,7893.75,7896.84,2194539731
2020-02-19,7931.32,7960.95,7883.77,7913.33,3237140801
2020-02-20,7876.11,7964.02,7841.45,7929.12,4414701825
2020-02-21,7910.99,7964.34,7879.87,7933.13,2856476945
2020-02-24,7942.23,8001.11,7910.97,7969.74,2904688188
2020-02-25,7968.75,8095.78,7937.11,8063.75,3992744322
2020-02-26,8043.11,8286.56,7898.6,8140.31,4215832730
2020-02-27,8184.23,8264.29,7952.15,8030.71,6931536360
2020-02-28,8057.36,8132.83,7769.51,7842.97,8113937242
2020-03-02,7834.86,7936.65,7814.7,7916.28,4095763958
2020-03-03,7903.34,7930.03,7792.01,7818.42,9790742122
2020-03-04,7854.45,7954.14,7706.47,7805.55,3663912691
2020-03-05,7825.06,7848.46,7700.3,7723.4,4429617208
2020-03-06,7660.66,7726.87,7530.96,7596.62,5153830921
2020-03-09,7568.05,7709.81,7498.12,7639.22,4198993472
2020-03-10,7655.32,7727.58,7625.79,7697.88,5201268516
2020-03-11,7706.4,7757.7,7608.72,7659.71,4535994711
2020-03-12,7677.56,7749.43,7408.01,7478.01,7771934485
2020-03-13,7463.36,7530.33,7376.27,7443.06,3663075903
2020-03-16,7449.04,7497.79,7425.56,7474.22,5243778283
2020-03-17,7474.58,7478.41,7370.24,7374.01,6119709331
2020-03-18,7353.54,7428.44,7315.6,7390.32,2295353772
2020-03-19,7400.81,7452.25,7341.38,7392.77,2881554627
2020-03-20,7403.11,7454.57,7385.51,7436.89,5309026086
2020-03-23,7459.13,7539.65,7368.43,7448.84,5302679568
2020-03-24,7430.43,7514.38,7300.75,7384.18,7184296198
2020-03-25,7335.01,7482.67,7324.23,7471.7,3654828805
2020-03-26,7445.63,7482.68,7427.06,7464.07,3249698694
2020-03-27,7496.81,7499.24,7463.28,7465.7,3242929401
2020-03-30,7497.7,7578.11,7324.27,7403.68,7626897934
2020-03-31,7360.07,7397.25,7339.11,7376.24,4764905324
2020-04-01,7374.45,7451.76,7241.59,7318.31,8235660629
2020-04-02,7330.79,7393.82,7246.99,7309.84,5129267248
2020-04-03,7255.18,7457.35,7230.99,7432.57,5521839465
2020-04-06,7414.57,7503.33,7252.46,7340.34,5316582460
2020-04-07,7379.62,7456.73,7157.15,7232.72,10076930147
2020-04-08,7235.91,7402.31,7171.96,7337.45,4905137450
2020-04-09,7348.67,7393.86,7281.39,7326.44,4800287793
2020-04-10,7390.96,7415.49,7259.56,7283.74,3322799277
2020-04-13,7275.15,7485.05,7150.7,7359.17,3313019521
2020-04-14,7337.06,7446.56,7211.4,7320.66,3350317635
2020-04-15,7332.04,7522.75,7262.05,7451.61,5672551769
2020-04-16,7471.6,7516.54,7458.19,7503.07,3738148378
2020-04-17,7511.31,7531.18,7452.35,7472.12,2358881929
2020-04-20,7479.88,7811.59,7301.49,7629.63,8287986473
2020-04-21,7633.25,7790.82,7433.03,7589.7,5650086986
2020-04-22,7596.47,7661.69,7581.62,7646.75,7932509119
2020-04-23,7656.24,7835.01,7493.62,7672.06,7739538127
2020-04-24,7710.05,7792.62,7688.3,7770.71,4749211121
2020-04-27,7771.49,7892.5,7769.0,7889.97,3169843264
2020-04-28,7864.01,7988.36,7772.14,7896.11,4653288574
2020-04-29,7903.79,7972.72,7775.42,7843.84,5970231686
2020-04-30,7872.12,7894.69,7859.2,7881.75,4355408824
2020-05-01,7875.47,7880.03,7830.64,7835.17,5571557092
2020-05-04,7858.12,8023.12,7825.02,7989.46,4921974179
2020-05-05,8005.94,8093.92,7915.64,8003.59,3709257133
2020-05-06,8024.96,8061.38,7943.59,7979.81,3351113285
2020-05-07,8013.3,8029.35,7981.54,7997.55,6170764135
2020-05-08,7990.78,8116.43,7775.93,7900.16,8164955523
2020-05-11,7878.66,7953.43,7757.37,7831.69,2481727237
2020-05-12,7811.39,8057.37,7680.71,7924.8,5360920200
2020-05-13,7941.33,8013.62,7807.78,7879.51,4023017761
2020-05-14,7889.95,7992.9,7703.82,7805.67,3348313675
2020-05-15,7756.33,7914.81,7691.38,7849.08,2916447825
2020-05-18,7802.83,7955.48,7788.89,7941.3,3555066817
2020-05-19,7928.35,7999.43,7928.16,7999.24,8674749423
2020-05-20,7978.41,8226.88,7832.1,8078.73,6181911854
2020-05-21,8064.25,8124.67,7964.85,8024.98,2980495146
2020-05-22,8020.82,8021.81,7920.69,7921.66,5060955599
2020-05-25,7903.82,8074.23,7868.86,8038.67,4293441770
2020-05-26,8047.98,8056.76,8009.27,8018.01,2775372447
2020-05-27,7975.43,8077.12,7901.41,8002.84,3221372141
2020-05-28,7987.57,8128.69,7966.96,8107.77,4878418895
2020-05-29,8087.08,8306.95,7935.76,8154.38,9366460595
2020-06-01,8156.63,8229.3,8120.98,8193.48,5003301822
2020-06-02,8169.06,8578.48,7962.39,8366.81,5118467555
2020-06-03,8367.62,8430.78,8257.24,8320.05,2669969097
2020-06-04,8362.32,8399.19,8360.45,8397.31,5355417796
2020-06-05,8381.74,8430.44,8357.21,8405.84,4815387772
2020-06-08,8452.4,8522.2,8361.59,8431.21,7193284036
2020-06-09,8430.92,8579.91,8409.28,8557.94,8324939005
2020-06-10,8537.25,8697.39,8443.78,8603.2,3776778907
2020-06-11,8613.76,8765.59,8499.86,8651.19,5463828910
2020-06-12,8639.38,8861.5,8522.75,8743.47,3575823121
2020-06-15,8757.93,8836.64,8639.17,8717.52,3226102409
2020-06-16,8674.96,8701.06,8626.76,8652.79,5081593540
2020-06-17,8633.86,8637.69,8568.07,8571.86,4860766730
2020-06-18,8550.91,8566.33,8402.9,8418.07,4282233336
2020-06-19,8402.08,8742.37,8250.38,8587.32,6783663965
2020-06-22,8678.23,8765.96,8416.37,8502.31,3607995196
2020-06-23,8484.27,8526.78,8446.1,8488.6,3217987381
2020-06-24,8459.93,8531.46,8399.0,8470.46,3826705851
2020-06-25,8494.52,8624.46,8369.27,8499.14,4159735476
2020-06-26,8487.26,8605.19,8451.4,8568.99,4417749639
2020-06-29,8539.06,8667.91,8514.51,8643.06,4496420052
2020-06-30,8619.97,8694.07,8525.74,8599.66,2326323431
2020-07-01,8581.95,8705.23,8467.01,8590.18,5235471396
2020-07-02,8557.04,8709.35,8465.59,8617.25,2922218622
2020-07-03,8662.52,8884.32,8380.89,8601.12,3791876621
2020-07-06,8584.85,8759.4,8562.75,8736.91,7105600619
2020-07-07,8683.64,8844.7,8621.37,8781.72,2956623353
2020-07-08,8751.92,8848.99,8750.08,8847.13,4702644333
2020-07-09,8826.36,9002.67,8731.51,8906.95,6044413700
2020-07-10,8906.7,9032.86,8884.65,9010.56,7190438832
2020-07-13,9049.66,9093.15,8986.88,9030.28,3382331212
2020-07-14,8995.03,9033.68,8886.21,8924.55,4889557863
2020-07-15,8959.35,9049.05,8872.92,8962.59,5661324592
2020-07-16,8991.71,9153.04,8751.94,8911.83,2588636432
2020-07-17,8902.0,8981.95,8791.98,8871.66,5297471019
2020-07-20,8902.83,9044.12,8784.2,8925.2,2933748994
2020-07-21,8898.47,9094.93,8838.99,9034.54,3326740436
2020-07-22,9083.49,9092.08,9032.11,9040.66,8053713782
2020-07-23,9070.95,9080.21,9062.13,9071.4,4389236338
2020-07-24,9062.09,9268.89,9016.88,9222.88,6783717119
2020-07-27,9206.87,9297.99,9157.39,9248.29,3889947438
2020-07-28,9271.22,9488.52,9265.8,9482.98,5727110973
2020-07-29,9537.37,9543.24,9532.45,9538.33,6406983788
2020-07-30,9539.02,9667.72,9258.78,9385.41,6967968379
2020-07-31,9429.34,9551.74,9334.84,9456.96,2689001436
2020-08-03,9494.11,9620.51,9369.22,9495.6,3877746118
2020-08-04,9459.88,9681.21,9396.33,9616.61,4839323827
2020-08-05,9676.94,9818.37,9541.23,9682.59,4664997215
2020-08-06,9699.67,9705.29,9668.93,9674.53,4865790067
2020-08-07,9705.69,9797.5,9477.31,9567.81,4502976088
2020-08-10,9589.89,9618.45,9525.03,9553.48,3211748369
2020-08-11,9564.91,9565.4,9481.04,9481.53,6104149626
2020-08-12,9501.86,9670.77,9266.44,9434.15,4080252423
2020-08-13,9456.14,9558.43,9389.24,9491.28,7381316372
2020-08-14,9529.63,9777.39,9400.65,9646.83,9783697721
2020-08-17,9647.76,9715.71,9619.65,9687.48,5503890012
2020-08-18,9678.5,9749.36,9513.04,9583.19,6090719437
2020-08-19,9558.64,9631.5,9555.29,9628.12,6360152388
2020-08-20,9687.3,9747.62,9681.95,9742.24,3415499871
2020-08-21,9743.2,9797.45,9636.93,9690.88,6224447543
2020-08-24,9699.91,9738.66,9644.55,9683.23,2594337031
2020-08-25,9692.6,9804.74,9577.09,9689.19,2396038946
2020-08-26,9703.75,9755.36,9570.99,9622.17,3511209222
2020-08-27,9657.5,9841.4,9502.47,9685.91,2905443404
2020-08-28,9619.49,9769.7,9529.8,9679.45,2859867118
2020-08-31,9667.43,9797.04,9593.34,9722.53,4911146150
2020-09-01,9745.8,9894.17,9499.09,9645.93,4134955676
2020-09-02,9643.24,9644.41,9609.54,9610.71,2827073795
2020-09-03,9638.62,9792.78,9527.48,9681.15,5385392697
2020-09-04,9690.58,9792.33,9550.35,9651.7,4209958202
2020-09-07,9643.87,9984.57,9477.41,9815.16,6386349524
2020-09-08,9835.39,10027.48,9591.76,9782.82,6464354225
2020-09-09,9761.95,9866.89,9703.62,9808.29,4096304361
2020-09-10,9780.65,9923.2,9757.55,9899.81,4567217491
2020-09-11,9947.5,9967.97,9752.56,9772.67,3086613002
2020-09-14,9745.21,9862.72,9500.04,9616.0,4192984241
2020-09-15,9637.11,9750.82,9370.99,9482.88,8653620730
2020-09-16,9541.48,9678.14,9465.08,9601.26,6706025979
2020-09-17,9611.14,9626.18,9540.92,9555.87,6286643295
2020-09-18,9537.19,9870.68,9462.86,9794.34,7121884713
2020-09-21,9798.4,10004.62,9541.77,9746.9,2470125736
2020-09-22,9772.2,9777.39,9763.38,9768.56,3370166595
2020-09-23,9725.76,10082.99,9562.65,9916.67,8768104060
2020-09-24,9865.62,10179.52,9799.01,10111.26,15562222020
2020-09-25,10084.64,10321.63,10078.21,10315.06,4584461179
2020-09-28,10311.12,10461.45,10288.43,10438.48,5756029087
2020-09-29,10458.31,10576.4,10427.17,10545.0,4697428734
2020-09-30,10540.27,10814.54,10336.32,10609.26,2242891950
2020-10-01,10578.09,10730.49,10540.66,10692.66,5115062998
2020-10-02,10662.23,10802.34,10502.34,10642.18,5950686165
2020-10-05,10698.16,10744.52,10519.47,10565.25,4274743865
2020-10-06,10587.04,10676.02,10481.11,10569.95,3139294610
2020-10-07,10554.8,10646.83,10465.98,10557.99,3648925084
2020-10-08,10496.73,10659.05,10355.85,10517.88,4195069263
2020-10-09,10523.98,10658.55,10458.22,10592.36,7014048414
2020-10-12,10586.5,10701.45,10578.63,10693.5,6167050631
2020-10-13,10680.98,10718.17,10670.37,10707.53,4354123886
2020-10-14,10687.9,10934.13,10618.16,10863.25,5143735993
2020-10-15,10758.27,10903.84,10606.32,10751.8,5972980346
2020-10-16,10697.59,10740.94,10693.92,10737.26,4100769604
2020-10-19,10756.25,10807.42,10619.09,10669.86,2077037517
2020-10-20,10646.24,10791.71,10345.0,10488.31,7990543374
2020-10-21,10460.73,10562.82,10383.21,10485.11,4332042842
2020-10-22,10419.96,10518.44,10379.79,10478.05,5135825350
2020-10-23,10451.19,10716.45,10370.19,10634.03,5392804906
2020-10-26,10632.2,10731.84,10603.26,10702.7,5453228261
2020-10-27,10678.86,10821.91,10462.62,10604.67,4935482626
2020-10-28,10601.05,11002.16,10399.86,10797.24,9207983279
2020-10-29,10781.57,10931.95,10777.41,10927.74,5202726170
2020-10-30,10947.53,11011.76,10929.09,10993.24,6866168486
2020-11-02,11032.39,11072.07,10935.49,10974.97,2838399322
2020-11-03,10951.12,10996.53,10835.98,10881.1,5498135978
2020-11-04,10904.92,10944.06,10809.12,10848.06,3049562598
2020-11-05,10870.41,10970.18,10865.74,10965.46,2897307101
2020-11-06,10956.14,11404.73,10723.7,11167.79,3649342614
2020-11-09,11168.91,11355.16,11151.26,11337.24,5986336682
2020-11-10,11362.66,11475.28,11178.45,11290.36,4619969640
2020-11-11,11286.83,11337.64,11126.56,11176.87,8973801817
2020-11-12,11181.55,11362.72,11016.15,11197.09,3891479025
2020-11-13,11168.74,11259.58,10927.19,11016.78,3758149064
2020-11-16,11026.08,11073.08,11008.79,11055.74,6437754829
2020-11-17,11094.04,11234.97,10905.27,11045.59,7447586589
2020-11-18,11002.81,11044.38,10960.73,11002.29,3706041497
2020-11-19,11020.9,11022.45,10841.39,10842.91,5069511507
2020-11-20,10806.66,11070.38,10638.59,10900.85,2630645395
2020-11-23,10826.46,10971.37,10706.65,10851.28,4042257578
2020-11-24,10850.89,11189.19,10402.35,10737.1,3823235453
2020-11-25,10735.46,10741.62,10448.58,10454.59,8569433166
2020-11-26,10421.99,10526.1,10352.97,10456.85,5869557973
2020-11-27,10479.65,10664.57,10453.96,10638.5,5395128648
2020-11-30,10630.29,10951.04,10493.55,10811.96,6880053462
2020-12-01,10779.62,10880.21,10669.99,10770.49,5129362668
2020-12-02,10742.9,10790.56,10666.95,10714.48,3638174964
2020-12-03,10694.26,10842.42,10619.51,10767.17,4207339670
2020-12-04,10705.23,10706.84,10669.55,10671.15,3259349760
2020-12-07,10647.55,10742.72,10611.75,10706.72,5605209013
2020-12-08,10729.82,10893.96,10626.08,10789.64,8372352299
2020-12-09,10810.65,10929.73,10801.66,10920.66,4709678080
2020-12-10,10985.65,11255.05,10647.84,10915.52,3595071399
2020-12-11,10960.04,11002.41,10857.59,10899.73,3591379376
2020-12-14,10928.3,11000.06,10743.81,10814.82,4984416787
2020-12-15,10787.76,10807.5,10716.12,10735.76,2857575681
2020-12-16,10764.91,10790.33,10692.61,10717.92,3542855001
2020-12-17,10695.28,10914.87,10541.65,10760.31,3054090886
2020-12-18,10757.64,10866.07,10750.41,10858.77,6417702965
2020-12-21,10903.34,10987.83,10698.25,10781.8,8560205212
2020-12-22,10822.23,10944.44,10817.99,10940.16,4407816180
2020-12-23,10974.53,11092.53,10799.98,10917.37,5007774572
2020-12-24,10820.61,10922.06,10818.93,10920.36,2926672346
2020-12-25,10888.31,10956.47,10780.79,10848.7,4826030420
2020-12-28,10821.86,10867.2,10563.62,10608.06,5404670243
2020-12-29,10643.75,10778.72,10567.59,10702.14,4137645908
2020-12-30,10687.48,10837.57,10632.44,10782.05,5315800279
2020-12-31,10683.57,10807.63,10634.82,10758.55,5274095233
2021-01-01,10724.65,10925.19,10570.61,10770.49,2759501000
2021-01-04,10746.06,10877.03,10697.67,10828.28,4744760940
2021-01-05,10791.96,11002.03,10466.87,10674.66,9521946520
2021-01-06,10714.48,10813.93,10527.85,10626.49,4774260133
2021-01-07,10646.74,10905.44,10454.11,10711.64,4726885093
2021-01-08,10719.51,10768.33,10542.24,10590.48,6330982403
2021-01-11,10627.91,10703.11,10549.77,10624.95,4598723873
2021-01-12,10609.86,10755.81,10350.25,10494.62,13685286120
2021-01-13,10569.22,10645.79,10469.59,10546.0,6618491287
2021-01-14,10555.53,10581.06,10521.96,10547.47,3485931444
2021-01-15,10548.04,10731.34,10212.06,10392.67,8753293030
2021-01-18,10405.51,10575.72,10343.12,10512.68,7112986148
2021-01-19,10498.45,10593.95,10349.92,10444.94,3412626219
2021-01-20,10404.59,10490.13,10284.95,10370.21,3630522801
2021-01-21,10341.73,10542.38,10194.93,10394.83,4066372916
2021-01-22,10431.6,10566.14,10379.14,10513.27,8125025684
2021-01-25,10522.93,10613.85,10327.79,10417.8,4755116888
2021-01-26,10478.55,10603.44,10304.54,10428.84,2934265891
2021-01-27,10461.99,10545.7,10392.56,10476.17,3633756589
2021-01-28,10500.19,10659.54,10391.2,10550.03,7942259893
2021-01-29,10509.33,10622.29,10460.01,10572.67,3329837632
2021-02-01,10574.51,10596.6,10519.07,10541.08,3575629193
2021-02-02,10555.96,10757.5,10264.18,10463.95,8647099322
2021-02-03,10483.08,10531.74,10428.82,10477.46,4423848075
2021-02-04,10506.75,10548.46,10335.59,10376.8,5843085965
2021-02-05,10352.02,10384.38,10067.5,10099.08,7653824158
2021-02-08,10089.5,10177.52,10057.81,10145.65,4730974930
2021-02-09,10171.01,10282.51,10126.35,10237.56,7461606642
2021-02-10,10197.39,10205.35,10008.46,10016.28,6603667978
2021-02-11,9961.11,9965.5,9921.52,9925.89,7714951551
2021-02-12,9937.25,10003.11,9923.1,9988.89,6939781599
2021-02-15,10006.09,10254.05,9943.04,10189.84,6759109655
2021-02-16,10166.23,10215.47,10147.52,10196.7,5962705495
2021-02-17,10218.09,10256.46,10093.57,10131.62,2632669084
2021-02-18,10163.6,10283.53,9999.54,10118.94,3829417889
2021-02-19,10131.08,10279.41,10108.09,10256.14,11637635092
2021-02-22,10280.2,10461.46,10018.76,10198.58,3411715671
2021-02-23,10191.0,10193.03,10124.66,10126.68,4166861664
2021-02-24,10092.22,10093.28,10084.34,10085.39,5739584461
2021-02-25,10101.72,10282.96,9820.3,9999.71,4527153315
2021-02-26,10005.78,10133.36,9888.62,10016.08,2373278538
2021-03-01,9973.32,10179.91,9969.36,10175.87,7200430990
2021-03-02,10162.1,10306.24,10068.17,10211.85,4497174573
2021-03-03,10210.07,10288.95,10113.64,10192.38,2434516784
2021-03-04,10246.34,10310.98,10105.0,10169.15,9010901665
2021-03-05,10193.2,10202.49,10015.68,10024.82,3517780146
2021-03-08,10048.17,10265.62,9897.17,10113.64,4362074666
2021-03-09,10105.92,10236.11,9980.89,10111.02,3090204226
2021-03-10,10078.76,10146.6,10030.86,10098.6,5047509646
2021-03-11,10066.79,10522.85,9960.48,10412.89,6746527069
2021-03-12,10393.63,10526.65,10314.69,10447.3,2721133209
2021-03-15,10446.3,10509.57,10315.43,10378.29,3269659957
2021-03-16,10444.03,10564.31,10222.39,10341.49,3183857384
2021-03-17,10330.1,10493.09,10296.73,10459.3,4831395539
2021-03-18,10489.05,10554.23,10410.4,10475.49,3439952060
2021-03-19,10515.54,10645.57,10211.17,10339.01,5631592951
2021-03-22,10269.36,10614.72,10091.67,10434.17,5411472044
2021-03-23,10423.11,10623.09,10174.42,10373.44,4225751517
2021-03-24,10356.05,10594.95,10325.45,10563.73,6083908586
2021-03-25,10543.84,10713.24,10508.23,10677.17,7762881329
2021-03-26,10685.2,10734.47,10588.15,10637.2,5297367317
2021-03-29,10612.49,10800.34,10584.44,10771.87,4758641281
2021-03-30,10737.64,10784.1,10737.45,10783.91,3180530693
2021-03-31,10852.64,10932.47,10796.63,10876.34,2172736924
2021-04-01,10932.64,10952.28,10911.84,10931.47,4548132518
2021-04-02,10934.75,11017.13,10767.82,10849.56,3942380341
2021-04-05,10856.25,11099.64,10547.05,10788.92,3550640170
2021-04-06,10772.77,10986.86,10686.56,10899.63,8922795797
2021-04-07,10906.73,11169.02,10608.96,10870.38,3453536336
2021-04-08,10885.66,11013.81,10706.61,10834.15,6972558744
2021-04-09,10756.83,10783.44,10715.36,10741.93,6108388176
2021-04-12,10690.82,10896.47,10585.48,10790.15,4516712585
2021-04-13,10787.78,11057.41,10739.1,11007.74,5516860630
2021-04-14,10994.42,11106.11,10791.69,10902.45,3318863354
2021-04-15,10943.69,11167.98,10686.54,10910.14,4359717115
2021-04-16,10895.73,11071.7,10886.14,11061.97,5050038895
2021-04-19,11047.65,11177.88,10928.81,11058.91,1878473933
2021-04-20,11048.6,11193.36,10967.27,11111.58,5200987794
2021-04-21,11138.07,11142.52,11001.43,11005.83,7754531465
2021-04-22,11021.36,11172.71,10904.74,11055.72,4306879721
2021-04-23,11080.26,11188.94,10933.15,11041.45,6167500683
2021-04-26,11104.95,11188.22,11066.96,11150.08,3298762855
2021-04-27,11178.68,11411.46,11049.66,11281.25,6004481862
2021-04-28,11280.73,11718.16,11132.53,11566.21,6062265206
2021-04-29,11513.03,11660.12,11488.43,11635.27,3237329500
2021-04-30,11665.73,11790.25,11552.29,11676.7,4596321686
2021-05-03,11664.15,11905.17,11463.4,11703.74,2703907455
2021-05-04,11683.25,11820.7,11533.0,11670.31,2888493733
2021-05-05,11647.89,11716.76,11644.42,11713.27,6465982761
2021-05-06,11664.1,11772.05,11578.39,11686.18,2047091065
2021-05-07,11666.48,11713.98,11662.89,11710.37,2515540713
2021-05-10,11733.81,12003.8,11594.27,11862.73,5713533026
2021-05-11,11886.31,12048.47,11595.64,11756.03,3969606868
2021-05-12,11784.88,12012.55,11662.41,11889.0,6158696379
2021-05-13,11858.81,12064.07,11838.68,12043.62,6914002773
2021-05-14,12039.94,12130.9,11944.99,12035.93,5575145079
2021-05-17,11979.13,12058.29,11724.64,11802.63,5050185982
2021-05-18,11811.65,11929.09,11623.89,11740.63,4254061172
2021-05-19,11757.72,11951.6,11697.87,11891.06,4439942126
2021-05-20,11864.98,11930.51,11828.71,11894.15,2708477554
2021-05-21,11880.76,11956.5,11712.84,11787.98,4995391554
2021-05-24,11657.55,11765.12,11630.1,11737.48,3336571230
2021-05-25,11790.48,11883.07,11744.31,11836.72,3596994061
2021-05-26,11889.81,11923.07,11870.45,11903.7,3026433654
2021-05-27,11875.05,11929.32,11828.26,11882.51,3276257671
2021-05-28,11856.42,11951.64,11751.89,11847.03,9103532864
2021-05-31,11886.19,11986.56,11709.16,11808.88,4710918171
2021-06-01,11822.87,12012.78,11523.85,11711.98,6818508300
2021-06-02,11745.9,11999.32,11645.66,11897.78,7726095574
2021-06-03,11882.87,12102.95,11647.47,11867.25,2841535845
2021-06-04,11918.36,12053.68,11875.26,12010.24,3233398903
2021-06-07,12013.47,12442.08,11764.98,12189.94,5340630178
2021-06-08,12224.51,12312.29,12223.57,12311.34,4434570452
2021-06-09,12386.85,12618.85,12037.31,12267.07,3062414790
2021-06-10,12307.69,12450.29,12177.34,12319.82,3787829693
2021-06-11,12337.66,12345.49,12315.06,12322.87,4904435945
2021-06-14,12379.06,12420.34,12183.15,12223.91,2587629867
2021-06-15,12193.12,12360.48,12100.48,12267.27,6218071545
2021-06-16,12242.51,12259.9,12119.9,12137.14,6546920582
2021-06-17,12160.52,12389.65,12051.9,12279.97,4073072699
2021-06-18,12279.82,12339.25,12172.79,12232.0,4133473640
2021-06-21,12158.06,12353.03,12066.9,12261.1,4329106377
2021-06-22,12230.26,12335.49,12194.8,12299.83,3242710074
2021-06-23,12166.95,12301.95,12140.84,12275.62,3115321167
2021-06-24,12295.24,12457.9,12187.55,12349.74,3575965866
2021-06-25,12406.88,12433.57,12273.84,12300.3,5662455744
2021-06-28,12281.85,12519.84,12171.04,12407.89,5913022808
2021-06-29,12400.59,12429.6,12228.25,12256.92,6380267558
2021-06-30,12311.82,12385.32,12204.11,12277.41,3614441410
2021-07-01,12331.02,12587.73,12254.77,12510.37,9252360478
2021-07-02,12527.07,12703.57,12223.9,12398.58,6545096946
2021-07-05,12357.17,12467.38,12215.38,12325.3,3725643683
2021-07-06,12297.14,12514.44,12174.83,12391.2,4051943893
2021-07-07,12389.42,12613.85,12194.18,12418.16,3120138340
2021-07-08,12430.55,12574.7,12321.46,12465.3,2790786902
2021-07-09,12477.76,12560.01,12446.9,12529.02,6485615260
2021-07-12,12502.18,12694.57,12418.72,12610.39,6597626496
2021-07-13,12563.64,12787.57,12526.01,12749.39,5145768271
2021-07-14,12755.71,12989.11,12572.26,12804.95,4277044068
2021-07-15,12749.96,12991.14,12541.22,12781.88,2594569364
2021-07-16,12796.17,13077.44,12589.4,12869.49,4935983877
2021-07-19,12878.89,13311.09,12680.21,13108.86,5957077372
2021-07-20,13113.49,13113.72,13098.44,13098.67,2201970847
2021-07-21,13119.1,13474.67,12632.86,12984.79,5355120628
2021-07-22,13012.43,13208.34,12932.38,13127.59,5190455151
2021-07-23,13151.19,13234.21,13036.1,13118.91,4059283804
2021-07-26,13174.76,13281.46,12754.31,12858.45,7654203991
2021-07-27,12912.14,13062.64,12817.91,12968.0,5017465193
2021-07-28,12999.51,13040.71,12867.8,12908.71,3461127421
2021-07-29,12913.57,12920.55,12896.84,12903.82,2677092372
2021-07-30,12849.34,13250.67,12551.54,12950.52,2799390120
2021-08-02,12978.23,13150.62,12807.67,12980.03,2865554961
2021-08-03,13037.19,13152.96,12958.02,13073.57,4713490764
2021-08-04,13005.95,13364.6,12667.94,13026.08,5094012583
2021-08-05,13060.91,13248.39,12908.55,13095.62,4168263915
2021-08-06,13113.07,13151.16,13031.81,13069.77,4912197600
2021-08-09,13110.55,13246.93,13031.56,13167.6,3539556849
2021-08-10,13130.46,13280.88,13100.56,13250.69,4097669777
2021-08-11,13254.99,13389.55,13006.94,13140.34,10850047906
2021-08-12,13142.7,13307.89,13117.28,13282.2,5553216654
2021-08-13,13279.9,13364.6,13137.07,13221.4,6035346513
2021-08-16,13189.93,13344.27,13174.89,13329.08,3727315562
2021-08-17,13332.04,13442.04,13272.01,13381.79,5995075663
2021-08-18,13368.95,13805.35,13189.74,13622.74,6915968212
2021-08-19,13588.67,13849.87,13339.5,13600.48,3087597739
2021-08-20,13608.31,13716.63,13454.17,13562.12,3806458449
2021-08-23,13579.53,13654.94,13490.76,13566.09,5954897281
2021-08-24,13487.83,13755.58,13266.73,13533.72,4658547797
2021-08-25,13540.02,13667.19,13515.92,13642.9,4353573716
2021-08-26,13649.1,13665.15,13426.72,13442.52,5118504156
2021-08-27,13424.43,13544.76,13196.33,13315.69,5534639284
2021-08-30,13349.78,13429.74,13109.29,13188.29,4468297040
2021-08-31,13226.37,13351.38,13188.83,13313.59,7312596497
2021-09-01,13304.76,13544.94,13296.93,13536.98,6790384847
2021-09-02,13529.11,13685.62,13373.57,13530.06,4487771853
2021-09-03,13519.09,13605.88,13428.17,13514.93,3945282028
2021-09-06,13543.46,13655.14,13418.74,13530.32,3613809092
2021-09-07,13515.64,13723.97,13478.34,13686.2,5401720848
2021-09-08,13713.22,13774.64,13512.47,13573.26,4396590414
2021-09-09,13632.92,13850.09,13393.54,13610.35,3044054001
2021-09-10,13583.78,13752.46,13574.31,13742.89,4710897490
2021-09-13,13730.2,14091.32,13455.27,13814.69,4915445044
2021-09-14,13773.22,13921.0,13698.66,13846.05,3015101031
2021-09-15,13809.25,14152.95,13642.7,13984.3,2227892946
2021-09-16,14070.48,14147.1,13563.84,13638.11,8244333878
2021-09-17,13611.81,13926.77,13419.03,13732.29,4099259458
2021-09-20,13767.72,13907.82,13515.23,13654.18,5736015553
2021-09-21,13683.88,13841.99,13271.28,13426.41,10187493846
2021-09-22,13541.82,13799.46,13241.04,13497.85,3378724161
2021-09-23,13483.51,14067.08,13102.7,13680.7,4901412880
2021-09-24,13656.81,13714.16,13612.15,13669.46,4107365048
2021-09-27,13659.66,13981.82,13479.35,13799.66,7586859405
2021-09-28,13805.52,14026.17,13797.64,14018.17,7207060029
2021-09-29,13948.56,14366.43,13785.27,14200.19,6861251602
2021-09-30,14207.29,14467.51,14169.2,14428.83,8651802559
2021-10-01,14384.99,14710.89,14213.21,14537.28,2691703849
2021-10-04,14595.31,14675.46,14474.65,14554.58,3576323674
2021-10-05,14533.37,14728.14,14150.54,14342.75,3881750725
2021-10-06,14359.48,14521.05,14155.17,14316.26,2688594125
2021-10-07,14313.2,14472.46,14051.3,14209.4,4936194719
2021-10-08,14242.35,14551.2,14202.7,14510.81,9072961882
2021-10-11,14535.39,14584.09,14445.05,14493.61,3478961131
2021-10-12,14478.92,14596.12,14400.41,14517.4,3789600370
2021-10-13,14497.49,14640.3,14457.68,14600.2,3655714016
2021-10-14,14657.61,14726.16,14544.83,14613.18,5194214691
2021-10-15,14669.7,15042.87,14485.36,14856.19,5804893912
2021-10-18,14815.8,14904.8,14687.31,14776.07,4639752047
2021-10-19,14710.26,14856.79,14664.12,14810.32,4686905449
2021-10-20,14802.56,15001.79,14515.75,14713.79,6984652309
2021-10-21,14751.29,14779.27,14510.74,14538.32,2878004467
2021-10-22,14603.55,14956.77,14111.62,14461.41,4065857467
2021-10-25,14473.9,14759.34,14178.0,14463.23,2283882289
2021-10-26,14481.09,14545.51,14347.43,14411.54,3111244523
2021-10-27,14446.37,14608.31,14163.81,14324.38,6113084376
2021-10-28,14263.55,14264.81,14140.77,14142.02,7699802027
2021-10-29,14083.06,14175.87,14044.98,14137.65,5331916529
2021-11-01,14135.9,14432.67,13651.94,13944.7,11285433036
2021-11-02,13928.78,14064.73,13916.06,14051.9,4006066256
2021-11-03,14019.01,14299.88,13789.51,14069.55,4637668610
2021-11-04,14050.12,14128.68,13806.08,13883.71,7937149330
2021-11-05,13866.85,13919.55,13797.16,13849.8,5517721237
2021-11-08,13876.59,14098.25,13538.49,13758.26,3829278658
2021-11-09,13761.56,13876.89,13691.3,13806.39,4526613862
2021-11-10,13836.34,14127.23,13699.66,13989.04,5950610370
2021-11-11,13950.05,14189.4,13513.99,13749.9,5602670260
2021-11-12,13827.83,13837.91,13761.38,13771.41,4053030612
2021-11-15,13780.52,13896.39,13641.47,13757.14,3312434658
2021-11-16,13781.1,13896.26,13736.34,13851.28,6745925825
2021-11-17,13919.38,13922.76,13882.45,13885.82,5168279230
2021-11-18,13977.88,14076.76,13696.49,13794.07,5140443466
2021-11-19,13862.47,13978.24,13644.19,13759.1,7356562243
2021-11-22,13738.31,13742.85,13657.99,13662.5,4494437734
2021-11-23,13714.87,13907.39,13616.85,13808.69,6363620878
2021-11-24,13870.75,13884.86,13804.0,13818.05,3294416704
2021-11-25,13806.11,14220.34,13663.78,14075.23,7655740646
2021-11-26,14072.87,14089.85,14056.89,14073.87,3140510312
2021-11-29,14042.92,14231.78,13798.53,13986.63,3674411141
2021-11-30,14027.66,14325.19,13501.99,13794.57,2894342123
2021-12-01,13719.58,13797.13,13491.29,13567.99,4810637437
2021-12-02,13562.41,13988.07,12953.06,13372.77,4285296253
2021-12-03,13307.57,13420.99,13299.6,13412.95,4126425407
2021-12-06,13473.39,13539.95,13417.49,13484.0,6756989872
2021-12-07,13470.79,13576.58,13185.99,13290.37,10941678203
2021-12-08,13234.4,13617.88,13028.87,13409.63,4937682644
2021-12-09,13401.49,13703.56,13053.89,13354.92,3989969853
2021-12-10,13392.81,13585.93,13186.9,13379.82,5092612204
2021-12-13,13354.57,13698.93,13249.19,13591.68,5055396286
2021-12-14,13595.1,13891.22,13419.3,13713.88,3663785309
2021-12-15,13696.45,13857.71,13524.51,13685.64,3333769351
2021-12-16,13704.79,13778.52,13504.3,13577.35,5007694439
2021-12-17,13584.8,13623.95,13272.05,13310.41,5180281705
2021-12-20,13316.42,13330.44,13212.63,13226.56,2934139413
2021-12-21,13191.58,13337.98,13060.24,13206.49,3869211481
2021-12-22,13243.16,13397.37,12937.68,13090.1,5101335537
2021-12-23,13127.31,13174.9,13032.69,13080.1,4448928760
2021-12-24,13048.91,13176.82,12968.22,13095.84,1992593839
2021-12-27,13092.59,13112.76,13054.13,13074.27,5327191742
2021-12-28,13126.6,13173.73,12953.72,13000.4,3643625133
2021-12-29,12979.77,13175.61,12832.05,13027.34,4876954318
2021-12-30,13036.53,13279.01,12846.36,13088.09,2378542503
2021-12-31,13105.38,13140.39,12925.48,12960.1,4464503096
2022-01-03,12992.99,13614.43,12856.51,13472.91,9976482779
2022-01-04,13474.6,13540.57,13353.63,13419.32,9257813253
2022-01-05,13466.13,13621.46,13255.83,13410.52,4119398606
2022-01-06,13314.12,13688.94,13291.96,13666.19,5550890826
2022-01-07,13589.32,13806.51,13524.02,13740.47,3143588648
2022-01-10,13738.89,14379.29,13466.75,14099.99,10252941510
2022-01-11,14117.54,14355.45,13961.29,14198.31,3532295424
2022-01-12,14123.47,14396.35,13668.06,13937.34,4610468489
2022-01-13,13930.66,14189.15,13806.83,14064.14,3751092879
2022-01-14,14054.34,14101.98,13553.18,13599.28,9411840985
2022-01-17,13551.12,13780.32,13396.61,13624.96,4342848432
2022-01-18,13611.33,13613.23,13594.04,13595.94,5051336212
2022-01-19,13557.33,13676.5,13381.22,13499.88,4488634125
2022-01-20,13488.82,13526.76,13397.0,13434.78,5179754744
2022-01-21,13508.64,13546.62,12685.95,12721.72,8241872856
2022-01-24,12687.05,12702.58,12495.15,12510.46,7708125507
2022-01-25,12523.46,12731.12,12320.94,12528.51,3106016906
2022-01-26,12474.14,12662.73,12382.56,12570.44,3552744916
2022-01-27,12569.49,12705.81,12062.74,12194.99,10631100331
2022-01-28,12204.64,12835.62,12001.48,12625.45,8093431779
2022-01-31,12604.83,12663.73,12247.07,12304.57,6881037558
2022-02-01,12338.76,12824.35,12151.22,12632.36,7215118454
2022-02-02,12593.1,12794.3,12570.16,12771.05,6166904722
2022-02-03,12765.62,12862.89,12428.88,12524.31,8997210226
2022-02-04,12523.48,13259.08,12424.45,13155.06,7118168329
2022-02-07,13223.96,13619.73,12322.1,12702.25,11961047126
2022-02-08,12697.92,13120.14,12602.28,13022.06,6670298929
2022-02-09,13032.31,13549.87,12867.6,13380.76,6524804562
2022-02-10,13425.77,13488.97,13051.44,13113.17,11369635557
2022-02-11,13142.95,13833.14,12942.08,13624.9,9454965433
2022-02-14,13637.05,14079.1,13074.56,13512.57,4946045727
2022-02-15,13514.76,13626.45,13495.84,13607.4,3173191080
2022-02-16,13633.21,13768.2,13557.22,13691.88,5624151318
2022-02-17,13716.69,13846.53,13494.66,13623.62,3868274484
2022-02-18,13627.34,13933.65,13617.69,13923.79,7554081437
2022-02-21,13950.68,14365.57,13811.42,14223.59,13479424054
2022-02-22,14226.99,14540.9,13221.35,13519.66,3916824475
2022-02-23,13497.74,14185.52,13330.8,14012.21,7675813626
2022-02-24,13993.43,14049.19,13298.07,13351.27,14366231793
2022-02-25,13308.1,13945.61,13100.57,13731.48,9326252447
2022-02-28,13757.91,14248.47,13672.2,14160.26,7013270114
2022-03-01,14138.74,14277.05,13578.56,13712.71,9800892920
2022-03-02,13628.48,13830.93,13336.72,13537.82,5378107390
2022-03-03,13470.71,13650.23,12929.82,13104.46,12287508369
2022-03-04,13122.13,13193.6,12938.52,13009.37,6294014606
2022-03-07,12992.48,13054.81,12819.13,12880.92,10088116619
2022-03-08,12909.33,13185.54,12877.5,13153.11,7173113451
2022-03-09,13072.43,13886.61,12830.82,13634.61,8230547871
2022-03-10,13666.86,14317.61,13522.52,14167.99,13438380823
2022-03-11,14236.67,14377.19,13789.94,13927.41,4864150756
2022-03-14,13926.97,13956.61,13799.15,13828.58,4505010019
2022-03-15,13799.32,13984.04,12992.2,13168.47,8044363496
2022-03-16,13152.68,13155.31,12853.18,12855.75,21225951474
2022-03-17,12839.96,13285.77,12753.1,13196.5,5884499012
2022-03-18,13155.91,14057.93,12908.54,13798.48,11702890565
2022-03-21,13844.91,14042.53,13118.21,13308.16,10531148293
2022-03-22,13318.89,13361.94,13028.71,13070.95,5689585890
2022-03-23,13063.53,13288.01,12821.46,13045.63,3741159628
2022-03-24,13037.98,13425.03,12749.08,13134.0,6016831142
2022-03-25,13104.42,13244.34,12683.85,12820.74,9798443173
2022-03-28,12861.42,13151.73,12671.5,12960.35,4599247863
2022-03-29,12916.65,12966.84,12722.58,12772.21,6786599733
2022-03-30,12802.16,13117.07,12438.11,12751.79,2916679518
2022-03-31,12739.68,13082.29,12595.0,12935.39,9064651230
2022-04-01,12821.18,13026.59,12717.75,12922.35,2720267463
2022-04-04,12928.23,13050.32,12627.9,12748.3,4320038100
2022-04-05,12675.39,12774.05,12595.08,12693.63,4140833918
2022-04-06,12724.28,13005.57,12367.23,12646.81,7999938103
2022-04-07,12685.79,12797.73,12389.66,12499.96,10023354962
2022-04-08,12492.94,12540.07,12347.07,12393.83,6805062790
2022-04-11,12375.98,13141.29,12196.06,12952.98,9037875010
2022-04-12,12985.29,13163.18,12967.26,13144.93,7717485456
2022-04-13,13220.31,13408.59,12834.35,13019.77,4268767185
2022-04-14,12984.52,13298.92,12950.1,13263.76,15163766654
2022-04-15,13229.9,13261.93,13091.44,13123.21,6951450501
2022-04-18,13115.82,13655.04,13014.94,13550.81,11724676078
2022-04-19,13530.78,13790.14,13419.11,13677.26,2804260844
2022-04-20,13751.43,13933.49,13439.18,13619.5,6938890287
2022-04-21,13687.44,13786.1,13678.44,13777.04,5254217018
2022-04-22,13779.38,13812.92,13129.29,13161.33,11078065668
2022-04-25,13206.47,13234.89,12705.02,12732.42,9726345113
2022-04-26,12771.82,12862.81,12206.47,12294.06,10820657424
2022-04-27,12244.17,12448.92,12125.36,12329.29,4183393014
2022-04-28,12332.53,12956.67,12311.41,12934.52,11829189553
2022-04-29,12882.9,14118.25,12550.06,13762.68,7905106370
2022-05-02,13747.14,14043.72,13701.45,13997.2,7099112062
2022-05-03,14051.12,14263.25,13969.08,14180.45,3675122819
2022-05-04,14198.69,14277.74,13383.68,13458.61,15930604729
2022-05-05,13497.19,13793.25,12947.03,13237.38,6292302999
2022-05-06,13214.97,13332.64,12814.52,12929.65,6375659097
2022-05-09,12939.61,13024.4,12605.83,12688.97,4563520990
2022-05-10,12722.37,12777.83,12558.62,12613.61,5047873576
2022-05-11,12628.1,12699.91,12360.43,12431.12,9855528294
2022-05-12,12416.72,12446.03,11711.15,11738.86,10277703266
2022-05-13,11652.91,12006.02,11623.82,11976.13,6625282952
2022-05-16,11927.11,11951.66,11579.72,11603.6,6835094807
2022-05-17,11611.63,11763.14,11517.62,11668.67,4617386373
2022-05-18,11671.91,12398.43,11636.15,12360.57,19717598113
2022-05-19,12306.5,12321.68,12013.41,12028.26,13484986188
2022-05-20,12007.0,12051.46,11140.99,11182.4,11164297341
2022-05-23,11178.47,11222.73,11035.05,11078.91,8221821071
2022-05-24,11051.08,11456.02,11012.85,11416.53,11452046111
2022-05-25,11422.31,12165.4,11316.62,12053.87,15932553486
2022-05-26,12062.33,12066.87,11622.74,11627.13,13911024684
2022-05-27,11621.22,11851.62,11548.55,11777.97,8635629985
2022-05-30,11850.47,12130.72,11335.25,11609.8,3606511208
2022-05-31,11608.38,11681.17,11488.71,11561.21,4051892778
2022-06-01,11524.52,12571.59,11408.54,12446.33,17744960772
2022-06-02,12457.35,12529.38,11844.11,11912.99,10949398225
2022-06-03,11893.34,11995.85,11882.29,11984.72,3904770796
2022-06-06,12018.65,12165.06,11984.12,12130.22,4689782373
2022-06-07,12152.54,12603.04,12046.96,12494.5,8593808207
2022-06-08,12460.54,12618.27,12357.06,12514.34,2215092675
2022-06-09,12485.57,12676.29,12419.02,12609.08,4707250389
2022-06-10,12637.11,12717.59,12375.71,12455.03,5183216817
2022-06-13,12460.92,12554.34,12442.17,12535.48,4905419444
2022-06-14,12554.68,12557.71,12396.36,12399.35,4261865887
2022-06-15,12390.55,12781.14,12217.16,12604.75,4301410262
2022-06-16,12572.56,12596.21,12435.1,12458.53,6766175484
2022-06-17,12429.13,12855.35,12154.5,12577.44,5703667813
2022-06-20,12594.57,12815.67,12331.71,12552.06,2954317442
2022-06-21,12510.59,13024.65,12432.42,12943.77,11058445792
2022-06-22,12944.68,13075.07,12779.51,12909.55,3057952543
2022-06-23,12880.49,13085.23,12067.23,12262.14,6536723312
2022-06-24,12221.5,12751.79,12165.48,12693.6,12849576080
2022-06-27,12716.59,12765.06,12310.02,12357.12,12487949831
2022-06-28,12336.14,12485.27,11969.32,12115.79,6795495646
2022-06-29,12091.86,12277.78,11715.8,11898.75,5574824145
2022-06-30,11878.15,12415.86,11821.35,12356.78,10583313066
2022-07-01,12438.86,12631.86,11436.8,11617.05,9546295019
2022-07-04,11615.91,12085.17,11578.54,12046.41,17486121402
2022-07-05,12118.1,12361.87,11957.55,12200.24,7179412895
2022-07-06,12164.2,12290.95,12113.46,12239.9,4828268660
2022-07-07,12286.41,12375.3,12152.46,12241.02,2627482490
2022-07-08,12220.63,12303.4,12206.8,12289.5,3116880010
2022-07-11,12309.24,12462.87,12217.99,12371.16,6696057853
2022-07-12,12410.66,12692.87,12189.76,12470.91,10401530520
2022-07-13,12541.81,12615.41,12485.17,12558.69,4368618170
2022-07-14,12547.17,12753.09,12374.98,12580.44,5207955173
2022-07-15,12557.78,12666.57,12452.52,12561.29,4500684964
2022-07-18,12583.32,12583.7,12548.33,12548.72,3946974106
2022-07-19,12532.44,12592.55,12469.87,12529.96,4032578444
2022-07-20,12578.39,12818.94,12461.75,12701.15,4856810716
2022-07-21,12692.25,12940.51,12548.98,12796.06,5102850612
2022-07-22,12757.06,12820.2,12324.0,12385.31,5456589913
2022-07-25,12373.27,12618.45,12242.69,12486.68,5249827082
2022-07-26,12469.98,12649.75,12343.99,12523.22,3078851013
2022-07-27,12541.26,12722.19,12348.75,12529.51,5433148108
2022-07-28,12556.2,12715.2,12325.27,12483.35,5021321355
2022-07-29,12495.79,12867.31,12283.65,12652.52,7108107326
2022-08-01,12600.82,12839.38,12560.4,12798.33,4484094271
2022-08-02,12800.66,12801.83,12694.56,12695.72,8748488636
2022-08-03,12740.62,12773.94,12730.27,12763.57,3890314762
2022-08-04,12712.68,12752.3,12593.37,12632.74,4244346187
2022-08-05,12633.02,12699.6,12379.96,12445.54,8111095754
2022-08-08,12432.38,12454.92,12343.83,12366.24,8798501585
2022-08-09,12409.39,12508.42,12397.74,12496.69,4731120576
2022-08-10,12531.48,12731.21,12442.55,12641.5,5872349055
2022-08-11,12642.19,13023.94,12344.54,12724.35,6716217119
2022-08-12,12741.37,12906.28,12674.16,12838.56,3020563897
2022-08-15,12854.41,13016.26,12761.8,12923.15,5258379766
2022-08-16,12917.54,13074.44,12682.72,12838.66,5249657598
2022-08-17,12800.65,12913.03,12798.55,12910.91,2278113147
2022-08-18,12917.65,13094.13,12861.98,13037.93,4330805367
2022-08-19,13062.57,13372.39,12851.06,13159.32,4729030647
2022-08-22,13232.91,13421.78,13159.22,13347.45,3147755084
2022-08-23,13339.07,13558.9,13245.75,13464.7,7783192597
2022-08-24,13542.89,13764.51,13306.75,13528.12,4502189065
2022-08-25,13520.08,13716.22,13507.1,13703.06,5043308918
2022-08-26,13659.13,13852.41,13515.97,13708.73,3962418128
2022-08-29,13677.39,13729.93,13529.85,13582.03,11132921734
2022-08-30,13607.02,13664.04,13509.78,13566.63,5203236876
2022-08-31,13637.94,13831.79,13270.79,13462.13,2286299834
2022-09-01,13443.59,13546.94,13266.23,13369.01,5613734355
2022-09-02,13362.32,13391.54,13327.44,13356.66,3648614579
2022-09-05,13296.66,13426.71,13117.08,13246.64,6152248346
2022-09-06,13309.61,13401.94,13118.26,13209.9,3144975900
2022-09-07,13198.65,13290.09,12848.88,12938.52,10194086741
2022-09-08,12946.72,13111.76,12814.41,12979.12,3656197094
2022-09-09,13004.31,13129.27,12863.76,12988.57,2954063923
2022-09-12,12977.33,13149.64,12706.99,12877.98,7872170270
2022-09-13,12835.01,13132.74,12687.86,12983.88,3475194742
2022-09-14,12939.64,13299.42,12774.7,13132.02,6390960961
2022-09-15,13195.73,13277.02,12824.54,12904.04,5210158351
2022-09-16,12911.19,13058.81,12655.68,12802.06,5272691264
2022-09-19,12717.45,12968.02,12449.73,12699.96,4587403954
2022-09-20,12657.09,12688.34,12543.26,12574.31,3780005190
2022-09-21,12595.54,12773.52,12524.82,12702.2,5057569533
2022-09-22,12657.46,12782.33,12558.7,12683.37,3378849401
2022-09-23,12685.97,12895.02,12445.89,12654.42,4050497170
2022-09-26,12601.3,12891.88,12093.52,12378.97,9335320119
2022-09-27,12366.91,12685.02,12161.13,12477.4,6323268917
2022-09-28,12451.69,12573.97,12191.18,12312.08,6548303569
2022-09-29,12353.49,12452.14,12230.8,12329.26,5995583627
2022-09-30,12373.4,12385.28,12365.06,12376.93,3767905885
2022-10-03,12384.64,12691.82,12272.92,12578.35,7229784065
2022-10-04,12517.8,12570.81,12349.39,12401.91,4262533642
2022-10-05,12339.14,12351.79,11980.75,11993.05,12019373020
2022-10-06,12004.82,12131.48,11900.19,12026.66,2850244251
2022-10-07,12100.16,12453.02,11933.16,12283.49,7522477216
2022-10-10,12290.92,12529.82,12228.18,12466.17,7132658551
2022-10-11,12464.88,12519.72,12449.98,12504.77,5302693458
2022-10-12,12452.25,12744.33,12152.25,12444.14,4217155711
2022-10-13,12503.58,12715.88,12355.98,12567.53,4381699080
2022-10-14,12591.59,12773.31,12258.93,12438.44,8955664888
2022-10-17,12446.08,12597.79,12363.49,12514.74,5167084923
2022-10-18,12481.92,12773.88,12305.32,12595.67,4475298750
2022-10-19,12551.54,12814.86,12494.72,12757.11,5191338451
2022-10-20,12778.8,13317.93,12637.24,13172.02,11041719853
2022-10-21,13192.7,13259.61,13173.37,13240.21,3463441025
2022-10-24,13247.84,13288.84,13132.66,13173.43,4765638244
2022-10-25,13167.96,13221.22,13125.8,13179.02,3191621376
2022-10-26,13214.87,13632.17,12518.33,12926.52,7793948822
2022-10-27,12909.02,12939.13,12804.33,12834.26,4570611641
2022-10-28,12761.86,12821.4,12724.48,12783.96,2614838032
2022-10-31,12791.91,12873.38,12636.3,12717.3,4109148584
2022-11-01,12660.74,12936.83,12473.6,12748.39,3134763004
2022-11-02,12753.4,12947.27,12446.96,12639.08,6529154903
2022-11-03,12612.78,13072.68,12354.06,12809.91,5677765906
2022-11-04,12734.8,12854.02,12700.11,12819.1,3303057608
2022-11-07,12839.89,12953.01,12713.89,12826.9,4342608783
2022-11-08,12801.66,12849.73,12740.41,12788.43,5891213911
2022-11-09,12799.72,12883.87,12736.06,12820.11,4130462612
2022-11-10,12857.47,13139.15,12669.53,12949.86,3567916428
2022-11-11,12972.35,13126.41,12679.93,12832.32,4998248471
2022-11-14,12871.42,12930.01,12688.0,12746.02,4951696409
2022-11-15,12775.84,12782.54,12704.61,12711.28,3554334912
2022-11-16,12681.22,12880.13,12331.21,12527.71,7362609246
2022-11-17,12475.95,12654.83,12242.65,12420.74,4511231762
2022-11-18,12463.86,12606.23,12221.47,12362.68,4103335276
2022-11-21,12398.13,12586.58,12307.05,12494.78,7644911918
2022-11-22,12449.65,12687.05,12304.66,12540.99,4435862088
2022-11-23,12529.74,12656.69,12450.88,12577.53,4915363295
2022-11-24,12497.74,12798.79,12408.99,12708.54,4678935842
2022-11-25,12698.03,12706.06,12689.8,12697.83,2576637715
2022-11-28,12678.25,12995.02,12448.05,12763.29,5759535778
2022-11-29,12808.77,12969.67,12597.21,12757.47,2802581242
2022-11-30,12776.47,12952.79,12629.07,12805.05,5022936252
2022-12-01,12727.68,12780.75,12676.75,12729.81,3493696134
2022-12-02,12748.42,12752.2,12387.78,12391.45,10340603307
2022-12-05,12403.75,12421.64,12363.58,12381.44,3735352260
2022-12-06,12393.06,12678.13,12308.09,12591.8,6576606983
2022-12-07,12594.87,12768.0,12561.07,12733.83,6317714488
2022-12-08,12748.38,12917.64,12714.28,12883.19,8288993957
2022-12-09,12858.1,13109.04,12824.01,13074.37,7922735064
2022-12-12,13031.95,13275.8,12853.91,13096.87,4203840422
2022-12-13,13047.95,13203.42,12980.57,13135.58,3580758501
2022-12-14,13116.41,13195.9,12974.12,13053.23,6105984279
2022-12-15,13052.48,13144.7,12923.87,13015.83,3397543059
2022-12-16,13071.28,13293.41,12894.86,13116.39,5789060332
2022-12-19,13144.7,13400.2,13051.81,13306.17,5888514330
2022-12-20,13323.54,13361.79,13256.47,13294.64,2923392453
2022-12-21,13299.48,13345.2,13190.89,13236.4,3674379075
2022-12-22,13310.61,13399.67,13157.31,13245.93,2891726734
2022-12-23,13166.39,13568.3,12947.15,13346.07,4605332459
2022-12-26,13354.39,13442.95,13051.6,13138.73,6493289066
2022-12-27,13067.19,13276.69,12604.83,12810.21,8667690077
2022-12-28,12793.84,12811.17,12722.33,12739.59,2717390230
2022-12-29,12788.2,12848.48,12514.17,12573.44,6301469787
2022-12-30,12575.12,12681.69,12404.12,12510.14,2909466688
2023-01-02,12513.21,12645.6,12365.89,12498.12,2158180672
2023-01-03,12515.49,12553.12,12405.52,12442.94,3867956755
2023-01-04,12397.23,12693.52,12363.03,12658.6,7712666742
2023-01-05,12576.71,12797.11,12495.15,12714.66,3822956735
2023-01-06,12699.9,12892.44,12575.3,12767.17,7110149791
2023-01-09,12780.15,12921.95,12725.33,12866.75,4676022088
2023-01-10,12856.59,12865.36,12702.07,12710.75,5146316293
2023-01-11,12675.06,12938.91,12607.77,12870.59,4118138633
2023-01-12,12949.57,13095.02,12724.18,12868.72,4133315143
2023-01-13,12827.9,13015.71,12788.84,12976.2,5974434241
2023-01-16,12984.53,12999.67,12813.65,12828.6,4104596857
2023-01-17,12812.29,12832.82,12593.36,12613.57,5132837861
2023-01-18,12555.39,12833.72,12463.22,12740.19,6216893244
2023-01-19,12706.57,12891.47,12619.6,12803.83,3418160274
2023-01-20,12814.66,12843.24,12654.3,12682.59,4933454818
2023-01-23,12749.67,12804.94,12512.63,12567.11,4380047865
2023-01-24,12598.25,12956.08,12382.17,12737.61,9706923499
2023-01-25,12696.04,12745.91,12526.56,12575.95,5525915837
2023-01-26,12600.21,12964.96,12459.27,12821.54,4590076680
2023-01-27,12782.91,12821.28,12662.23,12700.34,5362303098
2023-01-30,12707.08,12848.65,12660.53,12801.75,4924680047
2023-01-31,12825.83,12952.38,12637.32,12763.25,3968595947
2023-02-01,12849.06,12987.15,12722.04,12860.03,5562789980
2023-02-02,12914.63,12934.42,12770.46,12790.06,7740782449
2023-02-03,12803.39,12822.0,12757.03,12775.6,2749447503
2023-02-06,12767.97,12809.49,12749.18,12790.66,3917502177
2023-02-07,12812.14,12854.78,12613.06,12655.17,5760004588
2023-02-08,12619.54,12925.67,12466.75,12771.04,4324700220
2023-02-09,12811.3,12847.46,12670.15,12706.01,3099424324
2023-02-10,12742.34,12787.88,12636.85,12682.17,3499218255
2023-02-13,12676.87,12735.23,12491.17,12548.95,5776376007
2023-02-14,12574.06,12602.79,12170.44,12198.31,5321578571
2023-02-15,12209.16,12253.52,12136.36,12180.61,4405907348
2023-02-16,12166.32,12714.4,11984.68,12527.37,13112285173
2023-02-17,12577.31,12731.71,12494.42,12648.35,6622097017
2023-02-20,12660.0,12775.65,12539.03,12654.63,3532071390
2023-02-21,12646.15,12725.26,12546.99,12625.97,3553543760
2023-02-22,12622.24,12811.24,12449.42,12638.22,4702074248
2023-02-23,12701.41,12754.63,12672.78,12725.95,3843282246
2023-02-24,12784.15,12862.67,12488.5,12565.67,5003577482
2023-02-27,12599.29,12938.43,12397.56,12734.54,5571580383
2023-02-28,12733.8,13080.39,12502.9,12847.43,5200712538
2023-03-01,12908.65,13113.03,12757.98,12961.74,4112014292
2023-03-02,12991.5,13140.09,12887.41,13035.65,6202830934
2023-03-03,12959.68,13112.93,12895.05,13047.86,3497010325
2023-03-06,13039.93,13309.25,12889.23,13157.19,6655481533
2023-03-07,13202.5,13295.69,13162.22,13255.24,5317512280
2023-03-08,13155.0,13383.1,12984.2,13211.57,4263683641
2023-03-09,13172.85,13201.03,13107.2,13135.3,2709650152
2023-03-10,13127.63,13256.57,13031.18,13159.87,4673342506
2023-03-13,13223.36,13427.91,13198.42,13402.63,4909825821
2023-03-14,13404.53,13522.63,13108.56,13225.08,7185501841
2023-03-15,13267.6,13325.51,12959.31,13016.13,6869258971
2023-03-16,13015.66,13138.45,12927.22,13049.78,3677889642
2023-03-17,13003.6,13130.57,12939.99,13066.65,3693312049
2023-03-20,13067.94,13153.5,13016.28,13101.71,5945219954
2023-03-21,13101.42,13249.15,13000.01,13147.39,4385070906
2023-03-22,13163.3,13202.22,13084.73,13123.53,2207816424
2023-03-23,13065.08,13396.92,13025.69,13356.65,9657406211
2023-03-24,13348.9,13357.03,13117.76,13125.75,8574245902
2023-03-27,13081.31,13136.55,12957.36,13012.31,4913363151
2023-03-28,12944.21,13049.97,12900.83,13006.37,2910279577
2023-03-29,13001.89,13025.75,12751.96,12775.41,4253660576
2023-03-30,12771.49,12918.58,12612.13,12759.07,3766141216
2023-03-31,12728.9,13063.14,12677.9,13011.01,7937464261
2023-04-03,12976.01,13071.19,12928.38,13023.39,4354704994
2023-04-04,13051.71,13261.75,12857.02,13066.83,5385295119
2023-04-05,13004.2,13071.91,12823.54,12890.65,9187491694
2023-04-06,12950.32,13216.38,12546.84,12810.02,4157431450
2023-04-07,12769.07,12916.5,12617.37,12764.75,2485847836
2023-04-10,12826.24,12840.01,12714.27,12727.94,3838786238
2023-04-11,12780.46,12962.56,12741.83,12923.49,5463970491
2023-04-12,13000.72,13279.68,12736.09,13014.76,4549135308
2023-04-13,13041.98,13117.31,12786.68,12860.95,5027975874
2023-04-14,12910.39,13059.7,12756.9,12906.16,5926090417
2023-04-17,12857.27,13008.75,12837.27,12988.56,3190433132
2023-04-18,12969.08,13181.08,12955.17,13166.96,5314765132
2023-04-19,13195.93,13551.74,13061.07,13414.64,10223165140
2023-04-20,13400.83,13533.58,13139.14,13270.6,6767309126
2023-04-21,13331.61,13391.34,13099.58,13158.54,5654167528
2023-04-24,13179.86,13423.44,12741.6,12981.51,8073425762
2023-04-25,12982.06,13024.06,12914.44,12956.36,5045976985
2023-04-26,12984.7,13244.6,12775.26,13034.36,4438266514
2023-04-27,12948.65,13372.2,12770.3,13190.52,3644675965
2023-04-28,13191.08,13281.0,13098.69,13188.58,4228029779
2023-05-01,13211.17,13219.68,13141.76,13150.23,3140525149
2023-05-02,13189.46,13264.7,13107.09,13182.29,5662246786
2023-05-03,13191.94,13457.57,12804.26,13067.38,5463161618
2023-05-04,13046.55,13594.2,12847.82,13390.24,7333939499
2023-05-05,13365.7,13506.08,13019.56,13157.76,8336723485
2023-05-08,13150.76,13194.98,13150.55,13194.77,4301036930
2023-05-09,13177.79,13563.53,13126.24,13510.68,4581485226
2023-05-10,13491.22,13554.9,13457.77,13521.37,3116701697
2023-05-11,13548.09,13604.57,13445.62,13501.91,4022780138
2023-05-12,13525.22,13659.86,13322.95,13456.91,3738294624
2023-05-15,13469.53,13531.88,13376.8,13439.0,4434123286
2023-05-16,13487.03,13850.53,13298.5,13659.59,5397203195
2023-05-17,13687.09,13701.05,13317.19,13330.79,10696328263
2023-05-18,13328.23,13701.76,13203.09,13574.3,4577189437
2023-05-19,13585.4,13721.11,13232.91,13366.43,6871002960
2023-05-22,13368.22,13515.09,13189.08,13335.6,4718071695
2023-05-23,13379.8,13533.84,13127.44,13280.33,3774150524
2023-05-24,13259.08,13547.06,13092.33,13378.81,3522400178
2023-05-25,13374.99,13436.26,13087.71,13147.94,5826040764
2023-05-26,13161.11,13255.04,13132.69,13226.47,4314729559
2023-05-29,13158.65,13552.2,13149.95,13543.24,8594745880
2023-05-30,13608.67,13620.81,13333.14,13345.04,4586555544
2023-05-31,13369.79,13625.35,13128.02,13383.34,4439809760
2023-06-01,13321.92,13456.26,13158.7,13292.75,7436117106
2023-06-02,13193.55,13555.66,13006.98,13366.64,3895969149
2023-06-05,13347.55,13601.75,13125.42,13379.09,3161660933
2023-06-06,13334.1,13371.81,13254.04,13291.62,2787054140
2023-06-07,13218.13,13515.68,13079.01,13374.9,4946769681
2023-06-08,13316.67,13782.24,13198.61,13661.12,5460548011
2023-06-09,13682.96,13848.96,13475.83,13641.32,3119230705
2023-06-12,13690.7,13928.4,13526.1,13762.93,5478013516
2023-06-13,13745.86,13869.6,13450.1,13572.27,6474277909
2023-06-14,13610.5,13636.17,13410.13,13435.47,3332232521
2023-06-15,13442.76,13719.27,13241.89,13517.28,3936869826
2023-06-16,13445.59,13842.76,13361.28,13756.5,6608589191
2023-06-19,13783.47,13829.25,13776.2,13821.96,4421102538
2023-06-20,13870.76,13889.15,13764.54,13782.82,2695557473
2023-06-21,13713.72,13866.54,13640.16,13792.56,2817803742
2023-06-22,13824.91,13992.56,13443.08,13608.1,5742404454
2023-06-23,13562.92,13713.34,13561.09,13711.49,4409710252
2023-06-26,13727.26,13965.06,13622.46,13859.25,3993167529
2023-06-27,13789.58,13981.73,13606.21,13798.24,3353977556
2023-06-28,13780.23,14011.35,13504.34,13734.7,2903575958
2023-06-29,13715.11,13816.21,13685.07,13786.01,3231576624
2023-06-30,13900.51,14052.84,13577.28,13727.72,3933274795
2023-07-03,13789.23,14054.75,13462.9,13727.23,4211681783
2023-07-04,13688.8,14175.85,13583.88,14068.02,9536018381
2023-07-05,13986.74,14073.36,13952.2,14038.7,6607327881
2023-07-06,14101.68,14162.88,13931.04,13991.76,5996113270
2023-07-07,14035.13,14175.62,13760.19,13899.33,3832689551
2023-07-10,13881.62,14288.97,13622.49,14027.13,5748086749
2023-07-11,14014.21,14079.05,13943.51,14008.33,5263056927
2023-07-12,13972.89,13987.77,13900.68,13915.5,5756836657
2023-07-13,13810.23,14163.59,13782.94,14135.65,7103504390
2023-07-14,14136.5,14431.62,14081.11,14375.29,8417724186
2023-07-17,14389.81,14486.56,14191.89,14287.96,2853777613
2023-07-18,14371.68,14430.18,13941.75,13998.73,5252202705
2023-07-19,13968.92,14277.35,13862.78,14169.69,5847897955
2023-07-20,14187.6,14338.42,13920.59,14070.17,6102637998
2023-07-21,13995.52,14282.93,13920.74,14207.01,7000806434
2023-07-24,14242.4,14375.9,13772.77,13903.09,8146386964
2023-07-25,13946.15,14085.5,13915.44,14054.56,9609457203
2023-07-26,14100.01,14234.39,13740.55,13872.76,5630803467
2023-07-27,13808.82,14016.34,13790.91,13998.19,4659473824
2023-07-28,13978.71,14150.18,13839.3,14010.46,2627889470
2023-07-31,13993.39,14056.2,13807.37,13869.63,5423064687
2023-08-01,13809.48,14038.72,13586.5,13815.63,4662390493
2023-08-02,13860.17,14044.62,13749.64,13933.51,5335537178
2023-08-03,13992.48,14077.38,13875.52,13960.22,3494846703
2023-08-04,13996.73,14143.87,13916.32,14063.08,5574868527
2023-08-07,14121.78,14419.04,14095.33,14392.08,7081322154
2023-08-08,14392.99,14397.71,14144.52,14149.16,4894830417
2023-08-09,14208.45,14432.5,14197.43,14421.31,7810031113
2023-08-10,14414.31,14453.19,14409.84,14448.7,4231965374
2023-08-11,14475.11,14583.64,14205.11,14312.42,4669632761
2023-08-14,14333.03,14379.58,14062.4,14108.22,4446235707
2023-08-15,14016.74,14111.76,13993.16,14088.06,4334425409
2023-08-16,14119.65,14340.3,14026.41,14246.23,4844317629
2023-08-17,14307.09,14351.3,14191.81,14235.81,5544682076
2023-08-18,14241.76,14496.41,14237.6,14492.18,9243431051
2023-08-21,14478.14,14695.43,14051.75,14265.86,9337012397
2023-08-22,14281.66,14420.93,14134.89,14274.09,2292092424
2023-08-23,14248.83,14255.94,14075.85,14082.88,6472001227
2023-08-24,14039.54,14265.7,13925.91,14151.17,2339471533
2023-08-25,14134.2,14479.18,13961.5,14304.41,5644804311
2023-08-28,14258.6,14258.92,14246.18,14246.5,2885577218
2023-08-29,14215.59,14358.5,13702.69,13841.85,9535718155
2023-08-30,13914.37,14025.09,13772.55,13883.02,5470507350
2023-08-31,13878.04,14074.77,13765.85,13961.91,7074516053
2023-09-01,13960.6,14066.68,13930.17,14036.08,4658858348
2023-09-04,14062.9,14344.29,13964.21,14244.32,5269856160
2023-09-05,14271.67,14347.73,14007.37,14082.43,6816694991
2023-09-06,14015.38,14257.47,13960.25,14201.61,4674782788
2023-09-07,14278.53,14495.05,14189.5,14405.23,4182555763
2023-09-08,14388.4,14449.78,14067.45,14127.71,10369641323
2023-09-11,14089.26,14194.1,14084.33,14189.14,5036497652
2023-09-12,14137.02,14194.23,14061.21,14118.34,3347378729
2023-09-13,14134.61,14379.71,13870.6,14115.37,3652971403
2023-09-14,14127.74,14216.69,14092.44,14181.25,4693341172
2023-09-15,14186.14,14227.59,14071.97,14113.2,5634631682
2023-09-18,14071.79,14075.05,14012.25,14015.49,3924328433
2023-09-19,14100.71,14379.76,13753.26,14030.93,4783645862
2023-09-20,14019.07,14135.44,13753.8,13868.92,4570238642
2023-09-21,13809.85,14022.87,13497.54,13709.0,5722818635
2023-09-22,13743.01,13839.89,13728.09,13824.89,4820311351
2023-09-25,13814.47,14057.36,13415.63,13655.72,4224136913
2023-09-26,13714.48,13780.07,13703.56,13769.12,2935825589
2023-09-27,13746.29,13962.26,13636.29,13851.42,4051479001
2023-09-28,13844.21,13946.67,13492.1,13592.7,7702893289
2023-09-29,13602.08,13687.2,13413.84,13498.31,5959832008
2023-10-02,13529.95,13792.37,13430.87,13692.1,6089415554
2023-10-03,13683.82,13826.88,13408.63,13550.29,5966803123
2023-10-04,13546.38,13551.88,13483.28,13488.75,4643578828
2023-10-05,13438.19,13642.14,13366.05,13569.3,6982658443
2023-10-06,13541.42,13954.93,13289.6,13700.15,5035064459
2023-10-09,13764.93,13821.69,13614.52,13670.89,2218506434
2023-10-10,13583.67,13657.27,13514.7,13588.29,4604118408
2023-10-11,13653.14,13856.63,13616.04,13819.08,6685036513
2023-10-12,13843.29,14251.59,13698.76,14104.33,6209415502
2023-10-13,14115.97,14473.03,13917.08,14271.94,3558327351
2023-10-16,14265.01,14481.13,14080.24,14295.97,5430616271
2023-10-17,14307.5,14376.2,14107.59,14175.67,5301575889
2023-10-18,14157.27,14163.64,14046.51,14052.84,5650458559
2023-10-19,14001.85,14277.47,13872.17,14146.45,6768344522
2023-10-20,14149.25,14327.31,14046.36,14223.88,7342079601
2023-10-23,14280.32,14500.79,14242.08,14462.07,6752685055
2023-10-24,14542.25,14728.94,14393.22,14579.53,6617031038
2023-10-25,14611.34,14629.02,14326.04,14343.4,5632408601
2023-10-26,14240.51,14646.32,14122.43,14525.88,4206781106
2023-10-27,14515.0,14657.14,14231.94,14372.68,5699510267
2023-10-30,14452.36,14647.0,14127.6,14320.47,5912745593
2023-10-31,14303.08,14400.26,14274.38,14371.41,5613040623
2023-11-01,14412.54,15002.47,14126.81,14710.83,14551838689
2023-11-02,14674.67,15390.38,14539.32,15249.73,6857186640
2023-11-03,15257.76,15433.85,15190.36,15365.97,4613742337
2023-11-06,15422.78,15547.59,15220.86,15345.04,2365503652
2023-11-07,15382.8,15541.59,15290.97,15449.36,4072178372
2023-11-08,15496.57,15741.45,15372.87,15616.79,3658395836
2023-11-09,15632.19,15679.33,15524.27,15571.23,3376942363
2023-11-10,15544.66,16027.34,15422.92,15902.8,10967059118
2023-11-13,15934.83,15975.8,15914.79,15955.73,5105302568
2023-11-14,15857.44,16158.27,15757.93,16057.51,5139909106
2023-11-15,16084.28,16202.48,16072.65,16190.77,4621421294
2023-11-16,16288.33,16358.44,16209.91,16279.98,2868508652
2023-11-17,16251.92,16568.05,16132.64,16447.33,4782827544
2023-11-20,16407.69,16459.72,16292.46,16344.29,5459653171
2023-11-21,16367.33,16594.95,16026.73,16252.75,4624057859
2023-11-22,16277.95,16438.52,15904.28,16062.73,10613771699
2023-11-23,16044.62,16216.02,15983.53,16154.52,3800405732
2023-11-24,16021.47,16389.3,15943.06,16309.48,5838709726
2023-11-27,16230.69,16544.79,16093.45,16406.07,5682671437
2023-11-28,16389.4,16913.54,16212.06,16732.49,10787045950
2023-11-29,16655.56,16979.34,16420.85,16743.39,3917987781
2023-11-30,16664.31,17076.95,16472.75,16882.88,5596251842
2023-12-01,16778.59,16876.07,16590.15,16687.1,7041176968
2023-12-04,16671.49,16817.63,16480.14,16625.89,6032459252
2023-12-05,16631.03,16960.08,16442.03,16769.5,4371196421
2023-12-06,16767.61,17108.67,16604.49,16943.84,6299673519
2023-12-07,16832.13,16954.3,16777.57,16899.52,5791750123
2023-12-08,16880.27,16930.01,16848.16,16897.87,4548408071
2023-12-11,16755.83,17011.3,16367.98,16621.4,7275655842
2023-12-12,16646.28,16883.77,16329.73,16566.07,4243219529
2023-12-13,16541.26,16852.59,16436.1,16746.13,3073777067
2023-12-14,16766.57,16943.72,16691.05,16867.75,6463728307
2023-12-15,16919.72,17174.83,16721.45,16975.9,3802670072
2023-12-18,16949.93,17059.23,16888.5,16997.62,3932938556
2023-12-19,16935.05,17162.85,16784.01,17011.13,2967564001
2023-12-20,17133.69,17165.38,16865.05,16896.3,3616365981
2023-12-21,16997.9,17390.59,16651.12,17042.89,4867501505
2023-12-22,17007.5,17187.76,16956.8,17136.67,4370007610
2023-12-25,17132.75,17487.44,16891.74,17244.86,7209554941
2023-12-26,17232.4,17337.71,17049.72,17154.55,2652572978
2023-12-27,17168.16,17232.38,16690.06,16752.73,7795469834
2023-12-28,16738.02,17011.37,16701.72,16974.57,6744916536
2023-12-29,16990.6,16995.5,16889.85,16894.71,4613306366
2024-01-01,16929.03,17119.21,16554.11,16742.19,5390026357
2024-01-02,16763.3,17142.83,16508.77,16886.42,7397503710
2024-01-03,16793.11,16925.65,16691.19,16823.54,6142621020
2024-01-04,16820.92,17062.15,16798.18,17039.12,6232726578
2024-01-05,17050.72,17230.24,16991.9,17171.01,4060387434
2024-01-08,17165.16,17537.65,16946.43,17316.98,4441263908
2024-01-09,17330.94,17491.24,16905.2,17063.02,6436844581
2024-01-10,17010.43,17378.72,16944.36,17311.48,3729865664
2024-01-11,17388.58,17497.36,17266.55,17375.24,3045336281
2024-01-12,17390.04,17666.45,17039.79,17315.01,4099067002
2024-01-15,17243.09,17424.57,17174.54,17355.57,5257917946
2024-01-16,17314.97,17449.27,16889.65,17021.67,9290964995
2024-01-17,16943.87,17435.18,16624.82,17112.95,4411828326
2024-01-18,17137.83,17188.09,16876.81,16926.45,4948638968
2024-01-19,16914.88,17342.89,16258.64,16680.73,5653806531
2024-01-22,16686.93,16819.92,16276.21,16406.97,7691653762
2024-01-23,16333.67,16827.28,16137.08,16627.16,5417961119
2024-01-24,16656.44,16730.85,16446.94,16520.74,4632748387
2024-01-25,16480.64,16913.82,16391.25,16822.57,10641389495
2024-01-26,16754.7,16921.01,16566.53,16732.63,3214646952
2024-01-29,16766.66,16942.19,16251.59,16423.53,4599917659
2024-01-30,16445.94,16500.38,16174.78,16228.5,5480657741
2024-01-31,16176.62,16511.91,16134.74,16469.27,7264551585
2024-02-01,16453.23,16554.13,16351.05,16451.93,3956713949
2024-02-02,16453.11,16470.07,16344.78,16361.65,3563086933
2024-02-05,16361.76,16452.21,16312.75,16403.08,2609858868
2024-02-06,16422.15,16584.82,16346.2,16508.46,3149721332
2024-02-07,16571.34,16924.41,16379.68,16730.9,4021175077
2024-02-08,16723.69,17251.19,16496.65,17020.12,7368729025
2024-02-09,17067.25,17152.01,16878.69,16962.94,4618650987
2024-02-12,16903.64,17041.26,16585.59,16721.73,3875664915
2024-02-13,16750.45,16781.93,16624.11,16655.41,5100247132
2024-02-14,16597.6,16736.3,16578.02,16716.58,3375118106
2024-02-15,16692.27,16884.63,16356.03,16546.71,5519856640
2024-02-16,16563.41,16741.58,16203.6,16379.79,4597617452
2024-02-19,16417.8,16627.76,16245.96,16455.52,3712005488
2024-02-20,16428.31,16479.04,16407.5,16458.19,2304885789
2024-02-21,16467.98,16617.35,16326.78,16476.08,4068302586
2024-02-22,16461.16,16485.62,16322.37,16346.66,6456479242
2024-02-23,16381.14,16391.55,16305.29,16315.66,2250839330
2024-02-26,16329.55,16970.06,15523.35,16157.1,3397201875
2024-02-27,16142.46,16367.38,16108.16,16332.68,8680085156
2024-02-28,16340.8,16603.49,16275.44,16537.34,7300319763
2024-02-29,16514.63,16575.49,16146.6,16206.32,9706792015
2024-03-01,16222.03,16402.06,15869.77,16047.86,3280905190
2024-03-04,16057.16,16089.9,15756.92,15789.12,10491211374
2024-03-05,15760.66,16007.31,15438.91,15684.37,5970679123
2024-03-06,15692.85,15745.48,15628.16,15680.74,2657660429
2024-03-07,15739.31,15832.3,15344.91,15436.11,6155689423
2024-03-08,15430.78,15488.7,15229.14,15286.52,3649359405
2024-03-11,15309.59,15452.56,14983.05,15124.28,10718713098
2024-03-12,15161.61,15324.77,15007.63,15170.7,2723345580
2024-03-13,15215.15,15239.09,15169.58,15193.48,2020752391
2024-03-14,15167.81,15198.9,15049.52,15080.42,3894315569
2024-03-15,15131.12,15189.41,15063.23,15121.48,3820034617
2024-03-18,15126.67,15157.75,15007.87,15038.78,4462198290
2024-03-19,15088.79,15253.15,14839.8,15003.24,4276483126
2024-03-20,14966.94,15361.99,14907.84,15301.57,6051764942
2024-03-21,15231.15,15574.41,15204.32,15547.02,3787623691
2024-03-22,15571.39,15664.94,15238.45,15330.55,4894364881
2024-03-25,15293.08,15644.3,15137.27,15486.52,4598373219
2024-03-26,15587.13,15696.18,15531.98,15640.83,7183347304
2024-03-27,15695.66,15856.51,15291.21,15449.54,4189708225
2024-03-28,15398.23,15795.53,15210.01,15604.78,7834405270
2024-03-29,15546.2,15977.59,15461.13,15890.64,5866926140
2024-04-01,15903.43,15941.38,15663.4,15700.87,6040548414
2024-04-02,15733.16,15863.46,15420.7,15549.47,4289012833
2024-04-03,15581.51,15765.78,15557.16,15741.18,4655783842
2024-04-04,15769.12,15890.96,15679.34,15801.0,3219067714
2024-04-05,15827.34,15972.7,15766.44,15911.47,8739811301
2024-04-08,15934.03,16081.22,15837.57,15984.45,5043245609
2024-04-09,15990.0,16239.32,15818.39,16066.9,4361143995
2024-04-10,16072.51,16124.2,15787.42,15838.35,6731904479
2024-04-11,15841.14,16088.97,15791.8,16039.02,3945911645
2024-04-12,16105.94,16316.79,16054.41,16264.75,6542590397
2024-04-15,16357.27,16360.7,16230.7,16234.1,2546352969
2024-04-16,16317.51,16498.54,16057.54,16237.69,3587859016
2024-04-17,16179.27,16218.52,15930.88,15969.62,7335069005
2024-04-18,15917.18,16162.01,15830.52,16074.49,4454006317
2024-04-19,16086.83,16244.98,16032.86,16190.66,3402472179
2024-04-22,16235.14,16438.4,15988.1,16190.8,3140134051
2024-04-23,16184.18,16445.77,16149.15,16410.26,4636622002
2024-04-24,16396.95,16469.66,16287.35,16359.89,6550810102
2024-04-25,16405.77,16632.7,16250.47,16476.73,5302317349
2024-04-26,16474.68,16658.76,16116.85,16298.96,7222757960
2024-04-29,16330.09,16535.57,16101.08,16306.26,7182595840
2024-04-30,16375.43,16549.31,16112.75,16285.68,3972862843
2024-05-01,16250.61,16497.15,16093.31,16339.0,5170210736
2024-05-02,16353.21,16460.23,16175.76,16282.31,6097026186
2024-05-03,16273.18,16360.85,16182.02,16269.67,3741514841
2024-05-06,16280.75,16603.73,16113.12,16434.51,3143189372
2024-05-07,16436.81,16608.9,16193.68,16365.01,3628033905
2024-05-08,16353.49,16489.94,15946.9,16081.07,8068103970
2024-05-09,16047.04,16504.91,15959.14,16415.0,5505905352
2024-05-10,16379.43,16795.68,16271.83,16686.07,6481692337
2024-05-13,16701.69,16722.36,16434.74,16455.1,7683419643
2024-05-14,16360.76,16805.75,16154.13,16596.14,4211935188
2024-05-15,16696.83,16997.62,16216.06,16513.55,7574717420
2024-05-16,16425.27,16606.79,16393.57,16574.8,2053768265
2024-05-17,16564.95,16744.26,16463.24,16642.07,6217531793
2024-05-20,16653.42,16797.94,16465.62,16609.76,2940427613
2024-05-21,16622.42,16782.12,16316.28,16474.56,6076946251
2024-05-22,16423.43,16487.79,16293.65,16357.75,5768109533
2024-05-23,16305.21,16374.65,16131.26,16200.26,4104227659
2024-05-24,16188.86,16300.32,15949.08,16059.65,8095337260
2024-05-27,16036.2,16139.36,15955.84,16058.88,3497577912
2024-05-28,16023.79,16033.95,15930.36,15940.46,3646829590
2024-05-29,15980.88,16188.45,15868.8,16075.7,5966998407
2024-05-30,16049.57,16608.69,15806.37,16360.78,10867021074
2024-05-31,16311.07,16458.02,16118.6,16265.13,2669396808
2024-06-03,16240.55,16393.76,16168.16,16321.0,4800793542
2024-06-04,16262.59,16465.53,16222.93,16425.46,4103440963
2024-06-05,16337.95,16586.79,16277.26,16525.41,3398688167
2024-06-06,16596.48,16724.41,16423.89,16551.47,3998926937
2024-06-07,16477.05,16813.97,16367.95,16703.37,7295464403
2024-06-10,16603.23,17025.63,16387.2,16806.95,3708123546
2024-06-11,16839.44,16922.93,16502.36,16584.58,4757035585
2024-06-12,16554.86,16812.0,16504.28,16760.8,5529856160
2024-06-13,16722.03,17145.21,16521.84,16942.38,7271674564
2024-06-14,16899.29,17031.39,16676.99,16808.38,6250670029
2024-06-17,16851.31,17006.67,16672.49,16827.63,2493455304
2024-06-18,16869.17,17049.71,16790.57,16970.63,5043402564
2024-06-19,16993.97,17176.43,16760.59,16942.5,3058775474
2024-06-20,17021.02,17470.12,16715.57,17162.14,6897411410
2024-06-21,17165.48,17881.07,16931.86,17640.97,10462236194
2024-06-24,17653.96,17914.84,17238.39,17496.94,4570963956
2024-06-25,17492.58,17790.76,16943.56,17237.39,7829050929
2024-06-26,17263.47,17472.92,17100.22,17309.23,3594154973
2024-06-27,17283.52,17809.13,16941.85,17463.9,4615552774
2024-06-28,17496.31,17551.06,17376.15,17430.69,6954436044
2024-07-01,17419.36,17754.87,17397.84,17732.97,6021744485
2024-07-02,17688.9,17710.9,17456.58,17478.32,6252665220
2024-07-03,17489.32,17708.25,17410.47,17628.78,5735609636
2024-07-04,17535.07,17611.12,17444.6,17520.59,5540874791
2024-07-05,17462.99,17998.26,17345.82,17878.29,5052159661
2024-07-08,17866.35,18379.22,17788.9,18299.88,4575705765
2024-07-09,18220.85,18307.95,18067.66,18154.45,5106037030
2024-07-10,18202.68,18246.09,18011.51,18054.57,7620829336
2024-07-11,18051.72,18493.4,17805.38,18244.43,4906596092
2024-07-12,18256.23,18335.42,18098.65,18177.5,3727365948
2024-07-15,18116.61,18261.28,18036.74,18181.12,4754257964
2024-07-16,18231.18,18314.9,18115.78,18199.35,3348583105
2024-07-17,18140.48,18259.63,17703.16,17820.21,8000980401
2024-07-18,17919.04,18105.36,17644.75,17830.14,2430162048
2024-07-19,17913.96,17962.98,17655.43,17703.88,5677612919
2024-07-22,17652.45,17683.46,17586.8,17617.75,2876147487
2024-07-23,17697.35,18059.31,17561.07,17921.31,5689081100
2024-07-24,17789.15,17991.78,17479.02,17680.41,4372505296
2024-07-25,17765.23,17877.24,17745.04,17856.94,6410932306
2024-07-26,17835.51,17889.92,17758.92,17813.27,3298014634
2024-07-29,17823.99,18074.54,17519.76,17769.54,2091523553
2024-07-30,17723.79,18063.16,17604.41,17942.31,4408343137
2024-07-31,17936.53,18125.96,17835.56,18024.5,4201751791
2024-08-01,17986.84,18392.92,17750.59,18154.46,8322268688
2024-08-02,18159.32,18491.28,18037.42,18367.98,5097492041
2024-08-05,18392.48,18415.18,18289.58,18312.18,4592925512
2024-08-06,18250.49,18387.94,18061.43,18198.49,9726004288
2024-08-07,18236.66,18324.93,17901.72,17988.78,3412974266
2024-08-08,17981.92,18032.2,17784.08,17833.94,5776822398
2024-08-09,17842.83,18955.95,17357.07,18453.56,6712273785
2024-08-12,18396.19,18789.97,18336.52,18729.22,4715225760
2024-08-13,18670.09,18721.18,18407.16,18457.66,5250806925
2024-08-14,18356.15,18575.21,17978.79,18195.94,8141776785
2024-08-15,18186.19,18546.0,17950.48,18308.71,5742085511
2024-08-16,18263.38,18549.21,18151.07,18435.84,5041783727
2024-08-19,18371.16,18771.72,18165.79,18564.19,4506522923
2024-08-20,18542.29,18863.53,18202.9,18523.82,3920940856
2024-08-21,18498.43,18668.91,18340.34,18510.71,2375229254
2024-08-22,18569.34,18607.26,18555.02,18592.93,3076476561
2024-08-23,18620.97,18740.32,18505.02,18624.35,5459882156
2024-08-26,18614.92,18892.87,17903.12,18174.5,8468384378
2024-08-27,18039.46,18158.67,18021.05,18140.16,4452436321
2024-08-28,18146.51,18422.21,17705.56,17978.71,3716993573
2024-08-29,18074.18,18166.92,17934.84,18027.34,5219639184
2024-08-30,18046.61,18780.77,17931.11,18661.33,7830785358
2024-09-02,18656.97,18790.25,18619.55,18752.64,5134656366
2024-09-03,18815.56,19099.47,18417.28,18699.44,2611080433
2024-09-04,18740.77,18951.78,18698.8,18909.42,6566845825
2024-09-05,19074.73,19194.76,18907.06,19026.78,3124223234
2024-09-06,19040.12,19338.52,18833.88,19131.29,8413819594
2024-09-09,19116.04,19438.35,18956.19,19277.16,6671636343
2024-09-10,19257.8,19749.59,19254.36,19746.06,9130922067
2024-09-11,19807.1,19861.08,19455.24,19508.4,8277996693
2024-09-12,19525.48,19687.73,19465.53,19627.47,4867670848
2024-09-13,19630.72,19726.74,19341.19,19436.25,5212279006
2024-09-16,19524.66,19807.26,19291.02,19573.04,3007444479
2024-09-17,19532.6,19534.56,19382.11,19384.05,4734969057
2024-09-18,19422.98,19501.16,19228.61,19306.32,4064151620
2024-09-19,19250.43,19624.0,18882.1,19255.58,5182735634
2024-09-20,19324.17,20017.67,18794.61,19483.73,6502622879
2024-09-23,19472.12,19961.08,19215.84,19701.77,2935082150
2024-09-24,19777.11,19862.22,19355.65,19439.31,7716239123
2024-09-25,19444.37,19594.32,19315.52,19465.33,3182384964
2024-09-26,19521.12,19681.05,19164.83,19323.14,3339477334
2024-09-27,19259.14,19431.28,18892.57,19062.96,3755294528
2024-09-30,19129.39,19157.4,19001.84,19029.7,3600304716
2024-10-01,19077.65,19364.91,18691.06,18976.8,6611306810
2024-10-02,18949.56,19646.31,18827.1,19520.16,9852486802
2024-10-03,19489.72,19948.62,19173.62,19630.25,3006597740
2024-10-04,19677.3,19801.55,19217.68,19339.8,6119871741
2024-10-07,19397.49,19505.76,19122.75,19230.07,5267361989
2024-10-08,19232.91,19617.58,19085.11,19467.98,3767652108
2024-10-09,19452.67,20085.57,19319.24,19948.74,6817169220
2024-10-10,19951.16,19957.71,19600.76,19607.2,8530718579
2024-10-11,19598.0,19713.85,19093.85,19207.39,8934764363
2024-10-14,19182.81,19711.92,19105.93,19633.24,7068115069
2024-10-15,19663.0,19763.51,19633.85,19734.26,3939562333
2024-10-16,19850.81,19928.31,19478.54,19554.88,6758237155
2024-10-17,19588.37,19837.59,19439.39,19687.84,4855232458
2024-10-18,19695.95,19773.07,19046.93,19121.8,12295749443
2024-10-21,19118.24,19202.33,19052.16,19136.2,4964722963
2024-10-22,19143.17,19266.02,19098.51,19221.18,4697863491
2024-10-23,19221.72,19455.76,19203.72,19437.57,4578012193
2024-10-24,19379.34,19524.91,19084.67,19229.11,3547959881
2024-10-25,19219.06,19431.0,19049.98,19261.56,3914265267
2024-10-28,19125.43,19177.32,19022.37,19074.11,8357935950
2024-10-29,19099.62,19351.08,18892.11,19143.1,7322494247
2024-10-30,19251.5,19439.66,18777.94,18963.28,3856470541
2024-10-31,18890.81,18935.91,18844.12,18889.21,4203288273
2024-11-01,18880.45,18953.36,18618.3,18690.47,6628964085
2024-11-04,18661.18,18861.09,18642.7,18842.43,4148166689
2024-11-05,18805.48,19194.73,18652.98,19040.33,7012390644
2024-11-06,18945.02,19235.67,18713.37,19003.32,5395127888
2024-11-07,19017.68,19417.14,18625.84,19025.14,4429536050
2024-11-08,19009.42,19206.55,18534.35,18728.57,6600722041
2024-11-11,18736.36,18982.59,18432.9,18678.38,4609466558
2024-11-12,18738.08,18834.8,18584.66,18681.08,2794203510
2024-11-13,18787.31,19360.88,18687.25,19258.31,8436300821
2024-11-14,19254.44,19292.96,18992.54,19030.61,4362091857
2024-11-15,19000.48,19677.38,18692.0,19363.02,4656576370
2024-11-18,19246.74,19685.45,19159.99,19597.12,4608628288
2024-11-19,19633.42,19864.09,19443.34,19673.63,3416902322
2024-11-20,19756.17,20262.52,19580.77,20084.22,8993564348
2024-11-21,20092.72,20227.02,20049.44,20183.55,2761433993
2024-11-22,20131.45,20314.43,20104.52,20287.29,5415520709
2024-11-25,20317.71,20840.44,19767.56,20289.56,1936733945
2024-11-26,20297.02,20662.09,20223.7,20587.72,6213672034
2024-11-27,20602.87,21012.63,20452.3,20860.18,3995764870
2024-11-28,20900.59,21098.08,20531.65,20727.51,3403984002
2024-11-29,20642.35,20753.45,20324.37,20434.35,10175740581
2024-12-02,20420.64,20578.75,20243.97,20401.94,4171683939
2024-12-03,20410.72,20526.11,20117.76,20232.14,5897462459
2024-12-04,20280.18,20475.0,20037.67,20232.02,3325169156
2024-12-05,20374.6,20562.67,20344.73,20532.56,8085302624
2024-12-06,20538.72,20728.05,20252.54,20440.97,3872799484
2024-12-09,20365.57,20473.31,20338.01,20445.64,3128509882
2024-12-10,20481.16,20852.19,20102.82,20473.72,1771405613
2024-12-11,20540.64,20938.1,20290.72,20686.4,4766125314
2024-12-12,20633.07,20781.06,20035.69,20180.43,6802817613
2024-12-13,20163.98,20466.15,19755.85,20056.4,2613095957
2024-12-16,20051.67,20131.61,20038.98,20118.88,5793910495
2024-12-17,20093.43,20412.02,20090.55,20409.09,8218035842
2024-12-18,20363.17,20387.76,20285.54,20310.07,6152911278
2024-12-19,20310.25,20349.59,19858.15,19896.69,7487835692
2024-12-20,19865.19,20265.99,19652.5,20051.31,4859922321
2024-12-23,20127.85,20167.03,19882.81,19921.59,4948188317
2024-12-24,19922.16,20092.47,19500.56,19668.71,7874198431
2024-12-25,19669.5,19747.69,19466.22,19543.91,4595547518
2024-12-26,19573.64,19760.45,19330.72,19517.0,3696303535
2024-12-27,19581.78,19680.08,19300.1,19397.48,3144146734
2024-12-30,19457.28,19539.49,18851.92,18931.9,8521119266
2024-12-31,18946.16,19148.28,18937.09,19139.12,5703955633
